course,activity,lo_unformatted,lo_formatted,activity_formatted,activity_type,lo_formatted_duration_removed,duration
V2L-TOC,GPSM 1.1,<b><u>GATE Learning Outcomes: 31 min duration.</u></b><br>GLO1:  Solve GATE questions based on the concept of String acceptance by a Finite Automata<br>GLO2: Design Finite Automata for Languages and Strings<br>GLO3: Apply the concept of Minimization of FA to solve GATE questions<br>GLO4: Discuss NFA with epsilon move,GATE Learning Outcomes: 31 min duration. GLO1:  Solve GATE questions based on the concept of String acceptance by a Finite Automata GLO2: Design Finite Automata for Languages and Strings GLO3: Apply the concept of Minimization of FA to solve GATE questions GLO4: Discuss NFA with epsilon move,U1S1,GPSM,GLO1:  Solve GATE questions based on the concept of String acceptance by a Finite Automata GLO2: Design Finite Automata for Languages and Strings GLO3: Apply the concept of Minimization of FA to solve GATE questions GLO4: Discuss NFA with epsilon move,31
V2L-TOC,PSM 1.1.1,<b><u>Problem Learning Outcomes: 70 min duration.</u></b><br>PLO1: Apply the concept of Finite Automata to solve PYQs<br>PLO2: Verify whether a given String is accepted by a Finite Automata<br>PLO3: Apply the concept of Finite Automata  and design a Finite Automata for a Language or a String,Problem Learning Outcomes: 70 min duration. PLO1: Apply the concept of Finite Automata to solve PYQs PLO2: Verify whether a given String is accepted by a Finite Automata PLO3: Apply the concept of Finite Automata  and design a Finite Automata for a Language or a String,U1S1T1,PSM,PLO1: Apply the concept of Finite Automata to solve PYQs PLO2: Verify whether a given String is accepted by a Finite Automata PLO3: Apply the concept of Finite Automata  and design a Finite Automata for a Language or a String,70
V2L-TOC,ALM 1.1.1-1               DBST,<b><u>Active Learning Outcomes: 18 min duration.</u></b><br>ALO 1.1.1-1: Describe and classify Finite Automata.,Active Learning Outcomes: 18 min duration. ALO 1.1.1-1: Describe and classify Finite Automata.,U1S1T1-1,ALM,ALO 1.1.1-1: Describe and classify Finite Automata.,18
V2L-TOC,ALM 1.1.1-2             DBST,<b><u>Active Learning Outcomes: 15 min duration.</u></b><br>ALO 1.1.1-2: Representation of Finite Automata.,Active Learning Outcomes: 15 min duration. ALO 1.1.1-2: Representation of Finite Automata.,U1S1T1-2,ALM,ALO 1.1.1-2: Representation of Finite Automata.,15
V2L-TOC,ALM 1.1.1-3                    DBST,<b><u>Active Learning Outcomes: 5 min duration.</u></b><br>ALO 1.1.1-3: Differentiate between DFA and NFA.,Active Learning Outcomes: 5 min duration. ALO 1.1.1-3: Differentiate between DFA and NFA.,U1S1T1-3,ALM,ALO 1.1.1-3: Differentiate between DFA and NFA.,5
V2L-TOC,ALM 1.1.1-4             DBST,<b><u>Active Learning Outcomes: 20 min duration.</u></b><br>ALO 1.1.1-4: Explain String acceptance by a Finite Automata.,Active Learning Outcomes: 20 min duration. ALO 1.1.1-4: Explain String acceptance by a Finite Automata.,U1S1T1-4,ALM,ALO 1.1.1-4: Explain String acceptance by a Finite Automata.,20
V2L-TOC,ALM 1.1.1-5            DBST,<b><u>Active Learning Outcomes: 69 min duration.</u></b><br>ALO 1.1.1-5: Design Finite Automata for Languages and Strings.,Active Learning Outcomes: 69 min duration. ALO 1.1.1-5: Design Finite Automata for Languages and Strings.,U1S1T1-5,ALM,ALO 1.1.1-5: Design Finite Automata for Languages and Strings.,69
V2L-TOC,PSM 1.1.2,<b><u>Problem Learning Outcomes: 64 min duration.</u></b><br>PLO1: Apply the concept of NFA to DFA conversion to solve PYQs<br>PLO2: Explain the subset construction and Epsilon-closure algorithm to convert NFA into DFA<br>PLO3: Convert NFA with Epsilon transition to DFA,Problem Learning Outcomes: 64 min duration. PLO1: Apply the concept of NFA to DFA conversion to solve PYQs PLO2: Explain the subset construction and Epsilon-closure algorithm to convert NFA into DFA PLO3: Convert NFA with Epsilon transition to DFA,U1S1T2,PSM,PLO1: Apply the concept of NFA to DFA conversion to solve PYQs PLO2: Explain the subset construction and Epsilon-closure algorithm to convert NFA into DFA PLO3: Convert NFA with Epsilon transition to DFA,64
V2L-TOC,ALM 1.1.2-1               DBST,<b><u>Active Learning Outcomes: 9 min duration.</u></b><br>ALO 1.1.2-1: Describe NFA with and without Epsilon Transition.,Active Learning Outcomes: 9 min duration. ALO 1.1.2-1: Describe NFA with and without Epsilon Transition.,U1S1T2-1,ALM,ALO 1.1.2-1: Describe NFA with and without Epsilon Transition.,9
V2L-TOC,ALM 1.1.2-2                     DBST,<b><u>Active Learning Outcomes: 44 min duration.</u></b><br>ALO 1.1.2-2: Convert NFA to DFA.,Active Learning Outcomes: 44 min duration. ALO 1.1.2-2: Convert NFA to DFA.,U1S1T2-2,ALM,ALO 1.1.2-2: Convert NFA to DFA.,44
V2L-TOC,ALM 1.1.2-3              DBST,<b><u>Active Learning Outcomes: 27 min duration.</u></b><br>ALO 1.1.2-3: Convert NFA with Epsilon transition to DFA.,Active Learning Outcomes: 27 min duration. ALO 1.1.2-3: Convert NFA with Epsilon transition to DFA.,U1S1T2-3,ALM,ALO 1.1.2-3: Convert NFA with Epsilon transition to DFA.,27
V2L-TOC,PSM 1.1.3,<b><u>Problem Learning Outcomes: 26 min duration.</u></b><br>PLO1: State and apply Myhill-Nerode theorem to solve PYQs<br>PLO2: Apply Minimization of Finite Automata technique to solve PYQs<br>PLO3: Verify equivalence of NFA and DFA,Problem Learning Outcomes: 26 min duration. PLO1: State and apply Myhill-Nerode theorem to solve PYQs PLO2: Apply Minimization of Finite Automata technique to solve PYQs PLO3: Verify equivalence of NFA and DFA,U1S1T3,PSM,PLO1: State and apply Myhill-Nerode theorem to solve PYQs PLO2: Apply Minimization of Finite Automata technique to solve PYQs PLO3: Verify equivalence of NFA and DFA,26
V2L-TOC,ALM 1.1.3-1             DBST,<b><u>Active Learning Outcomes: 30 min duration.</u></b><br>ALO 1.1.3-1: Describe Minimization of Finite Automata.,Active Learning Outcomes: 30 min duration. ALO 1.1.3-1: Describe Minimization of Finite Automata.,U1S1T3-1,ALM,ALO 1.1.3-1: Describe Minimization of Finite Automata.,30
V2L-TOC,ALM 1.1.3-2          DBST,<b><u>Active Learning Outcomes: 26 min duration.</u></b><br>ALO 1.1.3-2: Explain Myhill-Nerode Theoem.,Active Learning Outcomes: 26 min duration. ALO 1.1.3-2: Explain Myhill-Nerode Theoem.,U1S1T3-2,ALM,ALO 1.1.3-2: Explain Myhill-Nerode Theoem.,26
V2L-TOC,ALM 1.1.3-3                 DBST,<b><u>Active Learning Outcomes: 17 min duration.</u></b><br>ALO 1.1.3-3: State and prove Equivalence of NFA and DFA.,Active Learning Outcomes: 17 min duration. ALO 1.1.3-3: State and prove Equivalence of NFA and DFA.,U1S1T3-3,ALM,ALO 1.1.3-3: State and prove Equivalence of NFA and DFA.,17
V2L-TOC,GPSM 1.2,<b><u>GATE Learning Outcomes: 19 min duration.</u></b><br>GLO1:  Apply the concept of Mealy and Moore Machine<br>GLO2: Design Mealy Machine and Moore Machine,GATE Learning Outcomes: 19 min duration. GLO1:  Apply the concept of Mealy and Moore Machine GLO2: Design Mealy Machine and Moore Machine,U1S2,GPSM,GLO1:  Apply the concept of Mealy and Moore Machine GLO2: Design Mealy Machine and Moore Machine,19
V2L-TOC,PSM 1.2.1,<b><u>Problem Learning Outcomes: 52 min duration.</u></b><br>PLO1: Solve PYQs based on the concept of Mealy machine<br>PLO2: Solve PYQs based on the concept of Moore machine,Problem Learning Outcomes: 52 min duration. PLO1: Solve PYQs based on the concept of Mealy machine PLO2: Solve PYQs based on the concept of Moore machine,U1S2T1,PSM,PLO1: Solve PYQs based on the concept of Mealy machine PLO2: Solve PYQs based on the concept of Moore machine,52
V2L-TOC,ALM 1.2.1-1        DBST,<b><u>Active Learning Outcomes: 24 min duration.</u></b><br>ALO 1.2.1-1: Describe Finite Automata with output i.e. Mealy Machine and Moore Machine.,Active Learning Outcomes: 24 min duration. ALO 1.2.1-1: Describe Finite Automata with output i.e. Mealy Machine and Moore Machine.,U1S2T1-1,ALM,ALO 1.2.1-1: Describe Finite Automata with output i.e. Mealy Machine and Moore Machine.,24
V2L-TOC,ALM 1.2.1-2                       DBST,<b><u>Active Learning Outcomes: 24 min duration.</u></b><br>ALO 1.2.1-2: Design Mealy Machine and Moore Machine.,Active Learning Outcomes: 24 min duration. ALO 1.2.1-2: Design Mealy Machine and Moore Machine.,U1S2T1-2,ALM,ALO 1.2.1-2: Design Mealy Machine and Moore Machine.,24
V2L-TOC,ALM 1.2.1-3         DBST,<b><u>Active Learning Outcomes: 6 min duration.</u></b><br>ALO 1.2.1-3: Differentiate between Mealy Machine and Moore Machine.,Active Learning Outcomes: 6 min duration. ALO 1.2.1-3: Differentiate between Mealy Machine and Moore Machine.,U1S2T1-3,ALM,ALO 1.2.1-3: Differentiate between Mealy Machine and Moore Machine.,6
V2L-TOC,PSM 1.2.2,<b><u>Problem Learning Outcomes: 26 min duration.</u></b><br>PLO1: Apply the method of converting a Mealy machine into Moore machine<br>PLO2: Apply the method of converting a Moore machine into Mealy machine,Problem Learning Outcomes: 26 min duration. PLO1: Apply the method of converting a Mealy machine into Moore machine PLO2: Apply the method of converting a Moore machine into Mealy machine,U1S2T2,PSM,PLO1: Apply the method of converting a Mealy machine into Moore machine PLO2: Apply the method of converting a Moore machine into Mealy machine,26
V2L-TOC,ALM 1.2.2-1                          DBST,<b><u>Active Learning Outcomes: 30 min duration.</u></b><br>ALO 1.2.2-1: Convert Mealy Machine to Moore Machine and vice-versa.,Active Learning Outcomes: 30 min duration. ALO 1.2.2-1: Convert Mealy Machine to Moore Machine and vice-versa.,U1S2T2-1,ALM,ALO 1.2.2-1: Convert Mealy Machine to Moore Machine and vice-versa.,30
V2L-TOC,PSM 1.2.3,<b><u>Problem Learning Outcomes: 4 min duration.</u></b><br>PLO1: Write short note on Two-way Finite Automata<br>PLO2: Write Applications and Limitations of Finite Automata,Problem Learning Outcomes: 4 min duration. PLO1: Write short note on Two-way Finite Automata PLO2: Write Applications and Limitations of Finite Automata,U1S2T3,PSM,PLO1: Write short note on Two-way Finite Automata PLO2: Write Applications and Limitations of Finite Automata,4
V2L-TOC,ALM 1.2.3-1      DBST,<b><u>Active Learning Outcomes: 17 min duration.</u></b><br>ALO 1.2.3-1: Explain Two-way Finite Automata.,Active Learning Outcomes: 17 min duration. ALO 1.2.3-1: Explain Two-way Finite Automata.,U1S2T3-1,ALM,ALO 1.2.3-1: Explain Two-way Finite Automata.,17
V2L-TOC,ALM 1.2.3-2    DBST,<b><u>Active Learning Outcomes: 27 min duration.</u></b><br>ALO 1.2.3-2: Describe the Applications and Limitations of Finite Automata.,Active Learning Outcomes: 27 min duration. ALO 1.2.3-2: Describe the Applications and Limitations of Finite Automata.,U1S2T3-2,ALM,ALO 1.2.3-2: Describe the Applications and Limitations of Finite Automata.,27
V2L-TOC,GPSM 2.1,<b><u>GATE Learning Outcomes: 37 min duration.</u></b><br>GLO1:  Apply the properties of Regular Expressions<br>GLO2: Convert FA to RE and vice-versa,GATE Learning Outcomes: 37 min duration. GLO1:  Apply the properties of Regular Expressions GLO2: Convert FA to RE and vice-versa,U2S1,GPSM,GLO1:  Apply the properties of Regular Expressions GLO2: Convert FA to RE and vice-versa,37
V2L-TOC,PSM 2.1.1,<b><u>Problem Learning Outcomes: 37 min duration.</u></b><br>PLO1: State and prove Arden’s theorem<br>PLO2: Write Regular Expressions for the given Sets,Problem Learning Outcomes: 37 min duration. PLO1: State and prove Arden’s theorem PLO2: Write Regular Expressions for the given Sets,U2S1T1,PSM,PLO1: State and prove Arden’s theorem PLO2: Write Regular Expressions for the given Sets,37
V2L-TOC,ALM 2.1.1-1 and 2            DBST,"<b><u>Active Learning Outcomes: 27 min duration.</u></b><br>ALO 2.1.1-1: Describe Regular Expression, Operators and Identities used in RE.<br>ALO 2.1.1-2: Describe Precedence of Regular Expression Operator","Active Learning Outcomes: 27 min duration. ALO 2.1.1-1: Describe Regular Expression, Operators and Identities used in RE. ALO 2.1.1-2: Describe Precedence of Regular Expression Operator",U2S1T1-12,ALM,"ALO 2.1.1-1: Describe Regular Expression, Operators and Identities used in RE. ALO 2.1.1-2: Describe Precedence of Regular Expression Operator",27
V2L-TOC,ALM 2.1.1-3            DBST,<b><u>Active Learning Outcomes: 19 min duration.</u></b><br>ALO 2.1.1-3: State and apply Kleen's Theorem and Arden's Theorem.,Active Learning Outcomes: 19 min duration. ALO 2.1.1-3: State and apply Kleen's Theorem and Arden's Theorem.,U2S1T1-3,ALM,ALO 2.1.1-3: State and apply Kleen's Theorem and Arden's Theorem.,19
V2L-TOC,ALM 2.1.1-4                 DBST,<b><u>Active Learning Outcomes: 11 min duration.</u></b><br>ALO 2.1.1-4: Design RE for the given Sets.,Active Learning Outcomes: 11 min duration. ALO 2.1.1-4: Design RE for the given Sets.,U2S1T1-4,ALM,ALO 2.1.1-4: Design RE for the given Sets.,11
V2L-TOC,PSM 2.1.2,<b><u>Problem Learning Outcomes: 30 min duration.</u></b><br>PLO1: Describe the Procedure to Eliminate Epsilon Move from FA<br>PLO2: Apply the Algebraic Law using Arden’s Theorem to find the Regular Expression for a given FA<br>PLO3: Find Regular Expression for a given Finite Automata,Problem Learning Outcomes: 30 min duration. PLO1: Describe the Procedure to Eliminate Epsilon Move from FA PLO2: Apply the Algebraic Law using Arden’s Theorem to find the Regular Expression for a given FA PLO3: Find Regular Expression for a given Finite Automata,U2S1T2,PSM,PLO1: Describe the Procedure to Eliminate Epsilon Move from FA PLO2: Apply the Algebraic Law using Arden’s Theorem to find the Regular Expression for a given FA PLO3: Find Regular Expression for a given Finite Automata,30
V2L-TOC,ALM 2.1.2-1                DBST,<b><u>Active Learning Outcomes: 31 min duration.</u></b><br>ALO 2.1.2-1: Explain the Procedure to Eliminate Epsilon Move from FA.,Active Learning Outcomes: 31 min duration. ALO 2.1.2-1: Explain the Procedure to Eliminate Epsilon Move from FA.,U2S1T2-1,ALM,ALO 2.1.2-1: Explain the Procedure to Eliminate Epsilon Move from FA.,31
V2L-TOC,ALM 2.1.2-2                   DBST,<b><u>Active Learning Outcomes: 11 min duration.</u></b><br>ALO 2.1.2-2: Explain Algebraic Law using Arden's Theorem to find the Regular Expression for a given FA.,Active Learning Outcomes: 11 min duration. ALO 2.1.2-2: Explain Algebraic Law using Arden's Theorem to find the Regular Expression for a given FA.,U2S1T2-2,ALM,ALO 2.1.2-2: Explain Algebraic Law using Arden's Theorem to find the Regular Expression for a given FA.,11
V2L-TOC,ALM 2.1.2-3          DBST,<b><u>Active Learning Outcomes: 32 min duration.</u></b><br>ALO 2.1.2-3: Convert Finite Automata to Regular Expression.,Active Learning Outcomes: 32 min duration. ALO 2.1.2-3: Convert Finite Automata to Regular Expression.,U2S1T2-3,ALM,ALO 2.1.2-3: Convert Finite Automata to Regular Expression.,32
V2L-TOC,PSM 2.1.3,<b><u>Problem Learning Outcomes: 50 min duration.</u></b><br>PLO1: Write the rules for designing a FA for the given RE<br>PLO2: Apply the rules for designing a FA for the given Regular Expression<br>PLO3: Verify Equivalence of two Regular Expressions,Problem Learning Outcomes: 50 min duration. PLO1: Write the rules for designing a FA for the given RE PLO2: Apply the rules for designing a FA for the given Regular Expression PLO3: Verify Equivalence of two Regular Expressions,U2S1T3,PSM,PLO1: Write the rules for designing a FA for the given RE PLO2: Apply the rules for designing a FA for the given Regular Expression PLO3: Verify Equivalence of two Regular Expressions,50
V2L-TOC,ALM 2.1.3-1                 DBST,<b><u>Active Learning Outcomes: 15 min duration.</u></b><br>ALO 2.1.3-1: Explain the rules for designing a FA for the given RE.,Active Learning Outcomes: 15 min duration. ALO 2.1.3-1: Explain the rules for designing a FA for the given RE.,U2S1T3-1,ALM,ALO 2.1.3-1: Explain the rules for designing a FA for the given RE.,15
V2L-TOC,ALM 2.1.3-2                 DBST,<b><u>Active Learning Outcomes: 25 min duration.</u></b><br>ALO 2.1.3-2: Design FA for the given Regular Expression.,Active Learning Outcomes: 25 min duration. ALO 2.1.3-2: Design FA for the given Regular Expression.,U2S1T3-2,ALM,ALO 2.1.3-2: Design FA for the given Regular Expression.,25
V2L-TOC,ALM 2.1.3-3                 DBST,<b><u>Active Learning Outcomes: 13 min duration.</u></b><br>ALO 2.1.3-3: Explain Equivalence of two Finite Automata's.,Active Learning Outcomes: 13 min duration. ALO 2.1.3-3: Explain Equivalence of two Finite Automata's.,U2S1T3-3,ALM,ALO 2.1.3-3: Explain Equivalence of two Finite Automata's.,13
V2L-TOC,ALM 2.1.3-4             DBST,<b><span><u>Active Learning Outcomes: 18 min duration.</u></span></b><br>ALO 2.1.3-4: Explain Equivalence of two Regular Expressions.,Active Learning Outcomes: 18 min duration. ALO 2.1.3-4: Explain Equivalence of two Regular Expressions.,U2S1T3-4,ALM,ALO 2.1.3-4: Explain Equivalence of two Regular Expressions.,18
V2L-TOC,GPSM 2.2,<b><u>GATE Learning Outcomes: 49 min duration.</u></b><br>GLO1:  Apply the concept of Language generated by a Grammar and vice-versa<br>GLO2: Analyse the given Language and identify the type of Grammar,GATE Learning Outcomes: 49 min duration. GLO1:  Apply the concept of Language generated by a Grammar and vice-versa GLO2: Analyse the given Language and identify the type of Grammar,U2S2,GPSM,GLO1:  Apply the concept of Language generated by a Grammar and vice-versa GLO2: Analyse the given Language and identify the type of Grammar,49
V2L-TOC,PSM 2.2.1,"<b><u>Problem Learning Outcomes: 15 min duration.</u></b><br>PLO1: Discuss Chomsky Classification of Languages<br>PLO2: Recognize Type0, Type1, Type2, and Type3 Grammars","Problem Learning Outcomes: 15 min duration. PLO1: Discuss Chomsky Classification of Languages PLO2: Recognize Type0, Type1, Type2, and Type3 Grammars",U2S2T1,PSM,"PLO1: Discuss Chomsky Classification of Languages PLO2: Recognize Type0, Type1, Type2, and Type3 Grammars",15
V2L-TOC,ALM 2.2.1-1                DBST,<b><u>Active Learning Outcomes: 14 min duration.</u></b><br>ALO 2.2.1-1: Explain Chomsky Classification of Languages.,Active Learning Outcomes: 14 min duration. ALO 2.2.1-1: Explain Chomsky Classification of Languages.,U2S2T1-1,ALM,ALO 2.2.1-1: Explain Chomsky Classification of Languages.,14
V2L-TOC,ALM 2.2.1-2                   DBST,"<b><u>Active Learning Outcomes: 19 min duration.</u></b><br>ALO 2.2.1-2: Describe Type0,Type1,Type2, and Type3 Grammars.","Active Learning Outcomes: 19 min duration. ALO 2.2.1-2: Describe Type0,Type1,Type2, and Type3 Grammars.",U2S2T1-2,ALM,"ALO 2.2.1-2: Describe Type0,Type1,Type2, and Type3 Grammars.",19
V2L-TOC,ALM 2.2.1-3                     DBST,"<b><u>Active Learning Outcomes: 6 min duration.</u></b><br>ALO 2.2.1-3: Identify Type0, Type1, Type2 and Type3 Grammars.","Active Learning Outcomes: 6 min duration. ALO 2.2.1-3: Identify Type0, Type1, Type2 and Type3 Grammars.",U2S2T1-3,ALM,"ALO 2.2.1-3: Identify Type0, Type1, Type2 and Type3 Grammars.",6
V2L-TOC,PSM 2.2.2,<b><u>Problem Learning Outcomes: 30 min duration.</u></b><br>PLO1: Find Language for a given Grammar<br>PLO2: Find equivalent Grammar for a given Language,Problem Learning Outcomes: 30 min duration. PLO1: Find Language for a given Grammar PLO2: Find equivalent Grammar for a given Language,U2S2T2,PSM,PLO1: Find Language for a given Grammar PLO2: Find equivalent Grammar for a given Language,30
V2L-TOC,ALM 2.2.2-1                DBST,<b><u>Active Learning Outcomes: 12 min duration.</u></b><br>ALO 2.2.2-1: Define Grammar.,Active Learning Outcomes: 12 min duration. ALO 2.2.2-1: Define Grammar.,U2S2T2-1,ALM,ALO 2.2.2-1: Define Grammar.,12
V2L-TOC,ALM 2.2.2-2                       DBST,<b><u>Active Learning Outcomes: 33 min duration.</u></b><br>ALO 2.2.2-2: Generate Language for a given Grammar.,Active Learning Outcomes: 33 min duration. ALO 2.2.2-2: Generate Language for a given Grammar.,U2S2T2-2,ALM,ALO 2.2.2-2: Generate Language for a given Grammar.,33
V2L-TOC,ALM 2.2.2-3            DBST,<b><u>Active Learning Outcomes: 17 min duration.</u></b><br>ALO 2.2.2-3: Generate Grammar for the given Language.,Active Learning Outcomes: 17 min duration. ALO 2.2.2-3: Generate Grammar for the given Language.,U2S2T2-3,ALM,ALO 2.2.2-3: Generate Grammar for the given Language.,17
V2L-TOC,GPSM 2.3,<b><u>GATE Learning Outcomes: 45 min duration.</u></b><br>GLO1:  Analyse the problem and apply the properties of Regular Languages<br>GLO2: Apply the concept of Pumping Lemma for Regular Languages<br>GLO3: Analyse Regular Grammar with respect to FA,GATE Learning Outcomes: 45 min duration. GLO1:  Analyse the problem and apply the properties of Regular Languages GLO2: Apply the concept of Pumping Lemma for Regular Languages GLO3: Analyse Regular Grammar with respect to FA,U2S3,GPSM,GLO1:  Analyse the problem and apply the properties of Regular Languages GLO2: Apply the concept of Pumping Lemma for Regular Languages GLO3: Analyse Regular Grammar with respect to FA,45
V2L-TOC,PSM 2.3.1,<b><u>Problem Learning Outcomes: 25 min duration.</u></b><br>PLO1: Find Regular Grammar from a given Finite Automata<br>PLO2: Generate Regular Grammar for a given Regular Expression/Set<br>PLO3: Apply the procedure of designing a FA for the given Regular Grammar,Problem Learning Outcomes: 25 min duration. PLO1: Find Regular Grammar from a given Finite Automata PLO2: Generate Regular Grammar for a given Regular Expression/Set PLO3: Apply the procedure of designing a FA for the given Regular Grammar,U2S3T1,PSM,PLO1: Find Regular Grammar from a given Finite Automata PLO2: Generate Regular Grammar for a given Regular Expression/Set PLO3: Apply the procedure of designing a FA for the given Regular Grammar,25
V2L-TOC,ALM 2.3.1-1                        DBST,<b><u>Active Learning Outcomes: 12 min duration.</u></b><br>ALO 2.3.1-1: Describe Regular Grammar.,Active Learning Outcomes: 12 min duration. ALO 2.3.1-1: Describe Regular Grammar.,U2S3T1-1,ALM,ALO 2.3.1-1: Describe Regular Grammar.,12
V2L-TOC,ALM 2.3.1-2         DBST,<b><u>Active Learning Outcomes: 12 min duration.</u></b><br>ALO 2.3.1-2: Construct Regular Grammar from the given FA.,Active Learning Outcomes: 12 min duration. ALO 2.3.1-2: Construct Regular Grammar from the given FA.,U2S3T1-2,ALM,ALO 2.3.1-2: Construct Regular Grammar from the given FA.,12
V2L-TOC,ALM 2.3.1-3          DBST,<b><u>Active Learning Outcomes: 24 min duration.</u></b><br>ALO 2.3.1-3: Construct Regular Grammar for a given Regular Expression.,Active Learning Outcomes: 24 min duration. ALO 2.3.1-3: Construct Regular Grammar for a given Regular Expression.,U2S3T1-3,ALM,ALO 2.3.1-3: Construct Regular Grammar for a given Regular Expression.,24
V2L-TOC,ALM 2.3.1-4               DBST,<b><u>Active Learning Outcomes: 12 min duration.</u></b><br>ALO 2.3.1-4: Design FA for the given Regular Grammar.,Active Learning Outcomes: 12 min duration. ALO 2.3.1-4: Design FA for the given Regular Grammar.,U2S3T1-4,ALM,ALO 2.3.1-4: Design FA for the given Regular Grammar.,12
V2L-TOC,PSM 2.3.2,<b><u>Problem Learning Outcomes: 25 min duration.</u></b><br>PLO1: State Pumping Lemma for Regular Languages<br>PLO2: Apply Pumping Lemma to prove that certain Sets are not Regular,Problem Learning Outcomes: 25 min duration. PLO1: State Pumping Lemma for Regular Languages PLO2: Apply Pumping Lemma to prove that certain Sets are not Regular,U2S3T2,PSM,PLO1: State Pumping Lemma for Regular Languages PLO2: Apply Pumping Lemma to prove that certain Sets are not Regular,25
V2L-TOC,ALM 2.3.2-1               DBST,<b><u>Active Learning Outcomes: 16 min duration.</u></b><br>ALO 2.3.2-1: Define Pumping Lemma for Regular Language.,Active Learning Outcomes: 16 min duration. ALO 2.3.2-1: Define Pumping Lemma for Regular Language.,U2S3T2-1,ALM,ALO 2.3.2-1: Define Pumping Lemma for Regular Language.,16
V2L-TOC,ALM 2.3.2-2 and 3                  DBST,<b><u>Active Learning Outcomes: 18 min duration.</u></b><br>ALO 2.3.2-2: Recall Application of Pumping Lemma.<br>ALO 2.3.2-3: Apply Pumping Lemma to prove that certain Sets are not Regular,Active Learning Outcomes: 18 min duration. ALO 2.3.2-2: Recall Application of Pumping Lemma. ALO 2.3.2-3: Apply Pumping Lemma to prove that certain Sets are not Regular,U2S3T2-23,ALM,ALO 2.3.2-2: Recall Application of Pumping Lemma. ALO 2.3.2-3: Apply Pumping Lemma to prove that certain Sets are not Regular,18
V2L-TOC,PSM 2.3.3,<b><u>Problem Learning Outcomes: 14 min duration.</u></b><br>PLO1: State and Prove Reversal of a Regular Language L i.e. L^T is also Regular<br>PLO2: State and Prove Intersection of two Regular Languages is also Regular<br>PLO3: State and Prove Difference of two Regular Languages L and M is also regular i.e. L – M = strings in L but not M,Problem Learning Outcomes: 14 min duration. PLO1: State and Prove Reversal of a Regular Language L i.e. L^T is also Regular PLO2: State and Prove Intersection of two Regular Languages is also Regular PLO3: State and Prove Difference of two Regular Languages L and M is also regular i.e. L – M = strings in L but not M,U2S3T3,PSM,PLO1: State and Prove Reversal of a Regular Language L i.e. L^T is also Regular PLO2: State and Prove Intersection of two Regular Languages is also Regular PLO3: State and Prove Difference of two Regular Languages L and M is also regular i.e. L – M = strings in L but not M,14
V2L-TOC,ALM 2.3.3-1                     DBST,<b><u>Active Learning Outcomes: 10 min duration.</u></b><br>ALO 2.3.3-1: Recall Reversal of a Regular Language L i.e. L^T is also Regular.,Active Learning Outcomes: 10 min duration. ALO 2.3.3-1: Recall Reversal of a Regular Language L i.e. L^T is also Regular.,U2S3T3-1,ALM,ALO 2.3.3-1: Recall Reversal of a Regular Language L i.e. L^T is also Regular.,10
V2L-TOC,ALM 2.3.3-2                    DBST,<b><u>Active Learning Outcomes: 12 min duration.<br></u></b>ALO 2.3.3-2: Recall Intersection of two Regular Languages is also Regular.,Active Learning Outcomes: 12 min duration. ALO 2.3.3-2: Recall Intersection of two Regular Languages is also Regular.,U2S3T3-2,ALM,ALO 2.3.3-2: Recall Intersection of two Regular Languages is also Regular.,12
V2L-TOC,ALM 2.3.3-3                DBST,<b><u>Active Learning Outcomes: 9 min duration.</u></b><br>ALO 2.3.3-3: Recall Difference of two Regular Languages L and M is also regular i.e. L – M = strings in L but not M.,Active Learning Outcomes: 9 min duration. ALO 2.3.3-3: Recall Difference of two Regular Languages L and M is also regular i.e. L – M = strings in L but not M.,U2S3T3-3,ALM,ALO 2.3.3-3: Recall Difference of two Regular Languages L and M is also regular i.e. L – M = strings in L but not M.,9
V2L-TOC,GPSM 3.1,<b><u>GATE Learning Outcomes: 46 min duration.</u></b><br>GLO1:  Compare the Languages to identify DCFL<br>GLO2: Explain Ambiguity in Context Free Grammar<br>GLO3: Apply the concept of CNF and GNF,GATE Learning Outcomes: 46 min duration. GLO1:  Compare the Languages to identify DCFL GLO2: Explain Ambiguity in Context Free Grammar GLO3: Apply the concept of CNF and GNF,U3S1,GPSM,GLO1:  Compare the Languages to identify DCFL GLO2: Explain Ambiguity in Context Free Grammar GLO3: Apply the concept of CNF and GNF,46
V2L-TOC,PSM 3.1.1,<b><u>Problem Learning Outcomes: 30 min duration.</u></b><br>PLO1: Explain derivation Tree<br>PLO2: Describe Ambiguity in Context Free Grammar,Problem Learning Outcomes: 30 min duration. PLO1: Explain derivation Tree PLO2: Describe Ambiguity in Context Free Grammar,U3S1T1,PSM,PLO1: Explain derivation Tree PLO2: Describe Ambiguity in Context Free Grammar,30
V2L-TOC,ALM 3.1.1-1                DBST,<b><u>Active Learning Outcomes: 6 min duration.</u></b><br>ALO 3.1.1-1: Recall Context Free Grammar.,Active Learning Outcomes: 6 min duration. ALO 3.1.1-1: Recall Context Free Grammar.,U3S1T1-1,ALM,ALO 3.1.1-1: Recall Context Free Grammar.,6
V2L-TOC,ALM 3.1.1-2              DBST,<b><u>Active Learning Outcomes: 37 min duration.</u></b><br>ALO 3.1.1-2: Recall Derivation Trees or Parse Trees.,Active Learning Outcomes: 37 min duration. ALO 3.1.1-2: Recall Derivation Trees or Parse Trees.,U3S1T1-2,ALM,ALO 3.1.1-2: Recall Derivation Trees or Parse Trees.,37
V2L-TOC,ALM 3.1.1-3               DBST,<b><u>Active Learning Outcomes: 16 min duration.</u></b><br>ALO 3.1.1-3: Determine Ambiguity in CFG.,Active Learning Outcomes: 16 min duration. ALO 3.1.1-3: Determine Ambiguity in CFG.,U3S1T1-3,ALM,ALO 3.1.1-3: Determine Ambiguity in CFG.,16
V2L-TOC,PSM 3.1.2,<b><u>Problem Learning Outcomes: 14 min duration.</u></b><br>PLO1: Eliminate Null Productions and Unit Productions from a given Context Free Grammar<br>PLO2: Find Reduced Grammar for a given Context Free Grammar,Problem Learning Outcomes: 14 min duration. PLO1: Eliminate Null Productions and Unit Productions from a given Context Free Grammar PLO2: Find Reduced Grammar for a given Context Free Grammar,U3S1T2,PSM,PLO1: Eliminate Null Productions and Unit Productions from a given Context Free Grammar PLO2: Find Reduced Grammar for a given Context Free Grammar,14
V2L-TOC,ALM 3.1.2-1                      DBST,<b><u>Active Learning Outcomes: 25 min duration.</u></b><br>ALO 3.1.2-1: Recall the procedure to Eliminate: Null Productions and Unit Productions.,Active Learning Outcomes: 25 min duration. ALO 3.1.2-1: Recall the procedure to Eliminate: Null Productions and Unit Productions.,U3S1T2-1,ALM,ALO 3.1.2-1: Recall the procedure to Eliminate: Null Productions and Unit Productions.,25
V2L-TOC,ALM 3.1.2-2            DBST,<b><u>Active Learning Outcomes: 19 min duration.</u></b><br>ALO 3.1.2-2: Recall the procedure to find the Reduced Grammar for a given CFG.,Active Learning Outcomes: 19 min duration. ALO 3.1.2-2: Recall the procedure to find the Reduced Grammar for a given CFG.,U3S1T2-2,ALM,ALO 3.1.2-2: Recall the procedure to find the Reduced Grammar for a given CFG.,19
V2L-TOC,PSM 3.1.3,<b><u>Problem Learning Outcomes: 36 min duration.</u></b><br>PLO1: Find CNF equivalent to the given CFG<br>PLO2: Find GNF equivalent to the given CFG,Problem Learning Outcomes: 36 min duration. PLO1: Find CNF equivalent to the given CFG PLO2: Find GNF equivalent to the given CFG,U3S1T3,PSM,PLO1: Find CNF equivalent to the given CFG PLO2: Find GNF equivalent to the given CFG,36
V2L-TOC,ALM 3.1.3-1 and 2               DBST,<b><u>Active Learning Outcomes: 21 min duration.</u></b><br>ALO 3.1.3-1: Define Chomsky Normal Form (CNF).<br>ALO 3.1.3-2: Recall the procedure to find CNF equivalent to the given CFG.,Active Learning Outcomes: 21 min duration. ALO 3.1.3-1: Define Chomsky Normal Form (CNF). ALO 3.1.3-2: Recall the procedure to find CNF equivalent to the given CFG.,U3S1T3-12,ALM,ALO 3.1.3-1: Define Chomsky Normal Form (CNF). ALO 3.1.3-2: Recall the procedure to find CNF equivalent to the given CFG.,21
V2L-TOC,ALM 3.1.3-3 and 4                      DBST,<b><u>Active Learning Outcomes: 22 min duration.</u></b><br>ALO 3.1.3-3: Define Greibach Normal Form (GNF).<br>ALO 3.1.3-4: Recall the procedure to find GNF equivalent to the given CFG.,Active Learning Outcomes: 22 min duration. ALO 3.1.3-3: Define Greibach Normal Form (GNF). ALO 3.1.3-4: Recall the procedure to find GNF equivalent to the given CFG.,U3S1T3-34,ALM,ALO 3.1.3-3: Define Greibach Normal Form (GNF). ALO 3.1.3-4: Recall the procedure to find GNF equivalent to the given CFG.,22
V2L-TOC,GPSM 3.2,<b><u>GATE Learning Outcomes: 41 min duration.</u></b><br>GLO1:  Analyse and apply the properties of CFLs<br>GLO2: Apply the concept of Pumping Lemma for CFLs,GATE Learning Outcomes: 41 min duration. GLO1:  Analyse and apply the properties of CFLs GLO2: Apply the concept of Pumping Lemma for CFLs,U3S2,GPSM,GLO1:  Analyse and apply the properties of CFLs GLO2: Apply the concept of Pumping Lemma for CFLs,41
V2L-TOC,PSM 3.2.1,<b><u>Problem Learning Outcomes: 19 min duration.</u></b><br>PLO1: Discuss Closure and decision properties of CFLs.,Problem Learning Outcomes: 19 min duration. PLO1: Discuss Closure and decision properties of CFLs.,U3S2T1,PSM,PLO1: Discuss Closure and decision properties of CFLs.,19
V2L-TOC,ALM 3.2.1-1                      DBST,"<b><u>Active Learning Outcomes: 6 min duration.</u></b><br>ALO 3.2.1-1: Recall Closure properties of CFLs such as Union, Concatenations, Closure etc.","Active Learning Outcomes: 6 min duration. ALO 3.2.1-1: Recall Closure properties of CFLs such as Union, Concatenations, Closure etc.",U3S2T1-1,ALM,"ALO 3.2.1-1: Recall Closure properties of CFLs such as Union, Concatenations, Closure etc.",6
V2L-TOC,ALM 3.2.1-2           DBST,<b><u>Active Learning Outcomes: 21 min duration.</u></b><br>ALO 3.2.1-2: Recall decision properties of CFLs.,Active Learning Outcomes: 21 min duration. ALO 3.2.1-2: Recall decision properties of CFLs.,U3S2T1-2,ALM,ALO 3.2.1-2: Recall decision properties of CFLs.,21
V2L-TOC,PSM 3.2.2,<b><u>Problem Learning Outcomes: 14 min duration.</u></b><br>PLO1: Discuss Decidability Properties of a Context Free Grammar<br>PLO2: Explain CYK Algorithm,Problem Learning Outcomes: 14 min duration. PLO1: Discuss Decidability Properties of a Context Free Grammar PLO2: Explain CYK Algorithm,U3S2T2,PSM,PLO1: Discuss Decidability Properties of a Context Free Grammar PLO2: Explain CYK Algorithm,14
V2L-TOC,ALM 3.2.2-1 and 2                        DBST,"<b><u>Active Learning Outcomes: 46 min duration.</u></b><br>ALO 3.2.2-1: Recall CYK (Cocke-Younger-Kasami) Algorithm.
ALO 3.2.2-2: Apply CYK Algorithm","Active Learning Outcomes: 46 min duration. ALO 3.2.2-1: Recall CYK (Cocke-Younger-Kasami) Algorithm.
ALO 3.2.2-2: Apply CYK Algorithm",U3S2T2-12,ALM,"ALO 3.2.2-1: Recall CYK (Cocke-Younger-Kasami) Algorithm.
ALO 3.2.2-2: Apply CYK Algorithm",46
V2L-TOC,PSM 3.2.3,<b><u>Problem Learning Outcomes: 13 min duration.</u></b><br>PLO1: State Pumping Lemma for CFLs<br>PLO2: Show that the given Language is CFL or not using Pumping Lemma,Problem Learning Outcomes: 13 min duration. PLO1: State Pumping Lemma for CFLs PLO2: Show that the given Language is CFL or not using Pumping Lemma,U3S2T3,PSM,PLO1: State Pumping Lemma for CFLs PLO2: Show that the given Language is CFL or not using Pumping Lemma,13
V2L-TOC,ALM 3.2.3-1                 DBST,<b><u>Active Learning Outcomes: 6 min duration.</u></b><br>ALO 3.2.3-1: Recall Pumping Lemma for CFLs.,Active Learning Outcomes: 6 min duration. ALO 3.2.3-1: Recall Pumping Lemma for CFLs.,U3S2T3-1,ALM,ALO 3.2.3-1: Recall Pumping Lemma for CFLs.,6
V2L-TOC,ALM 3.2.3-2                   DBST,<b><u>Active Learning Outcomes: 21 min duration.</u></b><br>ALO 3.2.3-2: Apply Pumping Lemma for CFLs.,Active Learning Outcomes: 21 min duration. ALO 3.2.3-2: Apply Pumping Lemma for CFLs.,U3S2T3-2,ALM,ALO 3.2.3-2: Apply Pumping Lemma for CFLs.,21
V2L-TOC,GPSM 4.1,<b><u>GATE Learning Outcomes: 45 min duration.</u></b><br>GLO1:  Analyse the problem and identify whether the given language is accepted by deterministic PDA<br>GLO2: Apply the concept of string acceptance by PDA<br>GLO3: Apply the concept of PDA to CFG and vice-versa,GATE Learning Outcomes: 45 min duration. GLO1:  Analyse the problem and identify whether the given language is accepted by deterministic PDA GLO2: Apply the concept of string acceptance by PDA GLO3: Apply the concept of PDA to CFG and vice-versa,U4S1,GPSM,GLO1:  Analyse the problem and identify whether the given language is accepted by deterministic PDA GLO2: Apply the concept of string acceptance by PDA GLO3: Apply the concept of PDA to CFG and vice-versa,45
V2L-TOC,PSM 4.1.1,<b><u>Problem Learning Outcomes: 19 min duration.</u></b><br>PLO1: Describe Pushdown Automata and acceptance of CFL by Final state and Empty store,Problem Learning Outcomes: 19 min duration. PLO1: Describe Pushdown Automata and acceptance of CFL by Final state and Empty store,U4S1T1,PSM,PLO1: Describe Pushdown Automata and acceptance of CFL by Final state and Empty store,19
V2L-TOC,ALM 4.1.1-1                  DBST,<b><u>Active Learning Outcomes: 27 min duration.</u></b><br>ALO 4.1.1-1: Recall pushdown Automata.,Active Learning Outcomes: 27 min duration. ALO 4.1.1-1: Recall pushdown Automata.,U4S1T1-1,ALM,ALO 4.1.1-1: Recall pushdown Automata.,27
V2L-TOC,ALM 4.1.1-2                 DBST,<b><u>Active Learning Outcomes: 10 min duration.</u></b><br>ALO 4.1.1-2: Describe Acceptance of CFL by Final state and Empty store.,Active Learning Outcomes: 10 min duration. ALO 4.1.1-2: Describe Acceptance of CFL by Final state and Empty store.,U4S1T1-2,ALM,ALO 4.1.1-2: Describe Acceptance of CFL by Final state and Empty store.,10
V2L-TOC,PSM 4.1.2,<b><u>Problem Learning Outcomes: 55 min duration.</u></b><br>PLO1: Apply the method of designing a PDA for CFLs accepted by Final state<br>PLO2: Apply the method of designing a PDA for CFLs accepted by Empty store,Problem Learning Outcomes: 55 min duration. PLO1: Apply the method of designing a PDA for CFLs accepted by Final state PLO2: Apply the method of designing a PDA for CFLs accepted by Empty store,U4S1T2,PSM,PLO1: Apply the method of designing a PDA for CFLs accepted by Final state PLO2: Apply the method of designing a PDA for CFLs accepted by Empty store,55
V2L-TOC,ALM 4.1.2-1 and 2                     DBST,<b><u>Active Learning Outcomes: 60 min duration.</u></b><br>ALO 4.1.2-1: Design PDA for CFLs accepted by Final state.<br>ALO&nbsp;4.1.2-2: Design PDA for CFLs accepted by Empty store,Active Learning Outcomes: 60 min duration. ALO 4.1.2-1: Design PDA for CFLs accepted by Final state. ALO4.1.2-2: Design PDA for CFLs accepted by Empty store,U4S1T2-12,ALM,ALO 4.1.2-1: Design PDA for CFLs accepted by Final state. ALO4.1.2-2: Design PDA for CFLs accepted by Empty store,60
V2L-TOC,PSM 4.1.3,<b><u>Problem Learning Outcomes: 40 min duration.</u></b><br>PLO1: Apply the rules for converting a CFG into PDA and vice-versa<br>PLO2: Construct Two-Stack PDA,Problem Learning Outcomes: 40 min duration. PLO1: Apply the rules for converting a CFG into PDA and vice-versa PLO2: Construct Two-Stack PDA,U4S1T3,PSM,PLO1: Apply the rules for converting a CFG into PDA and vice-versa PLO2: Construct Two-Stack PDA,40
V2L-TOC,ALM 4.1.3-1       DBST,<b><u>Active Learning Outcomes: 41 min duration.</u></b><br>ALO 4.1.3-1: Convert a CFG into PDA and vice-a-versa.,Active Learning Outcomes: 41 min duration. ALO 4.1.3-1: Convert a CFG into PDA and vice-a-versa.,U4S1T3-1,ALM,ALO 4.1.3-1: Convert a CFG into PDA and vice-a-versa.,41
V2L-TOC,ALM 4.1.3-2        DBST,<b><u>Active Learning Outcomes: 20 min duration.</u></b><br>ALO 4.1.3-2: Define Two-Stack PDA.,Active Learning Outcomes: 20 min duration. ALO 4.1.3-2: Define Two-Stack PDA.,U4S1T3-2,ALM,ALO 4.1.3-2: Define Two-Stack PDA.,20
V2L-TOC,ALM 4.1.3-3        DBST,<b><u>Active Learning Outcomes: 9 min duration.</u></b><br>ALO 4.1.3-3: Describe DPDA and DCFL.,Active Learning Outcomes: 9 min duration. ALO 4.1.3-3: Describe DPDA and DCFL.,U4S1T3-3,ALM,ALO 4.1.3-3: Describe DPDA and DCFL.,9
V2L-TOC,GPSM 4.2,<b><u>GATE Learning outcomes: 27 min duration.</u></b><br>GLO1:  Analyse and identify the machines based on their expressive power<br>GLO2: Apply the concept of Turing Machine design and String Acceptance,GATE Learning outcomes: 27 min duration. GLO1:  Analyse and identify the machines based on their expressive power GLO2: Apply the concept of Turing Machine design and String Acceptance,U4S2,GPSM,GLO1:  Analyse and identify the machines based on their expressive power GLO2: Apply the concept of Turing Machine design and String Acceptance,27
V2L-TOC,PSM 4.2.1,<b><u>Problem Learning Outcomes: 18 min duration.</u></b><br>PLO1: Describe the basic model of Turing Machine<br>PLO2: Explain Instantaneous Description,Problem Learning Outcomes: 18 min duration. PLO1: Describe the basic model of Turing Machine PLO2: Explain Instantaneous Description,U4S2T1,PSM,PLO1: Describe the basic model of Turing Machine PLO2: Explain Instantaneous Description,18
V2L-TOC,ALM 4.2.1-1                       DBST,<b><u>Active Learning Outcomes: 17 min duration.</u></b><br>ALO 4.2.1-1: Describe Turning Machine with Model.,Active Learning Outcomes: 17 min duration. ALO 4.2.1-1: Describe Turning Machine with Model.,U4S2T1-1,ALM,ALO 4.2.1-1: Describe Turning Machine with Model.,17
V2L-TOC,ALM 4.2.1-2                DBST,<b><u>Active Learning Outcomes: 16 min duration.</u></b><br>ALO 4.2.1-2: Recall representation of Turning Machine.,Active Learning Outcomes: 16 min duration. ALO 4.2.1-2: Recall representation of Turning Machine.,U4S2T1-2,ALM,ALO 4.2.1-2: Recall representation of Turning Machine.,16
V2L-TOC,ALM 4.2.1-3 and 4                 DBST,<b><u>Active Learning Outcomes: 19 min duration.</u></b><br>ALO 4.2.1-3: Describe String acceptance by TM.<br>ALO 4.2.1-4: Recall TM Head Pointer movements,Active Learning Outcomes: 19 min duration. ALO 4.2.1-3: Describe String acceptance by TM. ALO 4.2.1-4: Recall TM Head Pointer movements,U4S2T1-34,ALM,ALO 4.2.1-3: Describe String acceptance by TM. ALO 4.2.1-4: Recall TM Head Pointer movements,19
V2L-TOC,PSM 4.2.2,<b><u>Problem Learning Outcomes: 69 min duration.</u></b><br>PLO1: Apply the concept of designing TM for the given Strings and Languages<br>PLO2: Apply the concept of designing TM for the given Functions,Problem Learning Outcomes: 69 min duration. PLO1: Apply the concept of designing TM for the given Strings and Languages PLO2: Apply the concept of designing TM for the given Functions,U4S2T2,PSM,PLO1: Apply the concept of designing TM for the given Strings and Languages PLO2: Apply the concept of designing TM for the given Functions,69
V2L-TOC,ALM 4.2.2-1                     DBST,<b><u>Active Learning Outcomes: 8 min duration.</u></b><br>ALO 4.2.2-1: Recall the rules for designing the Turing Machine.,Active Learning Outcomes: 8 min duration. ALO 4.2.2-1: Recall the rules for designing the Turing Machine.,U4S2T2-1,ALM,ALO 4.2.2-1: Recall the rules for designing the Turing Machine.,8
V2L-TOC,ALM 4.2.2-2                    DBST,<b><u>Active Learning Outcomes: 50 min duration.</u></b><br>ALO 4.2.2-2: Design TM for the Strings and Languages.,Active Learning Outcomes: 50 min duration. ALO 4.2.2-2: Design TM for the Strings and Languages.,U4S2T2-2,ALM,ALO 4.2.2-2: Design TM for the Strings and Languages.,50
V2L-TOC,ALM 4.2.2-3                 DBST,<b><u>Active Learning Outcomes: 33 min duration.</u></b><br>ALO 4.2.2-3: Design TM for the Functions.,Active Learning Outcomes: 33 min duration. ALO 4.2.2-3: Design TM for the Functions.,U4S2T2-3,ALM,ALO 4.2.2-3: Design TM for the Functions.,33
V2L-TOC,PSM 4.2.3,"<b><u>Problem  Learning Outcomes: 6 min duration.</u></b><br>PLO1: Write short note on: Universal Turing Machine, Multi-Tape Turing Machine, Multi-dimensional Turing Machine etc.<br>PLO2: Explain Church’s Thesis","Problem  Learning Outcomes: 6 min duration. PLO1: Write short note on: Universal Turing Machine, Multi-Tape Turing Machine, Multi-dimensional Turing Machine etc. PLO2: Explain Church’s Thesis",U4S2T3,PSM,"PLO1: Write short note on: Universal Turing Machine, Multi-Tape Turing Machine, Multi-dimensional Turing Machine etc. PLO2: Explain Church’s Thesis",6
V2L-TOC,ALM 4.2.3-1                      DBST,"<b><u>Active Learning Outcomes: 17 min duration.</u></b><br>ALO 4.2.3-2: Recall the following:<br>&nbsp; &nbsp; &nbsp; &nbsp; &nbsp; &nbsp; &nbsp; &nbsp; &nbsp; &nbsp; &nbsp; &nbsp;i. Universal Turing Machine
<br>&nbsp; &nbsp; &nbsp; &nbsp; &nbsp; &nbsp; &nbsp; &nbsp; &nbsp; &nbsp; &nbsp; &nbsp;ii. Multi-Tape Turing Machine<br>&nbsp; &nbsp; &nbsp; &nbsp; &nbsp; &nbsp; &nbsp; &nbsp; &nbsp; &nbsp; &nbsp; &nbsp;iii. Multi-dimensional Turing Machine
<br>&nbsp; &nbsp; &nbsp; &nbsp; &nbsp; &nbsp; &nbsp; &nbsp; &nbsp; &nbsp; &nbsp; &nbsp;iv. Multi-head Turning Machine","Active Learning Outcomes: 17 min duration. ALO 4.2.3-2: Recall the following: i. Universal Turing Machine
 ii. Multi-Tape Turing Machine iii. Multi-dimensional Turing Machine
 iv. Multi-head Turning Machine",U4S2T3-1,ALM,"ALO 4.2.3-2: Recall the following: i. Universal Turing Machine
 ii. Multi-Tape Turing Machine iii. Multi-dimensional Turing Machine
 iv. Multi-head Turning Machine",17
V2L-TOC,ALM 4.2.3-2                       DBST,<b><u>Active Learning Outcomes: 4 min duration.</u></b><br>ALO 4.2.3-2: Describe Church's Thesis.,Active Learning Outcomes: 4 min duration. ALO 4.2.3-2: Describe Church's Thesis.,U4S2T3-2,ALM,ALO 4.2.3-2: Describe Church's Thesis.,4
V2L-TOC,GPSM 4.3,<b><u>GATE Learning Outcomes: 59 min duration.</u></b><br>GLO1:  Analyse and Identify Recursive and Recursive Enumerable Languages<br>GLO2: Apply the properties of Recursive and Recursive Enumerable Languages<br>GLO3: Analyse and identify Decidable/Undecidable problems,GATE Learning Outcomes: 59 min duration. GLO1:  Analyse and Identify Recursive and Recursive Enumerable Languages GLO2: Apply the properties of Recursive and Recursive Enumerable Languages GLO3: Analyse and identify Decidable/Undecidable problems,U4S3,GPSM,GLO1:  Analyse and Identify Recursive and Recursive Enumerable Languages GLO2: Apply the properties of Recursive and Recursive Enumerable Languages GLO3: Analyse and identify Decidable/Undecidable problems,59
V2L-TOC,PSM 4.3.1,<b><u>Problem Learning Outcomes: 13 min duration.</u></b><br>PLO1: Describe Recursive and Recursive Enumerable Languages<br>PLO2: State and prove properties of Recursive and Recursive Enumerable Languages<br>PLO3: Write short note on Counter Machine,Problem Learning Outcomes: 13 min duration. PLO1: Describe Recursive and Recursive Enumerable Languages PLO2: State and prove properties of Recursive and Recursive Enumerable Languages PLO3: Write short note on Counter Machine,U4S3T1,PSM,PLO1: Describe Recursive and Recursive Enumerable Languages PLO2: State and prove properties of Recursive and Recursive Enumerable Languages PLO3: Write short note on Counter Machine,13
V2L-TOC,ALM 4.3.1-1                   DBST,<b><u>Active Learning Outcomes: 8 min duration.</u></b><br>ALO 4.3.1-1: Recall Recursive and Recursive Enumerable Languages.,Active Learning Outcomes: 8 min duration. ALO 4.3.1-1: Recall Recursive and Recursive Enumerable Languages.,U4S3T1-1,ALM,ALO 4.3.1-1: Recall Recursive and Recursive Enumerable Languages.,8
V2L-TOC,ALM 4.3.1-2                   DBST,<b><u>Active Learning Outcomes: 23 min duration.</u></b><br>ALO 4.3.1-2: List properties of Recursive and Recursive Enumerable Languages.,Active Learning Outcomes: 23 min duration. ALO 4.3.1-2: List properties of Recursive and Recursive Enumerable Languages.,U4S3T1-2,ALM,ALO 4.3.1-2: List properties of Recursive and Recursive Enumerable Languages.,23
V2L-TOC,ALM 4.3.1-3                           DBST,<b><u>Active Learning Outcomes: 9 min duration.</u></b><br>ALO 4.3.1-3: Describe Counter Machines and their similarities with TM.,Active Learning Outcomes: 9 min duration. ALO 4.3.1-3: Describe Counter Machines and their similarities with TM.,U4S3T1-3,ALM,ALO 4.3.1-3: Describe Counter Machines and their similarities with TM.,9
V2L-TOC,PSM 4.3.2,<b><u>Problem Learning Outcomes: 10 min duration.</u></b><br>PLO1: Explain Halting problem of a TM<br>PLO2: State PCP and prove that PCP is undecidable.,Problem Learning Outcomes: 10 min duration. PLO1: Explain Halting problem of a TM PLO2: State PCP and prove that PCP is undecidable.,U4S3T2,PSM,PLO1: Explain Halting problem of a TM PLO2: State PCP and prove that PCP is undecidable.,10
V2L-TOC,ALM 4.3.2-1                 DBST,<b><u>Active Learning Outcomes: 13 min duration.</u></b><br>ALO 4.3.2-1: Recall Undecidable problem of TMs.,Active Learning Outcomes: 13 min duration. ALO 4.3.2-1: Recall Undecidable problem of TMs.,U4S3T2-1,ALM,ALO 4.3.2-1: Recall Undecidable problem of TMs.,13
V2L-TOC,ALM 4.3.2-2                 DBST,<b><u>Active Learning Outcomes: 17 min duration.</u></b><br>ALO 4.3.2-2: Describe PCP and MPCP Problems.,Active Learning Outcomes: 17 min duration. ALO 4.3.2-2: Describe PCP and MPCP Problems.,U4S3T2-2,ALM,ALO 4.3.2-2: Describe PCP and MPCP Problems.,17
V2L-TOC,PSM 4.3.3,"<b><u>Problem Learning Outcomes: 24 min duration.</u></b><br>PLO1: Explain Recursive Function Theory<br>PLO2: State recursive function and evaluate A(x, y)","Problem Learning Outcomes: 24 min duration. PLO1: Explain Recursive Function Theory PLO2: State recursive function and evaluate A(x, y)",U4S3T3,PSM,"PLO1: Explain Recursive Function Theory PLO2: State recursive function and evaluate A(x, y)",24
V2L-TOC,ALM 4.3.3-1                DBST,<b><u>Active Learning Outcomes: 27 min duration.</u></b><br>ALO 4.3.3-1: Describe Recursive Functions Theory.,Active Learning Outcomes: 27 min duration. ALO 4.3.3-1: Describe Recursive Functions Theory.,U4S3T3-1,ALM,ALO 4.3.3-1: Describe Recursive Functions Theory.,27
V2L-TOC,ALM4.3.3-2                              DBET,"<b><u>Active Learning Outcomes: 23 min duration.</u></b><br>ALO 4.3.3-2: Recall Initial, Partial and Primitive Recursive Functions.","Active Learning Outcomes: 23 min duration. ALO 4.3.3-2: Recall Initial, Partial and Primitive Recursive Functions.",U4S3T3-2,ALM,"ALO 4.3.3-2: Recall Initial, Partial and Primitive Recursive Functions.",23
V2L-TOC,GPSM 8.1,<b><u>GATE Learning Outcomes: 20 min duration.</u></b><br>GLO1:  Solve GATE previous year questions based on the concept of Sets<br>GLO2: Solve GATE previous year questions based on the concept of Set Operations,GATE Learning Outcomes: 20 min duration. GLO1:  Solve GATE previous year questions based on the concept of Sets GLO2: Solve GATE previous year questions based on the concept of Set Operations,U8S1,GPSM,GLO1:  Solve GATE previous year questions based on the concept of Sets GLO2: Solve GATE previous year questions based on the concept of Set Operations,20
V2L-TOC,PSM 8.1.1,<b><u>Problem Learning Outcomes: 36 min duration.</u></b><br>PLO1: Explain the concept of Set<br>PLO2: Prove the Properties of Sets,Problem Learning Outcomes: 36 min duration. PLO1: Explain the concept of Set PLO2: Prove the Properties of Sets,U8S1T1,PSM,PLO1: Explain the concept of Set PLO2: Prove the Properties of Sets,36
V2L-TOC,ALM 8.1.1-1            DBST,<b><u>Active Learning Outcomes: 35 min duration.</u></b><br>ALO 8.1.1-1: Define and classify the Set.,Active Learning Outcomes: 35 min duration. ALO 8.1.1-1: Define and classify the Set.,U8S1T1-1,ALM,ALO 8.1.1-1: Define and classify the Set.,35
V2L-TOC,ALM 8.1.1-2                   DBST,<b><u>Active Learning Outcomes: 6 min duration.</u></b><br>ALO 8.1.1-2: List various Properties of Sets.,Active Learning Outcomes: 6 min duration. ALO 8.1.1-2: List various Properties of Sets.,U8S1T1-2,ALM,ALO 8.1.1-2: List various Properties of Sets.,6
V2L-TOC,PSM 8.1.2,"<b><u>Problem Learning Outcomes: 28 min duration.</u></b><br>PLO1: Apply the following Operations on the given Sets: Union, Intersection, Disjoint etc.<br>PLO2: Find Cardinality and state Inclusion Exclusion Theorem","Problem Learning Outcomes: 28 min duration. PLO1: Apply the following Operations on the given Sets: Union, Intersection, Disjoint etc. PLO2: Find Cardinality and state Inclusion Exclusion Theorem",U8S1T2,PSM,"PLO1: Apply the following Operations on the given Sets: Union, Intersection, Disjoint etc. PLO2: Find Cardinality and state Inclusion Exclusion Theorem",28
V2L-TOC,ALM 8.1.2-1              DBST,"<b><u>Active Learning Outcomes: 35 min duration.</u></b><br>ALO 8.1.2-1: Recall the following Set Operations: Union, Intersection, Disjoint etc.","Active Learning Outcomes: 35 min duration. ALO 8.1.2-1: Recall the following Set Operations: Union, Intersection, Disjoint etc.",U8S1T2-1,ALM,"ALO 8.1.2-1: Recall the following Set Operations: Union, Intersection, Disjoint etc.",35
V2L-TOC,ALM 8.1.2-2               DBST,<b><u>Active Learning Outcomes: 12 min duration.</u></b><br>ALO 8.1.2-2: Recall Cardinality and state Inclusion Exclusion Theorem.,Active Learning Outcomes: 12 min duration. ALO 8.1.2-2: Recall Cardinality and state Inclusion Exclusion Theorem.,U8S1T2-2,ALM,ALO 8.1.2-2: Recall Cardinality and state Inclusion Exclusion Theorem.,12
V2L-TOC,GPSM 8.2,<b><u>GATE Learning Outcomes: 31 min duration.</u></b><br>GLO1:  Solve GATE previous year questions based on the concept of Relations<br>GLO2: Solve GATE previous year questions based on the concept of Partial Ordering,GATE Learning Outcomes: 31 min duration. GLO1:  Solve GATE previous year questions based on the concept of Relations GLO2: Solve GATE previous year questions based on the concept of Partial Ordering,U8S2,GPSM,GLO1:  Solve GATE previous year questions based on the concept of Relations GLO2: Solve GATE previous year questions based on the concept of Partial Ordering,31
V2L-TOC,PSM 8.2.1,"<b><u>Problem Learning Outcomes: 37 min duration.</u></b><br>PLO1: Define and classify the Relation<br>PLO2: Find Domain, Co-domain, and Range of a given Relation<br>PLO3: Find Relation Matrix and draw its Directed Graph","Problem Learning Outcomes: 37 min duration. PLO1: Define and classify the Relation PLO2: Find Domain, Co-domain, and Range of a given Relation PLO3: Find Relation Matrix and draw its Directed Graph",U8S2T1,PSM,"PLO1: Define and classify the Relation PLO2: Find Domain, Co-domain, and Range of a given Relation PLO3: Find Relation Matrix and draw its Directed Graph",37
V2L-TOC,ALM 8.2.1-1                    DBST,<b><u>Active Learning Outcomes: 18 min duration.</u></b><br>ALO 8.2.1-1: Recall the Relation and its representation.,Active Learning Outcomes: 18 min duration. ALO 8.2.1-1: Recall the Relation and its representation.,U8S2T1-1,ALM,ALO 8.2.1-1: Recall the Relation and its representation.,18
V2L-TOC,ALM 8.2.1-2                   DBST,<b><u>Active Learning Outcomes: 34 min duration.</u></b><br>ALO 8.2.1-2: Classify the Relation.,Active Learning Outcomes: 34 min duration. ALO 8.2.1-2: Classify the Relation.,U8S2T1-2,ALM,ALO 8.2.1-2: Classify the Relation.,34
V2L-TOC,ALM 8.2.1-3                      DBST,"<b><u>Active Learning Outcomes: 16 min duration.</u></b><br>ALO 8.2.1-3: Find Domain, Co-domain, Range, Relation Matrix, and draw the Directed Graph.","Active Learning Outcomes: 16 min duration. ALO 8.2.1-3: Find Domain, Co-domain, Range, Relation Matrix, and draw the Directed Graph.",U8S2T1-3,ALM,"ALO 8.2.1-3: Find Domain, Co-domain, Range, Relation Matrix, and draw the Directed Graph.",16
V2L-TOC,PSM 8.2.2,<b><u>Problem Learning Outcomes: 22 min duration.</u></b><br>PLO1: Explain the Partial Order Relation<br>PLO2: Show that the given Relation R is a Partial Order Relation<br>PLO3: Find the Closure of a Relation,Problem Learning Outcomes: 22 min duration. PLO1: Explain the Partial Order Relation PLO2: Show that the given Relation R is a Partial Order Relation PLO3: Find the Closure of a Relation,U8S2T2,PSM,PLO1: Explain the Partial Order Relation PLO2: Show that the given Relation R is a Partial Order Relation PLO3: Find the Closure of a Relation,22
V2L-TOC,ALM 8.2.2-1 and 2              DBST,<b><u>Active Learning Outcomes: 9 min duration.</u></b><br>ALO 8.2.2-1: Describe the Partial Order Relation.<br>ALO 8.2.2-2: Verify that Relation R is Partial Order,Active Learning Outcomes: 9 min duration. ALO 8.2.2-1: Describe the Partial Order Relation. ALO 8.2.2-2: Verify that Relation R is Partial Order,U8S2T2-12,ALM,ALO 8.2.2-1: Describe the Partial Order Relation. ALO 8.2.2-2: Verify that Relation R is Partial Order,9
V2L-TOC,ALM 8.2.2-3             DBST,<b><u>Active Learning Outcomes: 22 min duration.</u></b><br>ALO 8.2.2-3: Describe the Closure of a Relation.,Active Learning Outcomes: 22 min duration. ALO 8.2.2-3: Describe the Closure of a Relation.,U8S2T2-3,ALM,ALO 8.2.2-3: Describe the Closure of a Relation.,22
V2L-TOC,GPSM 8.3,<b><u>GATE Learning Outcomes: 15 min duration.</u></b><br>GLO1:  Solve GATE previous year questions based on the concept of Functions<br>GLO2: Solve GATE previous year questions based on the concept of Mathematical Induction,GATE Learning Outcomes: 15 min duration. GLO1:  Solve GATE previous year questions based on the concept of Functions GLO2: Solve GATE previous year questions based on the concept of Mathematical Induction,U8S3,GPSM,GLO1:  Solve GATE previous year questions based on the concept of Functions GLO2: Solve GATE previous year questions based on the concept of Mathematical Induction,15
V2L-TOC,PSM 8.3.1,"<b><u>Problem Learning Outcomes: 65 min duration.</u></b><br>PLO1: Define and classify the Function<br>PLO2: Calculate the value of Domain and Composite Function<br>PLO3: Verify whether the given Function is Injective, Surjective or Bijective","Problem Learning Outcomes: 65 min duration. PLO1: Define and classify the Function PLO2: Calculate the value of Domain and Composite Function PLO3: Verify whether the given Function is Injective, Surjective or Bijective",U8S3T1,PSM,"PLO1: Define and classify the Function PLO2: Calculate the value of Domain and Composite Function PLO3: Verify whether the given Function is Injective, Surjective or Bijective",65
V2L-TOC,ALM 8.3.1-1             DBST,<b><u>Active Learning Outcomes: 45 min duration.</u></b><br>ALO 8.3.1-1: Define and classify the Function.,Active Learning Outcomes: 45 min duration. ALO 8.3.1-1: Define and classify the Function.,U8S3T1-1,ALM,ALO 8.3.1-1: Define and classify the Function.,45
V2L-TOC,PSM 8.3.2,<b><u>Problem Learning Outcomes: 22 min duration.</u></b><br>PLO1: Verify the given statement using Mathematical Induction,Problem Learning Outcomes: 22 min duration. PLO1: Verify the given statement using Mathematical Induction,U8S3T2,PSM,PLO1: Verify the given statement using Mathematical Induction,22
V2L-TOC,ALM 8.3.2-1 and 2            DBST,<b><u>Active Learning Outcomes: 8 min duration.</u></b><br>ALO 8.3.2-1: Recall the concept of Mathematical Induction.<br>ALO 8.3.2-2: Apply the concept of Mathematical Induction to verify the given statement,Active Learning Outcomes: 8 min duration. ALO 8.3.2-1: Recall the concept of Mathematical Induction. ALO 8.3.2-2: Apply the concept of Mathematical Induction to verify the given statement,U8S3T2-12,ALM,ALO 8.3.2-1: Recall the concept of Mathematical Induction. ALO 8.3.2-2: Apply the concept of Mathematical Induction to verify the given statement,8
