course,activity,lo_unformatted,lo_formatted,activity_formatted,activity_type,lo_formatted_duration_removed,duration
V2L-NM,PSM 1.1.1,"<p></p><div><u style=""font-size: 0.9375rem;"">Problem Learning Outcomes: 35 min duration.</u></div><div>PLO1: Apply Bisection Method for finding the Roots of a Equation</div><br><p></p>","<u style=""font-size: 0.9375rem;"">Problem Learning Outcomes: 35 min duration.PLO1: Apply Bisection Method for finding the Roots of a Equation ",U1S1T1,PSM,LO1: Apply Bisection Method for finding the Roots of a Equation ,35
V2L-NM,ALM 1.1.1-1                   DBST,<u>ALO 1.1.1-1:  Describe Algebraic and Transcendental Equations: 16 min.</u>,ALO 1.1.1-1:  Describe Algebraic and Transcendental Equations: 16 min.,U1S1T1-1,ALM,ALO 1.1.1-1:  Describe Algebraic and Transcendental Equations: 16 min.,0
V2L-NM,ALM 1.1.1-2             DBST,<u>ALO 1.1.1-2: Recall Bisection Method: 17 Min.</u>,ALO 1.1.1-2: Recall Bisection Method: 17 Min.,U1S1T1-2,ALM,ALO 1.1.1-2: Recall Bisection Method: 17 Min.,0
V2L-NM,ALM 1.1.1-3                    DBST,<u>ALO 1.1.1-3: Apply Bisection Method for finding the Roots of a Equation: 15 Min.</u>,ALO 1.1.1-3: Apply Bisection Method for finding the Roots of a Equation: 15 Min.,U1S1T1-3,ALM,ALO 1.1.1-3: Apply Bisection Method for finding the Roots of a Equation: 15 Min.,0
V2L-NM,PSM 1.1.2,"<p></p><u>Problem&nbsp;<u style=""font-size: 0.9375rem;"">Learning Outcomes: 34 min duration.</u><br></u><div>PLO1: Determine the Roots of a Equation using Regula-Falsi Method<u>
</u></div><br><p></p>","Problem<u style=""font-size: 0.9375rem;"">Learning Outcomes: 34 min duration. PLO1: Determine the Roots of a Equation using Regula-Falsi Method
 ",U1S1T2,PSM,"PLO1: Determine the Roots of a Equation using Regula-Falsi Method
 ",34
V2L-NM,ALM 1.1.2-1      DBST,<u>ALO 1.1.2-1: Recall Regula-Falsi Method: 15 min.</u>,ALO 1.1.2-1: Recall Regula-Falsi Method: 15 min.,U1S1T2-1,ALM,ALO 1.1.2-1: Recall Regula-Falsi Method: 15 min.,0
V2L-NM,ALM 1.1.2-2                     DBST,<u>ALO 1.1.2-2: Apply Regula- Falsi Method for finding the Roots of a Equation: 16 min.</u>,ALO 1.1.2-2: Apply Regula- Falsi Method for finding the Roots of a Equation: 16 min.,U1S1T2-2,ALM,ALO 1.1.2-2: Apply Regula- Falsi Method for finding the Roots of a Equation: 16 min.,0
V2L-NM,PSM 1.1.3,"<p></p><u>Problem&nbsp;<u style=""font-size: 0.9375rem;"">Learning Outcomes: 47 min duration.</u><br></u><div>PLO1: Determine the Roots of the Equation using Newton-Raphson
Method</div><br><p></p>","Problem<u style=""font-size: 0.9375rem;"">Learning Outcomes: 47 min duration. PLO1: Determine the Roots of the Equation using Newton-Raphson
Method ",U1S1T3,PSM,"PLO1: Determine the Roots of the Equation using Newton-Raphson
Method ",47
V2L-NM,ALM 1.1.3-1             DBST,<u>ALO 1.1.3-1: Recall Newton-Raphson Method: 15 min.</u>,ALO 1.1.3-1: Recall Newton-Raphson Method: 15 min.,U1S1T3-1,ALM,ALO 1.1.3-1: Recall Newton-Raphson Method: 15 min.,0
V2L-NM,ALM 1.1.3-2          DBST,<u>ALO 1.1.3-2: Apply Newton-Raphson  Method for finding the Roots of a Equation: 17 min.</u>,ALO 1.1.3-2: Apply Newton-Raphson  Method for finding the Roots of a Equation: 17 min.,U1S1T3-2,ALM,ALO 1.1.3-2: Apply Newton-Raphson  Method for finding the Roots of a Equation: 17 min.,0
V2L-NM,PSM 1.1.4,"<p></p><div><u></u></div><u>Problem&nbsp;<u style=""font-size: 0.9375rem;"">Learning Outcomes: 32 min duration.</u><br></u><div>PLO1: Determine the Roots of a Equation&nbsp;using Secant Method</div><br><br><p></p>","Problem<u style=""font-size: 0.9375rem;"">Learning Outcomes: 32 min duration. PLO1: Determine the Roots of a Equationusing Secant Method  ",U1S1T4,PSM,PLO1: Determine the Roots of a Equationusing Secant Method  ,32
V2L-NM,ALM 1.1.4-1            DBST,<u>ALO 1.1.4-1: Recall Secant Method: 11 min.</u>,ALO 1.1.4-1: Recall Secant Method: 11 min.,U1S1T4-1,ALM,ALO 1.1.4-1: Recall Secant Method: 11 min.,0
V2L-NM,ALM 1.1.4-2              DBST,<u>ALO 1.1.4-2: Apply Secant Method for finding the Roots of a Equation: 11 min.</u>,ALO 1.1.4-2: Apply Secant Method for finding the Roots of a Equation: 11 min.,U1S1T4-2,ALM,ALO 1.1.4-2: Apply Secant Method for finding the Roots of a Equation: 11 min.,0
V2L-NM,PSM 1.2.1,"<p></p><div><u></u></div><u>Problem&nbsp;<u style=""font-size: 0.9375rem;"">Learning Outcomes: 31 min duration.</u><br></u><div>PLO1: Solve Linear Equations using&nbsp;Gauss Elimination Method</div><br><br><p></p>","Problem<u style=""font-size: 0.9375rem;"">Learning Outcomes: 31 min duration. PLO1: Solve Linear Equations usingGauss Elimination Method  ",U1S2T1,PSM,PLO1: Solve Linear Equations usingGauss Elimination Method  ,31
V2L-NM,ALM 1.2.1-1        DBST,<u>ALO 1.2.1-1: Describe the System of Linear Equations: 21 min.</u>,ALO 1.2.1-1: Describe the System of Linear Equations: 21 min.,U1S2T1-1,ALM,ALO 1.2.1-1: Describe the System of Linear Equations: 21 min.,0
V2L-NM,ALM 1.2.1-2                       DBST,<u>ALO 1.2.1-2: Recall Gauss Elimination Method for solving the Linear Equation: 15 min.</u>,ALO 1.2.1-2: Recall Gauss Elimination Method for solving the Linear Equation: 15 min.,U1S2T1-2,ALM,ALO 1.2.1-2: Recall Gauss Elimination Method for solving the Linear Equation: 15 min.,0
V2L-NM,ALM 1.2.1-3         DBST,<u>ALO 1.2.1-3: Apply the Gauss Elimination Method for solving the Linear Equations: 12 min.</u>,ALO 1.2.1-3: Apply the Gauss Elimination Method for solving the Linear Equations: 12 min.,U1S2T1-3,ALM,ALO 1.2.1-3: Apply the Gauss Elimination Method for solving the Linear Equations: 12 min.,0
V2L-NM,PSM 1.2.2,"<p></p><div><u></u></div><p><span></span></p><u>Problem&nbsp;<u style=""font-size: 0.9375rem;"">Learning Outcomes: 37 min duration.</u><br></u><div style="""">PLO1: Solve Linear Equations using&nbsp;Gauss-Jordan Elimination Method</div><div style="""">PLO2: Find Inverse of a Matrix using&nbsp;Gauss-Jordan Elimination Method</div><br><br><p></p><div><div><div><a href=""https://enlp.in/course/view.php?id=179&amp;section=155#""><i></i></a></div></div></div><br><br><p></p>","Problem<u style=""font-size: 0.9375rem;"">Learning Outcomes: 37 min duration. <div style="""">PLO1: Solve Linear Equations usingGauss-Jordan Elimination Method<div style="""">PLO2: Find Inverse of a Matrix usingGauss-Jordan Elimination Method  <a href=""https://enlp.in/course/view.php?id=179&amp;section=155#""><i></i></a>  ",U1S2T2,PSM,"<div style="""">PLO1: Solve Linear Equations usingGauss-Jordan Elimination Method<div style="""">PLO2: Find Inverse of a Matrix usingGauss-Jordan Elimination Method  <a href=""https://enlp.in/course/view.php?id=179&amp;section=155#""><i></i></a>  ",37
V2L-NM,ALM 1.2.2-1             DBST,<u>ALO 1.2.2-1: Recall Gauss-Jordan Elimination Method for Solving the Linear Equations: 16 min.</u>,ALO 1.2.2-1: Recall Gauss-Jordan Elimination Method for Solving the Linear Equations: 16 min.,U1S2T2-1,ALM,ALO 1.2.2-1: Recall Gauss-Jordan Elimination Method for Solving the Linear Equations: 16 min.,0
V2L-NM,ALM 1.2.2-2             DBST,<u>ALO 1.2.2-2: Apply the Gauss-Jordan Elimination Method for solving the Linear Equations: 15 min.</u>,ALO 1.2.2-2: Apply the Gauss-Jordan Elimination Method for solving the Linear Equations: 15 min.,U1S2T2-2,ALM,ALO 1.2.2-2: Apply the Gauss-Jordan Elimination Method for solving the Linear Equations: 15 min.,0
V2L-NM,PSM 1.2.3,"<p></p><div><u></u></div><u>Problem&nbsp;<u style=""font-size: 0.9375rem;"">Learning Outcomes: 45 min duration.</u><br></u><div>PLO1: Solve Linear Equations using&nbsp;LU Decomposition Method</div><div>PLO2: Solve Linear Equations using&nbsp;Crout’s and Doolittle’s Decomposition Methods</div><br><p></p>","Problem<u style=""font-size: 0.9375rem;"">Learning Outcomes: 45 min duration. PLO1: Solve Linear Equations usingLU Decomposition MethodPLO2: Solve Linear Equations usingCrout’s and Doolittle’s Decomposition Methods ",U1S2T3,PSM,PLO1: Solve Linear Equations usingLU Decomposition MethodPLO2: Solve Linear Equations usingCrout’s and Doolittle’s Decomposition Methods ,45
V2L-NM,ALM 1.2.3-1&2                    DBST,<u>ALO 1.2.3-1: Describe LU Decomposition Method for solving the Linear Equations: 19 min.<br>ALO 1.2.3-2Describe Doolittle's and Crout's methods</u>,ALO 1.2.3-1: Describe LU Decomposition Method for solving the Linear Equations: 19 min. ALO 1.2.3-2Describe Doolittle's and Crout's methods,U1S2T3-12,ALM,ALO 1.2.3-1: Describe LU Decomposition Method for solving the Linear Equations: 19 min. ALO 1.2.3-2Describe Doolittle's and Crout's methods,0
V2L-NM,ALM 1.2.3-3      DBST,<u>ALO 1.2.3-3: Apply LU Decomposition Method for solving the Linear Equations: 21 min.</u>,ALO 1.2.3-3: Apply LU Decomposition Method for solving the Linear Equations: 21 min.,U1S2T3-3,ALM,ALO 1.2.3-3: Apply LU Decomposition Method for solving the Linear Equations: 21 min.,0
V2L-NM,PSM 1.2.4,"<p></p><u>Problem&nbsp;<u style=""font-size: 0.9375rem;"">Learning Outcomes: 35 min duration.</u><br></u><div>PLO1: Solve the Linear Equations using Jacobi Method </div>

<div>PLO2: Solve the Linear Equations using Gauss-Seidel Method<u>
</u></div><br><p></p>","Problem<u style=""font-size: 0.9375rem;"">Learning Outcomes: 35 min duration. PLO1: Solve the Linear Equations using Jacobi Method 

PLO2: Solve the Linear Equations using Gauss-Seidel Method
 ",U1S2T4,PSM,"PLO1: Solve the Linear Equations using Jacobi Method 

PLO2: Solve the Linear Equations using Gauss-Seidel Method
 ",35
V2L-NM,ALM 1.2.4-1                 DBST,<u>ALO 1.2.4-1: Describe Jacobi Method for solving the Linear Equations: 23 min.</u>,ALO 1.2.4-1: Describe Jacobi Method for solving the Linear Equations: 23 min.,U1S2T4-1,ALM,ALO 1.2.4-1: Describe Jacobi Method for solving the Linear Equations: 23 min.,0
V2L-NM,ALM 1.2.4-2          DBST,<u>ALO 1.2.4-2: Apply Jacobi Method for solving the Linear Equations: 17 min.</u>,ALO 1.2.4-2: Apply Jacobi Method for solving the Linear Equations: 17 min.,U1S2T4-2,ALM,ALO 1.2.4-2: Apply Jacobi Method for solving the Linear Equations: 17 min.,0
V2L-NM,ALM 1.2.4-3               DBST,<u>ALO 1.2.4-3: Describe Gauss-Seidel Method for solving the Linear Equations: 12 min.</u>,ALO 1.2.4-3: Describe Gauss-Seidel Method for solving the Linear Equations: 12 min.,U1S2T4-3,ALM,ALO 1.2.4-3: Describe Gauss-Seidel Method for solving the Linear Equations: 12 min.,0
V2L-NM,ALM 1.2.4-4            DBST,<u>ALO 1.2.4-4: Apply Gauss-Seidal method for solving the Linear Equations: 12 min.</u>,ALO 1.2.4-4: Apply Gauss-Seidal method for solving the Linear Equations: 12 min.,U1S2T4-4,ALM,ALO 1.2.4-4: Apply Gauss-Seidal method for solving the Linear Equations: 12 min.,0
V2L-NM,PSM 1.2.5,"<p></p><u>Problem&nbsp;<u style=""font-size: 0.9375rem;"">Learning Outcomes: 29 min duration.</u><br></u><div><span style=""font-size: 0.9375rem;"">PLO1: Evaluate the Largest Eigenvalues and the Eigenvectors using
Rayleigh Power Method</span></div><br><p></p>","Problem<u style=""font-size: 0.9375rem;"">Learning Outcomes: 29 min duration. <span style=""font-size: 0.9375rem;"">PLO1: Evaluate the Largest Eigenvalues and the Eigenvectors using
Rayleigh Power Method ",U1S2T5,PSM,"<span style=""font-size: 0.9375rem;"">PLO1: Evaluate the Largest Eigenvalues and the Eigenvectors using
Rayleigh Power Method ",29
V2L-NM,ALM 1.2.5-1                DBST,<u>ALO 1.2.5-1: Recall the Eigenvalues and corresponding Eigenvectors: 17 min.</u>,ALO 1.2.5-1: Recall the Eigenvalues and corresponding Eigenvectors: 17 min.,U1S2T5-1,ALM,ALO 1.2.5-1: Recall the Eigenvalues and corresponding Eigenvectors: 17 min.,0
V2L-NM,ALM 1.2.5-2                DBST,<u>ALO 1.2.5-2: Describe Rayleigh Power Method to evaluate Largest Eigenvalues and corresponding Eigenvectors: 29 min.</u>,ALO 1.2.5-2: Describe Rayleigh Power Method to evaluate Largest Eigenvalues and corresponding Eigenvectors: 29 min.,U1S2T5-2,ALM,ALO 1.2.5-2: Describe Rayleigh Power Method to evaluate Largest Eigenvalues and corresponding Eigenvectors: 29 min.,0
V2L-NM,PSM 2.1.1,"<p></p><u>Problem&nbsp;<u style=""font-size: 0.9375rem;"">Learning Outcomes: 65 min duration.</u><br></u><div>PLO1: Evaluate the value of Difference Operator</div>

<div>PLO2: Verify the Difference Operator statements<u>
</u></div><br><p></p>","Problem<u style=""font-size: 0.9375rem;"">Learning Outcomes: 65 min duration. PLO1: Evaluate the value of Difference Operator

PLO2: Verify the Difference Operator statements
 ",U2S1T1,PSM,"PLO1: Evaluate the value of Difference Operator

PLO2: Verify the Difference Operator statements
 ",65
V2L-NM,ALM 2.1.1-1            DBST,<u>ALO 2.1.1-1:  Describe the following Operators&nbsp;: 47 Min.</u><br>&nbsp; &nbsp; &nbsp; &nbsp; &nbsp; &nbsp; &nbsp; &nbsp; &nbsp; &nbsp; &nbsp;<u>i. Forward Difference</u><br>&nbsp; &nbsp; &nbsp; &nbsp; &nbsp; &nbsp; &nbsp; &nbsp; &nbsp; &nbsp; &nbsp;<u>ii. Backward Difference</u><br>&nbsp; &nbsp; &nbsp; &nbsp; &nbsp; &nbsp; &nbsp; &nbsp; &nbsp; &nbsp; &nbsp;<u>iii. Shift Operator</u><br>&nbsp; &nbsp; &nbsp; &nbsp; &nbsp; &nbsp; &nbsp; &nbsp; &nbsp; &nbsp; &nbsp;<u>iv. Central Difference Operator</u><br>&nbsp; &nbsp; &nbsp; &nbsp; &nbsp; &nbsp; &nbsp; &nbsp; &nbsp; &nbsp; &nbsp;<u>v. Average Operator</u>,ALO 2.1.1-1:  Describe the following Operators: 47 Min. i. Forward Difference ii. Backward Difference iii. Shift Operator iv. Central Difference Operator v. Average Operator,U2S1T1-1,ALM,ALO 2.1.1-1:  Describe the following Operators: 47 Min. i. Forward Difference ii. Backward Difference iii. Shift Operator iv. Central Difference Operator v. Average Operator,0
V2L-NM,ALM 2.1.1-2                   DBST,<u>ALO 2.1.1-2: Relate various Operators: 16 Min.</u>,ALO 2.1.1-2: Relate various Operators: 16 Min.,U2S1T1-2,ALM,ALO 2.1.1-2: Relate various Operators: 16 Min.,0
V2L-NM,PSM 2.1.2,"<p></p><u>Problem&nbsp;<u style=""font-size: 0.9375rem;"">Learning Outcomes: 46 min duration.</u><br></u><div>PLO1: Determine the Forward and Backward Finite Difference Table</div><div>PLO2: Determine the missing term using Finite Difference Table</div><br><br><p></p>","Problem<u style=""font-size: 0.9375rem;"">Learning Outcomes: 46 min duration. PLO1: Determine the Forward and Backward Finite Difference TablePLO2: Determine the missing term using Finite Difference Table  ",U2S1T2,PSM,PLO1: Determine the Forward and Backward Finite Difference TablePLO2: Determine the missing term using Finite Difference Table  ,46
V2L-NM,ALM 2.1.2-1               DBST,<u>ALO 2.1.2-1: Describe the Forward and Backward Finite Difference Table: 30 min.</u>,ALO 2.1.2-1: Describe the Forward and Backward Finite Difference Table: 30 min.,U2S1T2-1,ALM,ALO 2.1.2-1: Describe the Forward and Backward Finite Difference Table: 30 min.,0
V2L-NM,ALM 2.1.2-2                   DBST,<u>ALO 2.1.2-2: Find the missing term using Finite Difference Table: 16 min.</u>,ALO 2.1.2-2: Find the missing term using Finite Difference Table: 16 min.,U2S1T2-2,ALM,ALO 2.1.2-2: Find the missing term using Finite Difference Table: 16 min.,0
V2L-NM,PSM 2.1.3,"<p></p><u>Problem&nbsp;<u style=""font-size: 0.9375rem;"">Learning Outcomes: 44 min duration.</u><br></u><div>PLO1: Apply the method of Separation of Symbols to prove the
useful Identities<u>
</u></div>

<div>PLO2: Prove a polynomial in its successive differences and also in
Factorial Notation</div><br><p></p>","Problem<u style=""font-size: 0.9375rem;"">Learning Outcomes: 44 min duration. PLO1: Apply the method of Separation of Symbols to prove the
useful Identities


PLO2: Prove a polynomial in its successive differences and also in
Factorial Notation ",U2S1T3,PSM,"PLO1: Apply the method of Separation of Symbols to prove the
useful Identities


PLO2: Prove a polynomial in its successive differences and also in
Factorial Notation ",44
V2L-NM,ALM 2.1.3-1                 DBST,<u>ALO 2.1.3-1: Describe the method of Separation of Symbols and it to prove the useful Identities: 19 min.</u>,ALO 2.1.3-1: Describe the method of Separation of Symbols and it to prove the useful Identities: 19 min.,U2S1T3-1,ALM,ALO 2.1.3-1: Describe the method of Separation of Symbols and it to prove the useful Identities: 19 min.,0
V2L-NM,ALM 2.1.3-2                 DBST,<u>ALO 2.1.3-2: Show a Polynomial in its successive differences and also in Factorial Notation: 22 min.</u>,ALO 2.1.3-2: Show a Polynomial in its successive differences and also in Factorial Notation: 22 min.,U2S1T3-2,ALM,ALO 2.1.3-2: Show a Polynomial in its successive differences and also in Factorial Notation: 22 min.,0
V2L-NM,PSM 2.2.1,"<p></p><div><u></u></div><u>Problem&nbsp;<u style=""font-size: 0.9375rem;"">Learning Outcomes: 34 min duration.</u><br></u><div>PLO1: Determine the polynomial using Lagrange Interpolation for a given set of data<u></u></div><div>PLO2: Discuss Lagrange’s Interpolation Formula for the&nbsp;given sets of data</div><br><br><p></p>","Problem<u style=""font-size: 0.9375rem;"">Learning Outcomes: 34 min duration. PLO1: Determine the polynomial using Lagrange Interpolation for a given set of dataPLO2: Discuss Lagrange’s Interpolation Formula for thegiven sets of data  ",U2S2T1,PSM,PLO1: Determine the polynomial using Lagrange Interpolation for a given set of dataPLO2: Discuss Lagrange’s Interpolation Formula for thegiven sets of data  ,34
V2L-NM,ALM 2.2.1-1                DBST,<u>ALO 2.2.1-1: Recall the term Interpolation: 7 min.</u>,ALO 2.2.1-1: Recall the term Interpolation: 7 min.,U2S2T1-1,ALM,ALO 2.2.1-1: Recall the term Interpolation: 7 min.,0
V2L-NM,ALM 2.2.1-2                   DBST,<u>ALO 2.2.1-2: Formulate Lagrange Interpolation: 8 min.</u>,ALO 2.2.1-2: Formulate Lagrange Interpolation: 8 min.,U2S2T1-2,ALM,ALO 2.2.1-2: Formulate Lagrange Interpolation: 8 min.,0
V2L-NM,ALM 2.2.1-3                     DBST,<u>ALO 2.2.1-3: Apply Lagrange's Interpolation Formula for a given set of data: 10 min.</u>,ALO 2.2.1-3: Apply Lagrange's Interpolation Formula for a given set of data: 10 min.,U2S2T1-3,ALM,ALO 2.2.1-3: Apply Lagrange's Interpolation Formula for a given set of data: 10 min.,0
V2L-NM,PSM 2.2.2,"<p></p><div><u></u></div><p><span></span></p><u>Problem&nbsp;<u style=""font-size: 0.9375rem;"">Learning Outcomes: 34 min duration.</u><br></u><div style="""">PLO1: Interpolate the given Function from a given Dataset using Hermite’s Interpolation Formula&nbsp;</div><br><br><p></p><div><div><div><a href=""https://enlp.in/course/view.php?id=179&amp;sectionid=12740#""><i></i></a></div></div></div><br><br><p></p>","Problem<u style=""font-size: 0.9375rem;"">Learning Outcomes: 34 min duration. <div style="""">PLO1: Interpolate the given Function from a given Dataset using Hermite’s Interpolation Formula  <a href=""https://enlp.in/course/view.php?id=179&amp;sectionid=12740#""><i></i></a>  ",U2S2T2,PSM,"<div style="""">PLO1: Interpolate the given Function from a given Dataset using Hermite’s Interpolation Formula  <a href=""https://enlp.in/course/view.php?id=179&amp;sectionid=12740#""><i></i></a>  ",34
V2L-NM,ALM 2.2.2-1                DBST,<u>ALO 2.2.2-1: Formulate Hermite Interpolation: 19 min.</u>,ALO 2.2.2-1: Formulate Hermite Interpolation: 19 min.,U2S2T2-1,ALM,ALO 2.2.2-1: Formulate Hermite Interpolation: 19 min.,0
V2L-NM,ALM 2.2.2-2                       DBST,<u>ALO 2.2.2-2: Apply Hermite’s Interpolation Formula for a given set of data: 22 Min.</u>,ALO 2.2.2-2: Apply Hermite’s Interpolation Formula for a given set of data: 22 Min.,U2S2T2-2,ALM,ALO 2.2.2-2: Apply Hermite’s Interpolation Formula for a given set of data: 22 Min.,0
V2L-NM,PSM 2.2.3,"<p></p><u>Problem&nbsp;<u style=""font-size: 0.9375rem;"">Learning Outcomes: 35 min duration.</u><br></u><div>PLO1: Construct the Divided Difference Table for the given set of
data<u>
</u></div>

<div>PLO2: Verify the expression using Divided Difference Method</div><br><p></p>","Problem<u style=""font-size: 0.9375rem;"">Learning Outcomes: 35 min duration. PLO1: Construct the Divided Difference Table for the given set of
data


PLO2: Verify the expression using Divided Difference Method ",U2S2T3,PSM,"PLO1: Construct the Divided Difference Table for the given set of
data


PLO2: Verify the expression using Divided Difference Method ",35
V2L-NM,ALM 2.2.3-1&2                 DBST,<u>ALO 2.2.3-1: Describe the Divided Differences: 14 min.<br>ALO 2.2.3-2: Differentiate between Finite Differences and Divided Differences</u>,ALO 2.2.3-1: Describe the Divided Differences: 14 min. ALO 2.2.3-2: Differentiate between Finite Differences and Divided Differences,U2S2T3-12,ALM,ALO 2.2.3-1: Describe the Divided Differences: 14 min. ALO 2.2.3-2: Differentiate between Finite Differences and Divided Differences,0
V2L-NM,ALM 2.2.3-3           DBST,<u>ALO 2.2.3-3: Recall the Divided Difference Table: 22 min.</u>,ALO 2.2.3-3: Recall the Divided Difference Table: 22 min.,U2S2T3-3,ALM,ALO 2.2.3-3: Recall the Divided Difference Table: 22 min.,0
V2L-NM,PSM 2.2.4,"<p></p><div><u></u></div><u>Problem&nbsp;<u style=""font-size: 0.9375rem;"">Learning Outcomes: 36 min duration.</u><br></u><div>PLO1: Find the value of a given function from the given set of data using&nbsp;Newton’s Divided Difference Method of Interpolation&nbsp;</div><br><br><p></p>","Problem<u style=""font-size: 0.9375rem;"">Learning Outcomes: 36 min duration. PLO1: Find the value of a given function from the given set of data usingNewton’s Divided Difference Method of Interpolation  ",U2S2T4,PSM,PLO1: Find the value of a given function from the given set of data usingNewton’s Divided Difference Method of Interpolation  ,36
V2L-NM,ALM 2.2.4-1              DBST,<u>ALO 2.2.4-1: Recall Newton's Divided Difference Method of Interpolation: 13 min.</u>,ALO 2.2.4-1: Recall Newton's Divided Difference Method of Interpolation: 13 min.,U2S2T4-1,ALM,ALO 2.2.4-1: Recall Newton's Divided Difference Method of Interpolation: 13 min.,0
V2L-NM,ALM 2.2.4-2            DBST,<u>ALO 2.2.4-2: Apply Newton Divided Difference Method of Interpolation for the given set of data: 13 min.</u>,ALO 2.2.4-2: Apply Newton Divided Difference Method of Interpolation for the given set of data: 13 min.,U2S2T4-2,ALM,ALO 2.2.4-2: Apply Newton Divided Difference Method of Interpolation for the given set of data: 13 min.,0
V2L-NM,PSM 2.2.5,"<p></p><div><u></u></div><p><span></span></p><u>Problem&nbsp;<u style=""font-size: 0.9375rem;"">Learning Outcomes: 39 min duration.</u><br></u><div style="""">PLO1: Find the value of a given function from the given set of data using Gregory-Newton Forward Interpolation Formula&nbsp;</div><div style="""">PLO2: Find the value of a given function from the given set of data&nbsp;using Gregory-Newton Backward Interpolation Formula&nbsp;</div><br><br><p></p><div><div><div><a href=""https://enlp.in/course/view.php?id=179&amp;sectionid=12740#""><i></i></a></div></div></div><br><br><p></p>","Problem<u style=""font-size: 0.9375rem;"">Learning Outcomes: 39 min duration. <div style="""">PLO1: Find the value of a given function from the given set of data using Gregory-Newton Forward Interpolation Formula<div style="""">PLO2: Find the value of a given function from the given set of datausing Gregory-Newton Backward Interpolation Formula  <a href=""https://enlp.in/course/view.php?id=179&amp;sectionid=12740#""><i></i></a>  ",U2S2T5,PSM,"<div style="""">PLO1: Find the value of a given function from the given set of data using Gregory-Newton Forward Interpolation Formula<div style="""">PLO2: Find the value of a given function from the given set of datausing Gregory-Newton Backward Interpolation Formula  <a href=""https://enlp.in/course/view.php?id=179&amp;sectionid=12740#""><i></i></a>  ",39
V2L-NM,ALM 2.2.5-1                     DBST,<u>ALO 2.2.5-1: Describe Gregory-Newton Forward Interpolation Formula: 24 min.</u>,ALO 2.2.5-1: Describe Gregory-Newton Forward Interpolation Formula: 24 min.,U2S2T5-1,ALM,ALO 2.2.5-1: Describe Gregory-Newton Forward Interpolation Formula: 24 min.,0
V2L-NM,ALM 2.2.5-2                   DBST,<u>ALO 2.2.5-2: Apply Gregory-Newton Forward Interpolation Formula for the given set of data: 16 min.</u>,ALO 2.2.5-2: Apply Gregory-Newton Forward Interpolation Formula for the given set of data: 16 min.,U2S2T5-2,ALM,ALO 2.2.5-2: Apply Gregory-Newton Forward Interpolation Formula for the given set of data: 16 min.,0
V2L-NM,ALM 2.2.5-3               DBST,<u>ALO 2.2.5-3: Describe Gregory-Newton Backward Interpolation Formula: 9 min.</u>,ALO 2.2.5-3: Describe Gregory-Newton Backward Interpolation Formula: 9 min.,U2S2T5-3,ALM,ALO 2.2.5-3: Describe Gregory-Newton Backward Interpolation Formula: 9 min.,0
V2L-NM,ALM 2.2.5-4                DBST,<u>ALO 2.2.5-4: Apply Gregory-Newton Backward Interpolation Formula for the given set of data: 15 min.</u>,ALO 2.2.5-4: Apply Gregory-Newton Backward Interpolation Formula for the given set of data: 15 min.,U2S2T5-4,ALM,ALO 2.2.5-4: Apply Gregory-Newton Backward Interpolation Formula for the given set of data: 15 min.,0
V2L-NM,PSM 2.2.6,"<p></p><div><u></u></div><u>Problem&nbsp;<u style=""font-size: 0.9375rem;"">Learning Outcomes: 39 min duration.</u><br></u><div>PLO1: Solve PYQs on Gauss’s Forward Formula of Interpolation on the given set of data</div><div>PLO2: Solve PYQs on Gauss’s Backward Formula of Interpolation on the given set of data</div><div>PLO3: Solve PYQs on Stirling’s Formula of Interpolation on the given set of data</div><br><br><p></p>","Problem<u style=""font-size: 0.9375rem;"">Learning Outcomes: 39 min duration. PLO1: Solve PYQs on Gauss’s Forward Formula of Interpolation on the given set of dataPLO2: Solve PYQs on Gauss’s Backward Formula of Interpolation on the given set of dataPLO3: Solve PYQs on Stirling’s Formula of Interpolation on the given set of data  ",U2S2T6,PSM,PLO1: Solve PYQs on Gauss’s Forward Formula of Interpolation on the given set of dataPLO2: Solve PYQs on Gauss’s Backward Formula of Interpolation on the given set of dataPLO3: Solve PYQs on Stirling’s Formula of Interpolation on the given set of data  ,39
V2L-NM,ALM 2.2.6-1             DBST,<u>ALO 2.2.6-1: Describe Gauss's Forward Formula  of Interpolation: 11 min.</u>,ALO 2.2.6-1: Describe Gauss's Forward Formula  of Interpolation: 11 min.,U2S2T6-1,ALM,ALO 2.2.6-1: Describe Gauss's Forward Formula  of Interpolation: 11 min.,0
V2L-NM,ALM 2.2.6-2            DBST,<u>ALO 2.2.6-2: Apply Gauss's Formula of Interpolation for the given set of data: 15 min.</u>,ALO 2.2.6-2: Apply Gauss's Formula of Interpolation for the given set of data: 15 min.,U2S2T6-2,ALM,ALO 2.2.6-2: Apply Gauss's Formula of Interpolation for the given set of data: 15 min.,0
V2L-NM,ALM 2.2.6-3           DBST,<u>ALO 2.2.6-3: Describe Gauss's Backward Formula of Interpolation: 6 min.</u>,ALO 2.2.6-3: Describe Gauss's Backward Formula of Interpolation: 6 min.,U2S2T6-3,ALM,ALO 2.2.6-3: Describe Gauss's Backward Formula of Interpolation: 6 min.,0
V2L-NM,ALM 2.2.6-4            DBST,<u>ALO 2.2.6-4: Apply Gauss's Backward Formula of Interpolation for the given set of data: 16 min.</u>,ALO 2.2.6-4: Apply Gauss's Backward Formula of Interpolation for the given set of data: 16 min.,U2S2T6-4,ALM,ALO 2.2.6-4: Apply Gauss's Backward Formula of Interpolation for the given set of data: 16 min.,0
V2L-NM,ALM 2.2.6-5              DBST,<u>ALO 2.2.6-5: Describe Stirling's Formula of Interppolation: 14 min.</u>,ALO 2.2.6-5: Describe Stirling's Formula of Interppolation: 14 min.,U2S2T6-5,ALM,ALO 2.2.6-5: Describe Stirling's Formula of Interppolation: 14 min.,0
V2L-NM,ALM 2.2.6-6                DBST,<u>ALO 2.2.6-6: Apply Stirling's Formula of Interpolation for the given set of data: 14 min.</u>,ALO 2.2.6-6: Apply Stirling's Formula of Interpolation for the given set of data: 14 min.,U2S2T6-6,ALM,ALO 2.2.6-6: Apply Stirling's Formula of Interpolation for the given set of data: 14 min.,0
V2L-NM,PSM 2.3.1,"<p></p><u>Problem&nbsp;<u style=""font-size: 0.9375rem;"">Learning Outcomes: 25 min duration.</u><br></u><div>PLO1: Apply the Numerical Differentiation to find the derivative from the given set of Data</div><br><br><p></p>","Problem<u style=""font-size: 0.9375rem;"">Learning Outcomes: 25 min duration. PLO1: Apply the Numerical Differentiation to find the derivative from the given set of Data  ",U2S3T1,PSM,PLO1: Apply the Numerical Differentiation to find the derivative from the given set of Data  ,25
V2L-NM,ALM 2.3.1-1                        DBST,<u>ALO 2.3.1-1: Describe Numerical Differentiation: 22 Min.</u>,ALO 2.3.1-1: Describe Numerical Differentiation: 22 Min.,U2S3T1-1,ALM,ALO 2.3.1-1: Describe Numerical Differentiation: 22 Min.,0
V2L-NM,ALM 2.3.1-2              DBST,<u>ALO 2.3.1-2: Apply the concept of Numerical differentiation to find the derivatives at a point from the given set of data: 13 min.</u>,ALO 2.3.1-2: Apply the concept of Numerical differentiation to find the derivatives at a point from the given set of data: 13 min.,U2S3T1-2,ALM,ALO 2.3.1-2: Apply the concept of Numerical differentiation to find the derivatives at a point from the given set of data: 13 min.,0
V2L-NM,PSM 2.3.2,"<p></p><u>Problem&nbsp;<u style=""font-size: 0.9375rem;"">Learning Outcomes: 46 min duration.</u><br></u><div>PLO1: Apply the Trapezoidal rule to find the definite integral</div><br><p></p>","Problem<u style=""font-size: 0.9375rem;"">Learning Outcomes: 46 min duration. PLO1: Apply the Trapezoidal rule to find the definite integral ",U2S3T2,PSM,PLO1: Apply the Trapezoidal rule to find the definite integral ,46
V2L-NM,ALM 2.3.2-1               DBST,<u>ALO 2.3.2-1: Describe Newton-Cotes Formulas: 23 min.</u>,ALO 2.3.2-1: Describe Newton-Cotes Formulas: 23 min.,U2S3T2-1,ALM,ALO 2.3.2-1: Describe Newton-Cotes Formulas: 23 min.,0
V2L-NM,ALM 2.3.2-2                 DBST,<u>ALO 2.3.2-2: Deduce the Trapezoidal Rule From Newton-Cotes Formulas: 10 min.</u>,ALO 2.3.2-2: Deduce the Trapezoidal Rule From Newton-Cotes Formulas: 10 min.,U2S3T2-2,ALM,ALO 2.3.2-2: Deduce the Trapezoidal Rule From Newton-Cotes Formulas: 10 min.,0
V2L-NM,PSM 2.3.3,"<p></p><div><u></u></div><u>Problem&nbsp;<u style=""font-size: 0.9375rem;"">Learning Outcomes: 57 min duration.</u><br></u><div>PLO1: Find the approximate value of the integral&nbsp;using Simpson’s 1/3rd Rule&nbsp;</div><div>PLO2:&nbsp;Find the approximate value of the integral using&nbsp;Simpson’s 3/8th Rule&nbsp;</div><div><u></u></div><br><br><p></p>","Problem<u style=""font-size: 0.9375rem;"">Learning Outcomes: 57 min duration. PLO1: Find the approximate value of the integralusing Simpson’s 1/3rd RulePLO2:Find the approximate value of the integral usingSimpson’s 3/8th Rule  ",U2S3T3,PSM,PLO1: Find the approximate value of the integralusing Simpson’s 1/3rd RulePLO2:Find the approximate value of the integral usingSimpson’s 3/8th Rule  ,57
V2L-NM,ALM 2.3.3-1                     DBST,<u>ALO 2.3.3-1: Describe Simpson's 1/3rd Rule: 21 min.</u>,ALO 2.3.3-1: Describe Simpson's 1/3rd Rule: 21 min.,U2S3T3-1,ALM,ALO 2.3.3-1: Describe Simpson's 1/3rd Rule: 21 min.,0
V2L-NM,ALM 2.3.3-2                    DBST,<u>ALO 2.3.3-2: Apply the Simpson's 1/3rd rule to find the approximate value of the integral: 10 min.</u>,ALO 2.3.3-2: Apply the Simpson's 1/3rd rule to find the approximate value of the integral: 10 min.,U2S3T3-2,ALM,ALO 2.3.3-2: Apply the Simpson's 1/3rd rule to find the approximate value of the integral: 10 min.,0
V2L-NM,ALM 2.3.3-3                DBST,<u>ALO 2.3.3-3: Describe Simpson's 3/8 Rule: 5 min.</u>,ALO 2.3.3-3: Describe Simpson's 3/8 Rule: 5 min.,U2S3T3-3,ALM,ALO 2.3.3-3: Describe Simpson's 3/8 Rule: 5 min.,0
V2L-NM,ALM 2.3.3-4                 DBST,"<u>ALO 2.3.3-4: Apply the Simpson""s 3/8 Rule to find the approximate value of the integral: 10 min.</u>","ALO 2.3.3-4: Apply the Simpson""s 3/8 Rule to find the approximate value of the integral: 10 min.",U2S3T3-4,ALM,"ALO 2.3.3-4: Apply the Simpson""s 3/8 Rule to find the approximate value of the integral: 10 min.",0
V2L-NM,PSM 2.3.4,"<p></p><div><u></u></div><u>Problem&nbsp;<u style=""font-size: 0.9375rem;"">Learning Outcomes: -- min duration.</u><br></u><div>PLO1: Find the derivative from the set of data using&nbsp;Numerical Differentiation&nbsp;</div><br><br><p></p>","Problem<u style=""font-size: 0.9375rem;"">Learning Outcomes: -- min duration. PLO1: Find the derivative from the set of data usingNumerical Differentiation  ",U2S3T4,PSM,PLO1: Find the derivative from the set of data usingNumerical Differentiation  ,0
V2L-NM,ALM 2.3.4-1                   DBST,"<u>ALO 2.3.4-1: Describe he Gaussian ONE- Point, Two- Point and Three- Point Formula: 26 Min.</u>","ALO 2.3.4-1: Describe he Gaussian ONE- Point, Two- Point and Three- Point Formula: 26 Min.",U2S3T4-1,ALM,"ALO 2.3.4-1: Describe he Gaussian ONE- Point, Two- Point and Three- Point Formula: 26 Min.",0
V2L-NM,ALM 2.3.4-2                  DBST,"<u>ALO 2.3.4-2: Apply the Gaussian One-Point, Two- Point and Three- Point Formula to find the Definite Integral: 12 Min.</u>","ALO 2.3.4-2: Apply the Gaussian One-Point, Two- Point and Three- Point Formula to find the Definite Integral: 12 Min.",U2S3T4-2,ALM,"ALO 2.3.4-2: Apply the Gaussian One-Point, Two- Point and Three- Point Formula to find the Definite Integral: 12 Min.",0
V2L-NM,ALM 2.3.4-3               DBST,<u>ALO3: Describe the Quadrature Formulas: 38 Min.</u><br>&nbsp; &nbsp; &nbsp; &nbsp; &nbsp; &nbsp; <u>i.  Gauss- Legendre Formula</u><br>&nbsp; &nbsp; &nbsp; &nbsp; &nbsp; &nbsp; <u>ii.  Gauss- Chebyshev Formula</u><br>&nbsp; &nbsp; &nbsp; &nbsp; &nbsp; &nbsp; <u>iii.  Gauss- Hermite Formula</u><br>&nbsp; &nbsp; &nbsp; &nbsp; &nbsp; &nbsp; <u>iv.  Gauss- Laguerre Formula</u>,ALO3: Describe the Quadrature Formulas: 38 Min. i.  Gauss- Legendre Formula ii.  Gauss- Chebyshev Formula iii.  Gauss- Hermite Formula iv.  Gauss- Laguerre Formula,U2S3T4-3,ALM,ALO3: Describe the Quadrature Formulas: 38 Min. i.  Gauss- Legendre Formula ii.  Gauss- Chebyshev Formula iii.  Gauss- Hermite Formula iv.  Gauss- Laguerre Formula,0
V2L-NM,PSM 3.1.1,"<p></p><u>Problem&nbsp;<u style=""font-size: 0.9375rem;"">Learning Outcomes: 47 min duration.</u><br></u><div>PLO1: Apply the principle of Least Square in the form of a
polynomial to approximate the function in certain range</div><br><p></p>","Problem<u style=""font-size: 0.9375rem;"">Learning Outcomes: 47 min duration. PLO1: Apply the principle of Least Square in the form of a
polynomial to approximate the function in certain range ",U3S1T1,PSM,"PLO1: Apply the principle of Least Square in the form of a
polynomial to approximate the function in certain range ",47
V2L-NM,ALM 3.1.1-1,<u>ALO 3.1.1-1: Describe Least Square Approximation to the function: 32 min.</u>,ALO 3.1.1-1: Describe Least Square Approximation to the function: 32 min.,U3S1T1-1,ALM,ALO 3.1.1-1: Describe Least Square Approximation to the function: 32 min.,0
V2L-NM,PSM 3.1.2,"<p></p><div><u></u></div><u>Problem&nbsp;<u style=""font-size: 0.9375rem;"">Learning Outcomes: 46 min duration.</u><br></u><div>PLO1:&nbsp;Fit the given set of data in the Polynomial /Exponential Function using&nbsp;Least Square Approximation</div><br><p></p>","Problem<u style=""font-size: 0.9375rem;"">Learning Outcomes: 46 min duration. PLO1:Fit the given set of data in the Polynomial /Exponential Function usingLeast Square Approximation ",U3S1T2,PSM,PLO1:Fit the given set of data in the Polynomial /Exponential Function usingLeast Square Approximation ,46
V2L-NM,ALM 3.1.2-1.1,<u>ALO 3.1.2-1: Apply Least Square Approximation to fit the given set of data in the Polynomial / Exponential Function: 38 min.</u>,ALO 3.1.2-1: Apply Least Square Approximation to fit the given set of data in the Polynomial / Exponential Function: 38 min.,U3S1T2-11,ALM,ALO 3.1.2-1: Apply Least Square Approximation to fit the given set of data in the Polynomial / Exponential Function: 38 min.,0
V2L-NM,PSM 3.2.1,"<p></p><div><u></u></div><u>Problem&nbsp;<u style=""font-size: 0.9375rem;"">Learning Outcomes: 37 min duration.</u><br></u><div>PLO1: Discuss the Partial Differential Equation</div><div>PLO2: Demonstrate the relation of Partial Differential Equation</div><br><p></p>","Problem<u style=""font-size: 0.9375rem;"">Learning Outcomes: 37 min duration. PLO1: Discuss the Partial Differential EquationPLO2: Demonstrate the relation of Partial Differential Equation ",U3S2T1,PSM,PLO1: Discuss the Partial Differential EquationPLO2: Demonstrate the relation of Partial Differential Equation ,37
V2L-NM,ALM 3.2.1-1                      DBST,<u>ALO 3.2.1-1: Classify the Partial Differential Equation: 19 min.</u>,ALO 3.2.1-1: Classify the Partial Differential Equation: 19 min.,U3S2T1-1,ALM,ALO 3.2.1-1: Classify the Partial Differential Equation: 19 min.,0
V2L-NM,ALM 3.2.1-2           DBST,<u>ALO 3.2.1-2: Show the relation of Partial Differential Equation: 15 min.</u>,ALO 3.2.1-2: Show the relation of Partial Differential Equation: 15 min.,U3S2T1-2,ALM,ALO 3.2.1-2: Show the relation of Partial Differential Equation: 15 min.,0
V2L-NM,PSM 3.2.2,"<p></p><u>Problem&nbsp;<u style=""font-size: 0.9375rem;"">Learning Outcomes: 51 min duration.</u><br></u><div>PLO1: Apply the Finite Difference Method to solve the Laplace Equation</div><div>PLO2: Apply the Finite Difference Method to solve the Poisson Equation</div><br><br><p></p>","Problem<u style=""font-size: 0.9375rem;"">Learning Outcomes: 51 min duration. PLO1: Apply the Finite Difference Method to solve the Laplace EquationPLO2: Apply the Finite Difference Method to solve the Poisson Equation  ",U3S2T2,PSM,PLO1: Apply the Finite Difference Method to solve the Laplace EquationPLO2: Apply the Finite Difference Method to solve the Poisson Equation  ,51
V2L-NM,ALM 3.2.2-1               DBST,<u>ALO 3.2.2-1: Describe and apply the Finite Difference Method to solve the Laplace Equation: 38 min.</u>,ALO 3.2.2-1: Describe and apply the Finite Difference Method to solve the Laplace Equation: 38 min.,U3S2T2-1,ALM,ALO 3.2.2-1: Describe and apply the Finite Difference Method to solve the Laplace Equation: 38 min.,0
V2L-NM,ALM 3.2.2-2                DBST,<u>ALO 3.2.2-2: Describe and apply the Finite Difference Method to solve the Poisson Equation: 21 min.</u>,ALO 3.2.2-2: Describe and apply the Finite Difference Method to solve the Poisson Equation: 21 min.,U3S2T2-2,ALM,ALO 3.2.2-2: Describe and apply the Finite Difference Method to solve the Poisson Equation: 21 min.,0
V2L-NM,PSM 3.2.3,<p></p><div><u></u></div><div><u>Problem Learning Outcomes: 38 min duration.</u></div><div>PLO1: Solve Heat Equation&nbsp;using Bender Schmidt Method&nbsp;</div><br><br><p></p>,Problem Learning Outcomes: 38 min duration.PLO1: Solve Heat Equationusing Bender Schmidt Method  ,U3S2T3,PSM,LO1: Solve Heat Equationusing Bender Schmidt Method  ,38
V2L-NM,ALM 3.2.3-1                 DBST,<u>ALO 3.2.3-1: Describe the Bender Schmidt Method to solve the Heat Equation: 26 Min.</u>,ALO 3.2.3-1: Describe the Bender Schmidt Method to solve the Heat Equation: 26 Min.,U3S2T3-1,ALM,ALO 3.2.3-1: Describe the Bender Schmidt Method to solve the Heat Equation: 26 Min.,0
V2L-NM,ALM 3.2.3-2                   DBST,<u>ALO 3.2.3-2: Apply the Bender Schmidt Method to solve the Heat Equation: 26 Min.</u>,ALO 3.2.3-2: Apply the Bender Schmidt Method to solve the Heat Equation: 26 Min.,U3S2T3-2,ALM,ALO 3.2.3-2: Apply the Bender Schmidt Method to solve the Heat Equation: 26 Min.,0
V2L-NM,PSM 3.2.4,"<span><u>Problem&nbsp;</u></span><u style=""font-size: 0.9375rem;"">Learning Outcomes: 42 min duration.</u><span><u><br></u><div>PLO1: Solve Heat Equation&nbsp;using Crank-Nicholson Method&nbsp;</div><br><br></span>","Problem<u style=""font-size: 0.9375rem;"">Learning Outcomes: 42 min duration. PLO1: Solve Heat Equationusing Crank-Nicholson Method  ",U3S2T4,PSM,PLO1: Solve Heat Equationusing Crank-Nicholson Method  ,42
V2L-NM,ALM 3.2.4-1                DBST,<u>ALO 3.2.4-1: Describe the Crank-Nicholson Method to solve the Heat Equation: 19 Min.</u>,ALO 3.2.4-1: Describe the Crank-Nicholson Method to solve the Heat Equation: 19 Min.,U3S2T4-1,ALM,ALO 3.2.4-1: Describe the Crank-Nicholson Method to solve the Heat Equation: 19 Min.,0
V2L-NM,ALM 3.2.4-2         DBST,<u>ALO 3.2.4-2: Apply the Crank-Nicholson Method to solve the Heat Equation: 22 Min.</u>,ALO 3.2.4-2: Apply the Crank-Nicholson Method to solve the Heat Equation: 22 Min.,U3S2T4-2,ALM,ALO 3.2.4-2: Apply the Crank-Nicholson Method to solve the Heat Equation: 22 Min.,0
V2L-NM,PSM 3.2.5,"<p></p><div><u></u></div><u>Problem&nbsp;<u style=""font-size: 0.9375rem;"">Learning Outcomes: 61 min duration.</u><br></u><div>PLO1: Solve Wave Equation using Explicit Method&nbsp;</div><br><br><p></p>","Problem<u style=""font-size: 0.9375rem;"">Learning Outcomes: 61 min duration. PLO1: Solve Wave Equation using Explicit Method  ",U3S2T5,PSM,PLO1: Solve Wave Equation using Explicit Method  ,61
V2L-NM,ALM 3.2.5-1             DBST,<u>ALO 3.2.5-1: Describe the Implicit and Explicit Methods to solve the Wave Equation: 23 Min.</u>,ALO 3.2.5-1: Describe the Implicit and Explicit Methods to solve the Wave Equation: 23 Min.,U3S2T5-1,ALM,ALO 3.2.5-1: Describe the Implicit and Explicit Methods to solve the Wave Equation: 23 Min.,0
V2L-NM,ALM 3.2.5-2               DBST,<u>ALO 3.2.5-2: Apply the Implicit and Explicit Methods to solve the Wave Equation: 24 Min.</u>,ALO 3.2.5-2: Apply the Implicit and Explicit Methods to solve the Wave Equation: 24 Min.,U3S2T5-2,ALM,ALO 3.2.5-2: Apply the Implicit and Explicit Methods to solve the Wave Equation: 24 Min.,0
V2L-NM,PSM 4.1.1,"<p></p><u>Problem&nbsp;<u style=""font-size: 0.9375rem;"">Learning Outcomes: 39 min duration.</u><br></u><div>PLO1: Solve Differential
Equations using Taylor's series</div><br><p></p>","Problem<u style=""font-size: 0.9375rem;"">Learning Outcomes: 39 min duration. PLO1: Solve Differential
Equations using Taylor's series ",U4S1T1,PSM,"PLO1: Solve Differential
Equations using Taylor's series ",39
V2L-NM,ALM 4.1.1-1                  DBST,<u>ALO 4.1.1-1: Describe Taylor series method to solve the Differential Equations: 12 Min.</u>,ALO 4.1.1-1: Describe Taylor series method to solve the Differential Equations: 12 Min.,U4S1T1-1,ALM,ALO 4.1.1-1: Describe Taylor series method to solve the Differential Equations: 12 Min.,0
V2L-NM,ALM 4.1.1-2                 DBST,<u>ALO 4.1.1-2: Apply Taylor Series method to solve the Differential Equations: 16 Min.</u>,ALO 4.1.1-2: Apply Taylor Series method to solve the Differential Equations: 16 Min.,U4S1T1-2,ALM,ALO 4.1.1-2: Apply Taylor Series method to solve the Differential Equations: 16 Min.,0
V2L-NM,PSM 4.1.2,"<u>Problem&nbsp;<u style=""font-size: 0.9375rem;"">Learning Outcomes: 32 min duration.</u><br></u><div><span style=""font-size: 0.9375rem;"">PLO1: Solve the given Initial-value problem&nbsp;using Picard's Iteration method&nbsp;</span></div><br><p><br></p>","Problem<u style=""font-size: 0.9375rem;"">Learning Outcomes: 32 min duration. <span style=""font-size: 0.9375rem;"">PLO1: Solve the given Initial-value problemusing Picard's Iteration method  ",U4S1T2,PSM,"<span style=""font-size: 0.9375rem;"">PLO1: Solve the given Initial-value problemusing Picard's Iteration method  ",32
V2L-NM,ALM 4.1.2-1                     DBST,<u>ALO 4.1.2-1: Describe Picard's Iteration method to solve the given Initial-value problem: 11 Min.</u>,ALO 4.1.2-1: Describe Picard's Iteration method to solve the given Initial-value problem: 11 Min.,U4S1T2-1,ALM,ALO 4.1.2-1: Describe Picard's Iteration method to solve the given Initial-value problem: 11 Min.,0
V2L-NM,ALM 4.1.2-2                    DBST,<u>ALO 4.1.2-2: Apply Picard's Iteration method to solve the given Initial-value problem: 15 Min.</u>,ALO 4.1.2-2: Apply Picard's Iteration method to solve the given Initial-value problem: 15 Min.,U4S1T2-2,ALM,ALO 4.1.2-2: Apply Picard's Iteration method to solve the given Initial-value problem: 15 Min.,0
V2L-NM,PSM 4.1.3,"<p></p><u>Problem&nbsp;<u style=""font-size: 0.9375rem;"">Learning Outcomes: 45 min duration.</u><br></u><p></p><div>PLO1:&nbsp;<span style=""font-size: 0.9375rem;"">Solve Initial-value problem&nbsp;</span>using Euler's method&nbsp;</div><div><span style=""font-size: 0.9375rem;"">PLO2:&nbsp;<span>Solve Initial-value problem&nbsp;</span>using Euler's Modified method<br></span></div><br><p></p>","Problem<u style=""font-size: 0.9375rem;"">Learning Outcomes: 45 min duration. PLO1:<span style=""font-size: 0.9375rem;"">Solve Initial-value problemusing Euler's method<span style=""font-size: 0.9375rem;"">PLO2:Solve Initial-value problemusing Euler's Modified method  ",U4S1T3,PSM,"PLO1:<span style=""font-size: 0.9375rem;"">Solve Initial-value problemusing Euler's method<span style=""font-size: 0.9375rem;"">PLO2:Solve Initial-value problemusing Euler's Modified method  ",45
V2L-NM,ALM 4.1.3-1                  DBST,<u>ALO 4.1.3-1:  Apply Euler's method to solve the Initial-value problem: 16 Min.</u>,ALO 4.1.3-1:  Apply Euler's method to solve the Initial-value problem: 16 Min.,U4S1T3-1,ALM,ALO 4.1.3-1:  Apply Euler's method to solve the Initial-value problem: 16 Min.,0
V2L-NM,ALM 4.1.3-2                      DBST,<u>ALO 4.1.3-2: Apply Euler's Modified method to solve the Initial-value problem: 20 Min.</u>,ALO 4.1.3-2: Apply Euler's Modified method to solve the Initial-value problem: 20 Min.,U4S1T3-2,ALM,ALO 4.1.3-2: Apply Euler's Modified method to solve the Initial-value problem: 20 Min.,0
V2L-NM,ALM 4.1.3-3                       DBST,<u>ALO 4.1.3-3: Describe the Euler's Modified method to solve the Initial-value problem: 12 Min.</u>,ALO 4.1.3-3: Describe the Euler's Modified method to solve the Initial-value problem: 12 Min.,U4S1T3-3,ALM,ALO 4.1.3-3: Describe the Euler's Modified method to solve the Initial-value problem: 12 Min.,0
V2L-NM,ALM 4.1.3-4         DBST,<u>ALO 4.1.3-4: Apply the Euler's Modified method to solve the Initial-value problem: 24 Min.</u>,ALO 4.1.3-4: Apply the Euler's Modified method to solve the Initial-value problem: 24 Min.,U4S1T3-4,ALM,ALO 4.1.3-4: Apply the Euler's Modified method to solve the Initial-value problem: 24 Min.,0
V2L-NM,PSM 4.1.4,"<p></p><u>Problem&nbsp;<u style=""font-size: 0.9375rem;"">Learning Outcomes: 49 min duration.</u><br></u><div>PLO1: Apply Runge-Kutta method to solve the Initial-value problem</div><br><p></p>","Problem<u style=""font-size: 0.9375rem;"">Learning Outcomes: 49 min duration. PLO1: Apply Runge-Kutta method to solve the Initial-value problem ",U4S1T4,PSM,PLO1: Apply Runge-Kutta method to solve the Initial-value problem ,49
V2L-NM,ALM 4.1.4-1.1,"<u>ALO 4.1.4-1: Describe Runge-Kutta method to solve the Initial-value problem for First order, Second order etc: 40 min.</u>","ALO 4.1.4-1: Describe Runge-Kutta method to solve the Initial-value problem for First order, Second order etc: 40 min.",U4S1T4-11,ALM,"ALO 4.1.4-1: Describe Runge-Kutta method to solve the Initial-value problem for First order, Second order etc: 40 min.",0
V2L-NM,PSM 4.1.5,"<p></p><u>Problem&nbsp;<u style=""font-size: 0.9375rem;"">Learning Outcomes: 33 min duration.</u><br></u><p></p><div></div><div><span style=""font-size: 0.9375rem;"">PLO1: Solve an initial value problem using Milne's Predictor and Corrector method&nbsp;</span></div><div><div><span style=""font-size: 0.9375rem;"">PLO2: Solve an initial value problem&nbsp;using Adams-Bashforth Predictor and Corrector method</span></div></div><br><br><p></p>","Problem<u style=""font-size: 0.9375rem;"">Learning Outcomes: 33 min duration. <span style=""font-size: 0.9375rem;"">PLO1: Solve an initial value problem using Milne's Predictor and Corrector method<span style=""font-size: 0.9375rem;"">PLO2: Solve an initial value problemusing Adams-Bashforth Predictor and Corrector method  ",U4S1T5,PSM,"<span style=""font-size: 0.9375rem;"">PLO1: Solve an initial value problem using Milne's Predictor and Corrector method<span style=""font-size: 0.9375rem;"">PLO2: Solve an initial value problemusing Adams-Bashforth Predictor and Corrector method  ",33
V2L-NM,ALM 4.1.5-1             DBST,<u>ALO 4.1.5-1: Describe Milne's Predictor and Corrector method to solve an initial value problem: 21 Min.</u>,ALO 4.1.5-1: Describe Milne's Predictor and Corrector method to solve an initial value problem: 21 Min.,U4S1T5-1,ALM,ALO 4.1.5-1: Describe Milne's Predictor and Corrector method to solve an initial value problem: 21 Min.,0
V2L-NM,ALM 4.1.5-2             DBST,<u>ALO 4.1.5-2: Apply Milne's Predictor and Corrector method to solve an initial value problem: 18 Min.</u>,ALO 4.1.5-2: Apply Milne's Predictor and Corrector method to solve an initial value problem: 18 Min.,U4S1T5-2,ALM,ALO 4.1.5-2: Apply Milne's Predictor and Corrector method to solve an initial value problem: 18 Min.,0
V2L-NM,ALM 4.1.5-3           DBST,<u>ALO 4.1.5-3: Describe Adams-Bashforth Predictor and Corrector method to solve an initial value problem: 14 Min.</u>,ALO 4.1.5-3: Describe Adams-Bashforth Predictor and Corrector method to solve an initial value problem: 14 Min.,U4S1T5-3,ALM,ALO 4.1.5-3: Describe Adams-Bashforth Predictor and Corrector method to solve an initial value problem: 14 Min.,0
V2L-NM,ALM 4.1.5-4             DBST,<u>ALO 4.1.5-4: Apply Adams-Bashforth Predictor and Corrector method to solve an initial value problem: 14 Min.</u>,ALO 4.1.5-4: Apply Adams-Bashforth Predictor and Corrector method to solve an initial value problem: 14 Min.,U4S1T5-4,ALM,ALO 4.1.5-4: Apply Adams-Bashforth Predictor and Corrector method to solve an initial value problem: 14 Min.,0
V2L-NM,PSM 5.1.1,"<p></p><u>Problem&nbsp;<u style=""font-size: 0.9375rem;"">Learning Outcomes: 35 min duration.</u><br></u><div>PLO1: Calculate the
Probability of occurrence of any event. </div><br><p></p>","Problem<u style=""font-size: 0.9375rem;"">Learning Outcomes: 35 min duration. PLO1: Calculate the
Probability of occurrence of any event.  ",U5S1T1,PSM,"PLO1: Calculate the
Probability of occurrence of any event.  ",35
V2L-NM,ALM 5.1.1-1 & 2           DBST,<u>ALO 5.1.1-1: Define Probability: 15 Min.<br>ALO 5.1.1-2: Explain the Classical definition of the Probability</u>,ALO 5.1.1-1: Define Probability: 15 Min. ALO 5.1.1-2: Explain the Classical definition of the Probability,U5S1T1-12,ALM,ALO 5.1.1-1: Define Probability: 15 Min. ALO 5.1.1-2: Explain the Classical definition of the Probability,0
V2L-NM,ALM 5.1.1-3            DBST,<u>ALO 5.1.1-3: Explain the Axiomatic/Elementary deduction definition of the Probability: 7 Min.</u>,ALO 5.1.1-3: Explain the Axiomatic/Elementary deduction definition of the Probability: 7 Min.,U5S1T1-3,ALM,ALO 5.1.1-3: Explain the Axiomatic/Elementary deduction definition of the Probability: 7 Min.,0
V2L-NM,PSM 5.1.2,"<p></p><u>Problem&nbsp;<u style=""font-size: 0.9375rem;"">Learning Outcomes: 12 min duration.</u><br></u><div>PLO1: Calculate the
Probability using addition rule. </div><br><p></p>","Problem<u style=""font-size: 0.9375rem;"">Learning Outcomes: 12 min duration. PLO1: Calculate the
Probability using addition rule.  ",U5S1T2,PSM,"PLO1: Calculate the
Probability using addition rule.  ",12
V2L-NM,ALM 5.1.2-1 & 2           DBST,<u>ALO1: Describe Addition Rule: 20 Min.<br>ALO2: List Union and Intersection Rules</u>,ALO1: Describe Addition Rule: 20 Min. ALO2: List Union and Intersection Rules,U5S1T2-12,ALM,ALO1: Describe Addition Rule: 20 Min. ALO2: List Union and Intersection Rules,0
V2L-NM,PSM 5.1.3,"<p></p><u>Problem&nbsp;<u style=""font-size: 0.9375rem;"">Learning Outcomes: 11 min duration.</u><br></u><div>PLO1: Calculate the
Conditional probability</div><br><p></p>","Problem<u style=""font-size: 0.9375rem;"">Learning Outcomes: 11 min duration. PLO1: Calculate the
Conditional probability ",U5S1T3,PSM,"PLO1: Calculate the
Conditional probability ",11
V2L-NM,ALM 5.1.3-1            DBST,<u>ALO 5.1.3-1: Define Independent and Exclusive events: 12 Min.</u>,ALO 5.1.3-1: Define Independent and Exclusive events: 12 Min.,U5S1T3-1,ALM,ALO 5.1.3-1: Define Independent and Exclusive events: 12 Min.,0
V2L-NM,ALM 5.1.3-2 & 3           DBST,<u>ALO2: Describe Conditional Probability: 24 Min.<br>ALO3: Differentiate between P(A/B) and P(B/A)</u>,ALO2: Describe Conditional Probability: 24 Min. ALO3: Differentiate between P(A/B) and P(B/A),U5S1T3-23,ALM,ALO2: Describe Conditional Probability: 24 Min. ALO3: Differentiate between P(A/B) and P(B/A),0
V2L-NM,PSM 5.2.1,"<p></p><u>Problem&nbsp;<u style=""font-size: 0.9375rem;"">Learning Outcomes: 9 min duration.</u><br></u><div>PLO1: Calculate the
possible values of Random
Variable.</div><br><p></p>","Problem<u style=""font-size: 0.9375rem;"">Learning Outcomes: 9 min duration. PLO1: Calculate the
possible values of Random
Variable. ",U5S2T1,PSM,"PLO1: Calculate the
possible values of Random
Variable. ",9
V2L-NM,ALM 5.2.1-1 & 2                 DBST,<u>ALO1: Define Random Variable: 20Min.<br>ALO2: Classify Random Variable</u>,ALO1: Define Random Variable: 20Min. ALO2: Classify Random Variable,U5S2T1-12,ALM,ALO1: Define Random Variable: 20Min. ALO2: Classify Random Variable,0
V2L-NM,ALM 5.2.1-3             DBST,<u>ALO 5.2.1-3: Differentiate between Continuous Random Variables and Discrete Random Variables: 6 Min.</u>,ALO 5.2.1-3: Differentiate between Continuous Random Variables and Discrete Random Variables: 6 Min.,U5S2T1-3,ALM,ALO 5.2.1-3: Differentiate between Continuous Random Variables and Discrete Random Variables: 6 Min.,0
V2L-NM,PSM 5.2.2,"<p></p><u>Problem&nbsp;<u style=""font-size: 0.9375rem;"">Learning Outcomes: 28 min duration.</u><br></u><div>PLO1: Calculate the
probability of occurrence of any event</div>

<div>PLO2: Calculate the
probability density function</div>

<div>PLO3: Calculate the
distribution function</div><br><p></p>","Problem<u style=""font-size: 0.9375rem;"">Learning Outcomes: 28 min duration. PLO1: Calculate the
probability of occurrence of any event

PLO2: Calculate the
probability density function

PLO3: Calculate the
distribution function ",U5S2T2,PSM,"PLO1: Calculate the
probability of occurrence of any event

PLO2: Calculate the
probability density function

PLO3: Calculate the
distribution function ",28
V2L-NM,ALM 5.2.2-1 and 2           DBST,<u>ALO 5.2.2-1: Define Probability Function and Distribution Function: 34 Min.<br>ALO 5.2.2-2: Classify Probability Function and Distribution Function</u>,ALO 5.2.2-1: Define Probability Function and Distribution Function: 34 Min. ALO 5.2.2-2: Classify Probability Function and Distribution Function,U5S2T2-12,ALM,ALO 5.2.2-1: Define Probability Function and Distribution Function: 34 Min. ALO 5.2.2-2: Classify Probability Function and Distribution Function,0
V2L-NM,ALM 5.2.2-3             DBST,<u>ALO 5.2.2-3: Differentiate between Probability Function and Distribution Function: 12 Min.</u>,ALO 5.2.2-3: Differentiate between Probability Function and Distribution Function: 12 Min.,U5S2T2-3,ALM,ALO 5.2.2-3: Differentiate between Probability Function and Distribution Function: 12 Min.,0
V2L-NM,PSM 5.2.3,"<p></p><u>Problem&nbsp;<u style=""font-size: 0.9375rem;"">Learning Outcomes: 24 min duration.</u><br></u><div>PLO1: Calculate the mean of
random variable.</div>

<div>PLO2: Calculate the
variance of random variable.</div><br><p></p>","Problem<u style=""font-size: 0.9375rem;"">Learning Outcomes: 24 min duration. PLO1: Calculate the mean of
random variable.

PLO2: Calculate the
variance of random variable. ",U5S2T3,PSM,"PLO1: Calculate the mean of
random variable.

PLO2: Calculate the
variance of random variable. ",24
V2L-NM,ALM 5.2.3-1              DBST,<u>ALO 5.2.3-1: Describe Mean of Random Variables: 14 Min.</u>,ALO 5.2.3-1: Describe Mean of Random Variables: 14 Min.,U5S2T3-1,ALM,ALO 5.2.3-1: Describe Mean of Random Variables: 14 Min.,0
V2L-NM,ALM 5.2.3- 2 and 3 and 4            DBST,"<u>ALO 5.2.3-2: Describe Variance of Random Variables
: 25 Min.<br>ALO 5.2.3-3: Differentiate between Mean and Variance of Random Variables<br>ALO 5.2.3-4: Describe Mean Square Value</u>","ALO 5.2.3-2: Describe Variance of Random Variables
: 25 Min. ALO 5.2.3-3: Differentiate between Mean and Variance of Random Variables ALO 5.2.3-4: Describe Mean Square Value",U5S2T3-234,ALM,"ALO 5.2.3-2: Describe Variance of Random Variables
: 25 Min. ALO 5.2.3-3: Differentiate between Mean and Variance of Random Variables ALO 5.2.3-4: Describe Mean Square Value",0
V2L-NM,PSM 5.3.1,"<p></p><u>Problem&nbsp;<u style=""font-size: 0.9375rem;"">Learning Outcomes: 44 min duration.</u><br></u><div>PLO1:&nbsp;<span style=""font-size: 0.9375rem;"">Apply Baye's Theorem to calculate Probability of Events</span></div><br><br><p></p>","Problem<u style=""font-size: 0.9375rem;"">Learning Outcomes: 44 min duration. PLO1:<span style=""font-size: 0.9375rem;"">Apply Baye's Theorem to calculate Probability of Events  ",U5S3T1,PSM,"PLO1:<span style=""font-size: 0.9375rem;"">Apply Baye's Theorem to calculate Probability of Events  ",44
V2L-NM,ALM 5.3.1- 1 and 2                      DBST,<u>ALO 5.3.1-1: Describe Baye's Theorem: 16 Min.<br>ALO 5.3.1-2: Apply Baye's Theorem to calculate Probability of Events</u>,ALO 5.3.1-1: Describe Baye's Theorem: 16 Min. ALO 5.3.1-2: Apply Baye's Theorem to calculate Probability of Events,U5S3T1-12,ALM,ALO 5.3.1-1: Describe Baye's Theorem: 16 Min. ALO 5.3.1-2: Apply Baye's Theorem to calculate Probability of Events,0
