course,activity,lo_unformatted,lo_formatted,activity_formatted,activity_type,lo_formatted_duration_removed,duration
V2L-OS,PSM 1.1.1,"<b><u>Problem Learning Outcomes: 5 min duration.</u></b><br>PLO1: Define the terms: Software, Hardware, and Firmware<br>PLO2: Differentiate between Application Software and System Software","Problem Learning Outcomes: 5 min duration. PLO1: Define the terms: Software, Hardware, and Firmware PLO2: Differentiate between Application Software and System Software",U1S1T1,PSM,"PLO1: Define the terms: Software, Hardware, and Firmware PLO2: Differentiate between Application Software and System Software",5
V2L-OS,ALM 1.1.1-1               DBST,<b><u>Active Learning Outcomes: 11 min duration.</u></b><br>ALO1.1.1-1: Recall and classify the Software.,Active Learning Outcomes: 11 min duration. ALO1.1.1-1: Recall and classify the Software.,U1S1T1-1,ALM,ALO1.1.1-1: Recall and classify the Software.,11
V2L-OS,ALM 1.1.1-2             DBST,<b><u>Active Learning Outcomes: 7 min duration.</u></b><br>ALO 1.1.1-2: Differentiate between Application Software and System Software.,Active Learning Outcomes: 7 min duration. ALO 1.1.1-2: Differentiate between Application Software and System Software.,U1S1T1-2,ALM,ALO 1.1.1-2: Differentiate between Application Software and System Software.,7
V2L-OS,ALM 1.1.1-3                    DBST,"<b><u>Active Learning Outcomes: 8 min duration.</u></b><br>ALO 1.1.1-3: Define the terms: Software, Hardware, and Firmware.","Active Learning Outcomes: 8 min duration. ALO 1.1.1-3: Define the terms: Software, Hardware, and Firmware.",U1S1T1-3,ALM,"ALO 1.1.1-3: Define the terms: Software, Hardware, and Firmware.",8
V2L-OS,PSM 1.1.2,<b><u>Problem Learning Outcomes: 12 min duration.</u></b><br>PLO1:  Describe Operating System and its functions<br>PLO2: Write the differences between CLI and GUI based Operating Systems,Problem Learning Outcomes: 12 min duration. PLO1:  Describe Operating System and its functions PLO2: Write the differences between CLI and GUI based Operating Systems,U1S1T2,PSM,PLO1:  Describe Operating System and its functions PLO2: Write the differences between CLI and GUI based Operating Systems,12
V2L-OS,ALM 1.1.2-1      DBST,<b><u>Active Learning Outcomes: 9 min duration.</u></b><br>ALO 1.1.2-1: Define Operating System.,Active Learning Outcomes: 9 min duration. ALO 1.1.2-1: Define Operating System.,U1S1T2-1,ALM,ALO 1.1.2-1: Define Operating System.,9
V2L-OS,ALM1.1.2-2                     DBST,<b><u>Active Learning Outcomes: 6 min duration.</u></b><br>ALO 1.1.2-2: List the Functions of Operating System.,Active Learning Outcomes: 6 min duration. ALO 1.1.2-2: List the Functions of Operating System.,U1S1T2-2,ALM,ALO 1.1.2-2: List the Functions of Operating System.,6
V2L-OS,ALM 1.1.2-3      DBST,<b><u>Active Learning Outcomes: 5 min duration.</u></b><br>ALO 1.1.2-3: Differentiate between CLI and GUI based Operating Systems.,Active Learning Outcomes: 5 min duration. ALO 1.1.2-3: Differentiate between CLI and GUI based Operating Systems.,U1S1T2-3,ALM,ALO 1.1.2-3: Differentiate between CLI and GUI based Operating Systems.,5
V2L-OS,PSM 1.2.1,<b><u>Problem Learning Outcomes: 9 min duration.</u></b><br>PLO1: Define the terms: Buffering and Spooling<br>PLO2: Write short note on Spooling and Buffering,Problem Learning Outcomes: 9 min duration. PLO1: Define the terms: Buffering and Spooling PLO2: Write short note on Spooling and Buffering,U1S2T1,PSM,PLO1: Define the terms: Buffering and Spooling PLO2: Write short note on Spooling and Buffering,9
V2L-OS,ALM 1.2.1-1        DBST,<b><u>Active Learning Outcomes: 10 min duration.</u></b><br>ALO 1.2.1-1: Explain the concept of Buffering.,Active Learning Outcomes: 10 min duration. ALO 1.2.1-1: Explain the concept of Buffering.,U1S2T1-1,ALM,ALO 1.2.1-1: Explain the concept of Buffering.,10
V2L-OS,ALM 1.2.1-2                       DBST,<b><u>Active Learning Outcomes: 4 min duration.</u></b><br>ALO 1.2.1-2: Differentiate between Spooling and Buffering.,Active Learning Outcomes: 4 min duration. ALO 1.2.1-2: Differentiate between Spooling and Buffering.,U1S2T1-2,ALM,ALO 1.2.1-2: Differentiate between Spooling and Buffering.,4
V2L-OS,PSM 1.2.2,<b><u>Problem Learning Outcomes: 17 min duration.</u></b><br>PLO1: Write short notes on: Batch OS and Time-Sharing OS<br>PLO2: Differentiate between Batch OS and Time-sharing OS,Problem Learning Outcomes: 17 min duration. PLO1: Write short notes on: Batch OS and Time-Sharing OS PLO2: Differentiate between Batch OS and Time-sharing OS,U1S2T2,PSM,PLO1: Write short notes on: Batch OS and Time-Sharing OS PLO2: Differentiate between Batch OS and Time-sharing OS,17
V2L-OS,ALM1.2.2-1             DBST,<b><u>Active Learning Outcomes: 8 min duration.</u></b><br>ALO 1.2.2-1: Describe Batch Operating System.,Active Learning Outcomes: 8 min duration. ALO 1.2.2-1: Describe Batch Operating System.,U1S2T2-1,ALM,ALO 1.2.2-1: Describe Batch Operating System.,8
V2L-OS,ALM 1.2.2-2 and 3             DBST,"<b><u>Active Learning Outcomes: 10 min duration.</u></b><br>ALO 1.2.2-2: Describe Time-Sharing Operating System.
<br>ALO 1.2.2-3: Differentiate between Batch OS and Time-sharing Operating System","Active Learning Outcomes: 10 min duration. ALO 1.2.2-2: Describe Time-Sharing Operating System.
 ALO 1.2.2-3: Differentiate between Batch OS and Time-sharing Operating System",U1S2T2-23,ALM,"ALO 1.2.2-2: Describe Time-Sharing Operating System.
 ALO 1.2.2-3: Differentiate between Batch OS and Time-sharing Operating System",10
V2L-OS,PSM 1.2.3,<b><u>Problem Learning Outcomes: -- min duration.</u></b><br>PLO1: Write short note on Real-time Operating System<br>PLO2: Solve PYQs based on Hard Real-time and Soft Real-time Operating Systems,Problem Learning Outcomes: -- min duration. PLO1: Write short note on Real-time Operating System PLO2: Solve PYQs based on Hard Real-time and Soft Real-time Operating Systems,U1S2T3,PSM,PLO1: Write short note on Real-time Operating System PLO2: Solve PYQs based on Hard Real-time and Soft Real-time Operating Systems,0
V2L-OS,ALM 1.2.3-1      DBST,<b><u>Active Learning Outcomes: 5 min duration.</u></b><br>ALO 1.2.3-1: Describe Real-time Operating System.,Active Learning Outcomes: 5 min duration. ALO 1.2.3-1: Describe Real-time Operating System.,U1S2T3-1,ALM,ALO 1.2.3-1: Describe Real-time Operating System.,5
V2L-OS,ALM 1.2.3-2                              DBST,<b><u>Active Learning Outcomes: 5 min duration.</u></b><br>ALO 1.2.3-2: Differentiate between Hard Real-time and Soft Real-time Operating Systems.,Active Learning Outcomes: 5 min duration. ALO 1.2.3-2: Differentiate between Hard Real-time and Soft Real-time Operating Systems.,U1S2T3-2,ALM,ALO 1.2.3-2: Differentiate between Hard Real-time and Soft Real-time Operating Systems.,5
V2L-OS,PSM 1.3.1,<b><u>Problem Learning Outcomes: 18 min duration.</u></b><br>PLO1: Differentiate between the following OS:<br>&nbsp; &nbsp; &nbsp; &nbsp; &nbsp; i.  Multi-processing and Multi-programming<br>&nbsp; &nbsp; &nbsp; &nbsp; &nbsp; ii. Multi-processing and Multi-tasking<br>&nbsp; &nbsp; &nbsp; &nbsp; &nbsp; iii. Multi-programming and Multi-tasking,Problem Learning Outcomes: 18 min duration. PLO1: Differentiate between the following OS: i.  Multi-processing and Multi-programming ii. Multi-processing and Multi-tasking iii. Multi-programming and Multi-tasking,U1S3T1,PSM,PLO1: Differentiate between the following OS: i.  Multi-processing and Multi-programming ii. Multi-processing and Multi-tasking iii. Multi-programming and Multi-tasking,18
V2L-OS,ALM 1.3.1-1               DBST,<b><u>Active Learning Outcomes: 19 min duration.</u></b><br>ALO 1.3.1-1: Define and differentiate the following OS:<br>&nbsp; &nbsp; &nbsp; &nbsp; &nbsp; &nbsp; &nbsp; &nbsp; &nbsp; &nbsp; i. Multi-processing and Multi-programming<br>&nbsp; &nbsp; &nbsp; &nbsp; &nbsp; &nbsp; &nbsp; &nbsp; &nbsp; &nbsp; ii. Multi-processing and Multi-tasking<br>&nbsp; &nbsp; &nbsp; &nbsp; &nbsp; &nbsp; &nbsp; &nbsp; &nbsp; &nbsp; iii. Multi-programming and Multi-tasking,Active Learning Outcomes: 19 min duration. ALO 1.3.1-1: Define and differentiate the following OS: i. Multi-processing and Multi-programming ii. Multi-processing and Multi-tasking iii. Multi-programming and Multi-tasking,U1S3T1-1,ALM,ALO 1.3.1-1: Define and differentiate the following OS: i. Multi-processing and Multi-programming ii. Multi-processing and Multi-tasking iii. Multi-programming and Multi-tasking,19
V2L-OS,PSM 1.3.2,<b><u>Problem Learning Outcomes: 8 min duration.</u></b><br>PLO1: Write short notes on the following: Distributed Operating System and Network Operating System<br>PLO2: Solve PYQs based on Distributed OS and Network OS,Problem Learning Outcomes: 8 min duration. PLO1: Write short notes on the following: Distributed Operating System and Network Operating System PLO2: Solve PYQs based on Distributed OS and Network OS,U1S3T2,PSM,PLO1: Write short notes on the following: Distributed Operating System and Network Operating System PLO2: Solve PYQs based on Distributed OS and Network OS,8
V2L-OS,ALM 1.3.2-1      DBST,<b><u>Active Learning Outcomes: 9 min duration.</u></b><br>ALO 1.3.2-1:  Describe Distributed Operating System.,Active Learning Outcomes: 9 min duration. ALO 1.3.2-1:  Describe Distributed Operating System.,U1S3T2-1,ALM,ALO 1.3.2-1:  Describe Distributed Operating System.,9
V2L-OS,ALM 1.3.2-2                       DBST,<b><u>Active Learning Outcomes: 6 min duration.</u></b><br>ALO 1.3.2-2: Describe Network Operating System.,Active Learning Outcomes: 6 min duration. ALO 1.3.2-2: Describe Network Operating System.,U1S3T2-2,ALM,ALO 1.3.2-2: Describe Network Operating System.,6
V2L-OS,ALM 1.3.2-3           DBST,<b><u>Active Learning Outcomes: 2 min duration.</u></b><br>ALO 1.3.2-3: Differentiate between Distributed OS and Network OS.,Active Learning Outcomes: 2 min duration. ALO 1.3.2-3: Differentiate between Distributed OS and Network OS.,U1S3T2-3,ALM,ALO 1.3.2-3: Differentiate between Distributed OS and Network OS.,2
V2L-OS,PSM 1.4.1,"<b><u>Problem Learning Outcomes: -- min duration.</u></b><br>PLO1: Explain the various Operating System architectures such as Monolithic, Layered, and Micro-kernel<br>PLO2: Explain the various OS Design Issues such as Transparency, Flexibility, Reliability, Performance and Scalability","Problem Learning Outcomes: -- min duration. PLO1: Explain the various Operating System architectures such as Monolithic, Layered, and Micro-kernel PLO2: Explain the various OS Design Issues such as Transparency, Flexibility, Reliability, Performance and Scalability",U1S4T1,PSM,"PLO1: Explain the various Operating System architectures such as Monolithic, Layered, and Micro-kernel PLO2: Explain the various OS Design Issues such as Transparency, Flexibility, Reliability, Performance and Scalability",0
V2L-OS,ALM 1.4.1-1              DBST,"<b><u>Active Learning Outcomes: 22 min duration.</u></b><br>ALO 1.4.1-1: Recall the various Operating System architectures such as Monolithic, Layered, and Micro-kernel.","Active Learning Outcomes: 22 min duration. ALO 1.4.1-1: Recall the various Operating System architectures such as Monolithic, Layered, and Micro-kernel.",U1S4T1-1,ALM,"ALO 1.4.1-1: Recall the various Operating System architectures such as Monolithic, Layered, and Micro-kernel.",22
V2L-OS,ALM 1.4.1-2                   DBST,"<b><u>Active Learning Outcomes: 8 min duration.</u></b><br>ALO 1.4.1-2: Recall the various OS Design Issues such as Transparency, Flexibility, Reliability, Performance and Scalability.","Active Learning Outcomes: 8 min duration. ALO 1.4.1-2: Recall the various OS Design Issues such as Transparency, Flexibility, Reliability, Performance and Scalability.",U1S4T1-2,ALM,"ALO 1.4.1-2: Recall the various OS Design Issues such as Transparency, Flexibility, Reliability, Performance and Scalability.",8
V2L-OS,GPSM 2.1,<b><u>GATE Learning Outcomes: 11 min duration.</u></b><br>GLO1:  Apply the concept of Inter-process communication<br>GLO2: Describes the states of Process,GATE Learning Outcomes: 11 min duration. GLO1:  Apply the concept of Inter-process communication GLO2: Describes the states of Process,U2S1,GPSM,GLO1:  Apply the concept of Inter-process communication GLO2: Describes the states of Process,11
V2L-OS,PSM 2.1.1,<b><u>Problem Learning Outcomes: 20 min duration.</u></b><br>PLO1: Write short note on Program and Process<br>PLO2: Discuss Process Control Block,Problem Learning Outcomes: 20 min duration. PLO1: Write short note on Program and Process PLO2: Discuss Process Control Block,U2S1T1,PSM,PLO1: Write short note on Program and Process PLO2: Discuss Process Control Block,20
V2L-OS,ALM 2.1.1-1            DBST,<b><u>Active Learning Outcomes: 17 min duration.</u></b><br>ALO 2.1.1-1: Define Process.,Active Learning Outcomes: 17 min duration. ALO 2.1.1-1: Define Process.,U2S1T1-1,ALM,ALO 2.1.1-1: Define Process.,17
V2L-OS,ALM 2.1.1-2                   DBST,<b><u>Active Learning Outcomes: 17 min duration.</u></b><br>ALO 2.1.1-2: Discuss Process Control Block.,Active Learning Outcomes: 17 min duration. ALO 2.1.1-2: Discuss Process Control Block.,U2S1T1-2,ALM,ALO 2.1.1-2: Discuss Process Control Block.,17
V2L-OS,PSM 2.1.2,<b><u>Problem Learning Outcomes: 38 min duration.</u></b><br>PLO1: Describe Co-operative Process and explain the  Concept of Inter-Process Communication<br>PLO2: Write the differences between Synchronous and Asynchronous Communication,Problem Learning Outcomes: 38 min duration. PLO1: Describe Co-operative Process and explain the  Concept of Inter-Process Communication PLO2: Write the differences between Synchronous and Asynchronous Communication,U2S1T2,PSM,PLO1: Describe Co-operative Process and explain the  Concept of Inter-Process Communication PLO2: Write the differences between Synchronous and Asynchronous Communication,38
V2L-OS,ALM2.1.2-1                DBET,<b><u>Active Learning Outcomes: 17 min duration.</u></b><br>ALO 2.1.2-1:  Describe Co-Operative Process.,Active Learning Outcomes: 17 min duration. ALO 2.1.2-1:  Describe Co-Operative Process.,U2S1T2-1,ALM,ALO 2.1.2-1:  Describe Co-Operative Process.,17
V2L-OS,ALM2.1.2-2                   DBET,<b><u>Active Learning Outcomes: 17 min duration.</u></b><br>ALO 2.1.2-2: Explain the Concept of Inter-Process Communication.,Active Learning Outcomes: 17 min duration. ALO 2.1.2-2: Explain the Concept of Inter-Process Communication.,U2S1T2-2,ALM,ALO 2.1.2-2: Explain the Concept of Inter-Process Communication.,17
V2L-OS,GPSM 2.2,<b><u>GATE Learning Outcomes: 50 min duration.</u></b><br>GLO1:  Find Semaphore value after performing increment and decrement operations<br>GLO2: Apply Peterson's Algorithm,GATE Learning Outcomes: 50 min duration. GLO1:  Find Semaphore value after performing increment and decrement operations GLO2: Apply Peterson's Algorithm,U2S2,GPSM,GLO1:  Find Semaphore value after performing increment and decrement operations GLO2: Apply Peterson's Algorithm,50
V2L-OS,PSM 2.2.1,<b><u>Problem Learning Outcomes: --- min duration.</u></b><br>PLO1: Solve the PYQs based on Principle of Concurrency and Process Synchronization<br>PLO2: Discuss the concept of Mutual Exclusion<br>PLO3: Solve PYQs based on Critical Section problem and Race conditions,Problem Learning Outcomes: --- min duration. PLO1: Solve the PYQs based on Principle of Concurrency and Process Synchronization PLO2: Discuss the concept of Mutual Exclusion PLO3: Solve PYQs based on Critical Section problem and Race conditions,U2S2T1,PSM,PLO1: Solve the PYQs based on Principle of Concurrency and Process Synchronization PLO2: Discuss the concept of Mutual Exclusion PLO3: Solve PYQs based on Critical Section problem and Race conditions,0
V2L-OS,ALM 2.2.1-1                DBST,<b><u>Active Learning Outcomes: 24 min duration.</u></b><br>ALO 2.2.1-1: Explain the Principle of Concurrency and Process Synchronization.,Active Learning Outcomes: 24 min duration. ALO 2.2.1-1: Explain the Principle of Concurrency and Process Synchronization.,U2S2T1-1,ALM,ALO 2.2.1-1: Explain the Principle of Concurrency and Process Synchronization.,24
V2L-OS,ALM2.2.1-2 and 3         DBST,<b><u>Active Learning Outcomes: 34 min duration.</u></b><br>ALO 2.2.1-2: Describe concept of Mutual Exclusion.<br>ALO 2.2.1-3: Explain Critical Section problem and Race conditions,Active Learning Outcomes: 34 min duration. ALO 2.2.1-2: Describe concept of Mutual Exclusion. ALO 2.2.1-3: Explain Critical Section problem and Race conditions,U2S2T1-23,ALM,ALO 2.2.1-2: Describe concept of Mutual Exclusion. ALO 2.2.1-3: Explain Critical Section problem and Race conditions,34
V2L-OS,PSM 2.2.2,<b><u>Problem Learning Outcomes: -- min duration.</u></b><br>PLO1: Describe Semaphore and its operations<br>PLO2: Discuss each type of Semaphore<br>PLO3: Describe the concept of Monitor,Problem Learning Outcomes: -- min duration. PLO1: Describe Semaphore and its operations PLO2: Discuss each type of Semaphore PLO3: Describe the concept of Monitor,U2S2T2,PSM,PLO1: Describe Semaphore and its operations PLO2: Discuss each type of Semaphore PLO3: Describe the concept of Monitor,0
V2L-OS,ALM 2.2.2-1&2            DBST,<b><u>Active Learning Outcomes: 12 min duration.</u></b><br>ALO 2.2.2-1: Define Semaphore and its operations.<br>ALO 2.2.2-2: Classify the Semaphores,Active Learning Outcomes: 12 min duration. ALO 2.2.2-1: Define Semaphore and its operations. ALO 2.2.2-2: Classify the Semaphores,U2S2T2-12,ALM,ALO 2.2.2-1: Define Semaphore and its operations. ALO 2.2.2-2: Classify the Semaphores,12
V2L-OS,ALM 2.2.2-3            DBST,<b><u>Active Learning Outcomes: 38 min duration.</u></b><br>ALO 2.2.2-3: Explain each type of Semaphore.,Active Learning Outcomes: 38 min duration. ALO 2.2.2-3: Explain each type of Semaphore.,U2S2T2-3,ALM,ALO 2.2.2-3: Explain each type of Semaphore.,38
V2L-OS,ALM 2.2.2-4               DBST,<b><u>Active Learning Outcomes: 25 min duration.</u></b><br>ALO 2.2.2-4: Explain the concept of Monitor.,Active Learning Outcomes: 25 min duration. ALO 2.2.2-4: Explain the concept of Monitor.,U2S2T2-4,ALM,ALO 2.2.2-4: Explain the concept of Monitor.,25
V2L-OS,PSM 2.2.3,<b><u>Problem Learning Outcomes: 14 min duration.</u></b><br>PLO1: Solve PYQs based on Producer - Consumer Problem<br>PLO2: Discuss Reader-writer Problem<br>PLO3: Describe Dekker's Algorithm<br>PLO4: Solve PYQs based on Peterson's Algorithm,Problem Learning Outcomes: 14 min duration. PLO1: Solve PYQs based on Producer - Consumer Problem PLO2: Discuss Reader-writer Problem PLO3: Describe Dekker's Algorithm PLO4: Solve PYQs based on Peterson's Algorithm,U2S2T3,PSM,PLO1: Solve PYQs based on Producer - Consumer Problem PLO2: Discuss Reader-writer Problem PLO3: Describe Dekker's Algorithm PLO4: Solve PYQs based on Peterson's Algorithm,14
V2L-OS,ALM 2.2.3-1 and 2                 DBST,<b><u>Active Learning Outcomes: 22 min duration.</u></b><br>ALO 2.2.3-1: Describe Producer - Consumer Problem.<br>ALO 2.2.3-2: Explain Reader-writer Problem,Active Learning Outcomes: 22 min duration. ALO 2.2.3-1: Describe Producer - Consumer Problem. ALO 2.2.3-2: Explain Reader-writer Problem,U2S2T3-12,ALM,ALO 2.2.3-1: Describe Producer - Consumer Problem. ALO 2.2.3-2: Explain Reader-writer Problem,22
V2L-OS,ALM 2.2.3-3 and 4               DBST,<b><u>Active Learning Outcomes: 48 min duration.</u></b><br>ALO 2.2.3-3: Explain Dekker's Algorithm.<br>ALO 2.2.3-4:  Explain Peterson's Algorithm,Active Learning Outcomes: 48 min duration. ALO 2.2.3-3: Explain Dekker's Algorithm. ALO 2.2.3-4:  Explain Peterson's Algorithm,U2S2T3-34,ALM,ALO 2.2.3-3: Explain Dekker's Algorithm. ALO 2.2.3-4:  Explain Peterson's Algorithm,48
V2L-OS,PSM 2.2.4,<b><u>Problem Learning Outcomes: 25 min duration.</u></b><br>PLO1: Discuss Test and Set Instruction<br>PLO2: Describe Swap Instruction,Problem Learning Outcomes: 25 min duration. PLO1: Discuss Test and Set Instruction PLO2: Describe Swap Instruction,U2S2T4,PSM,PLO1: Discuss Test and Set Instruction PLO2: Describe Swap Instruction,25
V2L-OS,ALM 2.2.4-1              DBST,<b><u>Active Learning Outcomes: 13 min duration.</u></b><br>ALO 2.2.4-1: Describe Test and Set Instruction.,Active Learning Outcomes: 13 min duration. ALO 2.2.4-1: Describe Test and Set Instruction.,U2S2T4-1,ALM,ALO 2.2.4-1: Describe Test and Set Instruction.,13
V2L-OS,ALM 2.2.4-2            DBST,<b><u>Active Learning Outcomes: 15 min duration.</u></b><br>ALO 2.2.4-2: Explain Swap Instruction.,Active Learning Outcomes: 15 min duration. ALO 2.2.4-2: Explain Swap Instruction.,U2S2T4-2,ALM,ALO 2.2.4-2: Explain Swap Instruction.,15
V2L-OS,GPSM 2.3,<b><u>GATE Learning Outcomes: 40 min duration.</u></b><br>GLO1:  Apply Dinning-philosopher Problem<br>GLO2: Apply Reader-Writer Problem using Semaphore<br>GLO3: Apply Producer-consumer problem using Semaphore,GATE Learning Outcomes: 40 min duration. GLO1:  Apply Dinning-philosopher Problem GLO2: Apply Reader-Writer Problem using Semaphore GLO3: Apply Producer-consumer problem using Semaphore,U2S3,GPSM,GLO1:  Apply Dinning-philosopher Problem GLO2: Apply Reader-Writer Problem using Semaphore GLO3: Apply Producer-consumer problem using Semaphore,40
V2L-OS,PSM 2.3.1,<b><u>Problem Learning Outcomes: 30 min duration.</u></b><br>PLO1: Solve PYQs based on Dining-Philosopher problem<br>PLO2: Solve PYQs based on Sleeping-Barber Problem,Problem Learning Outcomes: 30 min duration. PLO1: Solve PYQs based on Dining-Philosopher problem PLO2: Solve PYQs based on Sleeping-Barber Problem,U2S3T1,PSM,PLO1: Solve PYQs based on Dining-Philosopher problem PLO2: Solve PYQs based on Sleeping-Barber Problem,30
V2L-OS,ALM 2.3.1-1                        DBST,<b><u>Active Learning Outcomes: 24 min duration.</u></b><br>ALO 2.3.1-1: Explain Classical Problem in Concurrency.,Active Learning Outcomes: 24 min duration. ALO 2.3.1-1: Explain Classical Problem in Concurrency.,U2S3T1-1,ALM,ALO 2.3.1-1: Explain Classical Problem in Concurrency.,24
V2L-OS,ALM 2.3.1-2         DBST,<b><u>Active Learning Outcomes: 15 min duration.</u></b><br>ALO 2.3.1-2: Describe Dining-Philosopher problem.,Active Learning Outcomes: 15 min duration. ALO 2.3.1-2: Describe Dining-Philosopher problem.,U2S3T1-2,ALM,ALO 2.3.1-2: Describe Dining-Philosopher problem.,15
V2L-OS,ALM 2.3.1-3          DBST,<b><u>Active Learning Outcomes: 17 min duration.</u></b><br>ALO 2.3.1-3: Explain Sleeping-Barber Problem.,Active Learning Outcomes: 17 min duration. ALO 2.3.1-3: Explain Sleeping-Barber Problem.,U2S3T1-3,ALM,ALO 2.3.1-3: Explain Sleeping-Barber Problem.,17
V2L-OS,GPSM 3.1,"<b><u>GATE Learning Outcomes: 47 min duration.</u></b><br>GLO1:  Evaluate the performance of CPU Scheduling Algorithms: FCFS, SJF, RR, and Priority Scheduling<br>GLO2: Compare the performance of CPU Scheduling Algorithms","GATE Learning Outcomes: 47 min duration. GLO1:  Evaluate the performance of CPU Scheduling Algorithms: FCFS, SJF, RR, and Priority Scheduling GLO2: Compare the performance of CPU Scheduling Algorithms",U3S1,GPSM,"GLO1:  Evaluate the performance of CPU Scheduling Algorithms: FCFS, SJF, RR, and Priority Scheduling GLO2: Compare the performance of CPU Scheduling Algorithms",47
V2L-OS,PSM 3.1.1,<b><u>Problem Learning Outcomes: 64 min duration.</u></b><br>PLO1: Discuss the Concept of Scheduling and Performance  Parameters<br>PLO2: Describe Preemptive and Non-preemptive Scheduling techniques,Problem Learning Outcomes: 64 min duration. PLO1: Discuss the Concept of Scheduling and Performance  Parameters PLO2: Describe Preemptive and Non-preemptive Scheduling techniques,U3S1T1,PSM,PLO1: Discuss the Concept of Scheduling and Performance  Parameters PLO2: Describe Preemptive and Non-preemptive Scheduling techniques,64
V2L-OS,ALM 3.1.1-1                DBST,<b><u>Active Learning Outcomes: 27 min duration.</u></b><br>ALO 3.1.1-1: Explain the Concept of Scheduling and Performance Parameters.,Active Learning Outcomes: 27 min duration. ALO 3.1.1-1: Explain the Concept of Scheduling and Performance Parameters.,U3S1T1-1,ALM,ALO 3.1.1-1: Explain the Concept of Scheduling and Performance Parameters.,27
V2L-OS,ALM 3.1.1-2              DBST,<b><u>Active Learning Outcomes: 13 min duration.</u></b><br>ALO 3.1.1-2: Differentiate between Preemptive and Non-preemptive Scheduling techniques.,Active Learning Outcomes: 13 min duration. ALO 3.1.1-2: Differentiate between Preemptive and Non-preemptive Scheduling techniques.,U3S1T1-2,ALM,ALO 3.1.1-2: Differentiate between Preemptive and Non-preemptive Scheduling techniques.,13
V2L-OS,PSM 3.1.2,<b><u>Problem Learning Outcomes: 63 min duration.</u></b><br>PLO1: Solve PYQs based on FCFS Algorithm and its Performance<br>PLO2: Solve PYQs based on SJF Algorithm and its Performance,Problem Learning Outcomes: 63 min duration. PLO1: Solve PYQs based on FCFS Algorithm and its Performance PLO2: Solve PYQs based on SJF Algorithm and its Performance,U3S1T2,PSM,PLO1: Solve PYQs based on FCFS Algorithm and its Performance PLO2: Solve PYQs based on SJF Algorithm and its Performance,63
V2L-OS,ALM 3.1.2-1                      DBST,<b><u>Active Learning Outcomes: 32 min duration.</u></b><br>ALO 3.1.2-1: Describe FCFS Algorithm and its Performance.,Active Learning Outcomes: 32 min duration. ALO 3.1.2-1: Describe FCFS Algorithm and its Performance.,U3S1T2-1,ALM,ALO 3.1.2-1: Describe FCFS Algorithm and its Performance.,32
V2L-OS,ALM 3.1.2-2            DBST,<b><u>Active Learning Outcomes: 42 min duration.</u></b><br>ALO 3.1.2-2: Describe SJF Algorithm and its Performance.,Active Learning Outcomes: 42 min duration. ALO 3.1.2-2: Describe SJF Algorithm and its Performance.,U3S1T2-2,ALM,ALO 3.1.2-2: Describe SJF Algorithm and its Performance.,42
V2L-OS,PSM 3.1.3,<b><u>Problem Learning Outcomes: 77 min duration.</u></b><br>PLO1: Solve PYQs based on Round-Robin Algorithm and its Performance<br>PLO2: Solve PYQs based on Priority Algorithm and its Performance,Problem Learning Outcomes: 77 min duration. PLO1: Solve PYQs based on Round-Robin Algorithm and its Performance PLO2: Solve PYQs based on Priority Algorithm and its Performance,U3S1T3,PSM,PLO1: Solve PYQs based on Round-Robin Algorithm and its Performance PLO2: Solve PYQs based on Priority Algorithm and its Performance,77
V2L-OS,ALM 3.1.3-1                  DBST,<b><u>Active Learning Outcomes: 33 min duration.</u></b><br>ALO 3.1.3-1: Describe Round-Robin Algorithm and its Performance.,Active Learning Outcomes: 33 min duration. ALO 3.1.3-1: Describe Round-Robin Algorithm and its Performance.,U3S1T3-1,ALM,ALO 3.1.3-1: Describe Round-Robin Algorithm and its Performance.,33
V2L-OS,ALM 3.1.3-2                  DBST,<b><u>Active Learning Outcomes: 22 min duration.</u></b><br>ALO 3.1.3-2: Describe Priority Algorithm and its Performance.,Active Learning Outcomes: 22 min duration. ALO 3.1.3-2: Describe Priority Algorithm and its Performance.,U3S1T3-2,ALM,ALO 3.1.3-2: Describe Priority Algorithm and its Performance.,22
V2L-OS,PSM 3.1.4,<b><u>Problem Learning Outcomes: 76 min duration.</u></b><br>PLO1: Discuss the concept of Multilevel Queue Scheduling and it’s performance<br>PLO2: Describe Multilevel Feedback Queue Scheduling with Performance<br>PLO3: Compare all Scheduling Algorithms,Problem Learning Outcomes: 76 min duration. PLO1: Discuss the concept of Multilevel Queue Scheduling and it’s performance PLO2: Describe Multilevel Feedback Queue Scheduling with Performance PLO3: Compare all Scheduling Algorithms,U3S1T4,PSM,PLO1: Discuss the concept of Multilevel Queue Scheduling and it’s performance PLO2: Describe Multilevel Feedback Queue Scheduling with Performance PLO3: Compare all Scheduling Algorithms,76
V2L-OS,ALM 3.1.4-1                 DBST,<b><u>Active Learning Outcomes: 22 min duration.</u></b><br>ALO 3.1.4-1: Explain the concept of Multilevel Queue Scheduling and it’s performance.,Active Learning Outcomes: 22 min duration. ALO 3.1.4-1: Explain the concept of Multilevel Queue Scheduling and it’s performance.,U3S1T4-1,ALM,ALO 3.1.4-1: Explain the concept of Multilevel Queue Scheduling and it’s performance.,22
V2L-OS,ALM 3.1.4-2                 DBST,<b><u>Active Learning Outcomes: 16 min duration.</u></b><br>ALO 3.1.4-2: Explain Multilevel Feedback Queue Scheduling with Performance.,Active Learning Outcomes: 16 min duration. ALO 3.1.4-2: Explain Multilevel Feedback Queue Scheduling with Performance.,U3S1T4-2,ALM,ALO 3.1.4-2: Explain Multilevel Feedback Queue Scheduling with Performance.,16
V2L-OS,ALM 3.1.4-3             DBST,<b><u>Active Learning Outcomes: 8 min duration.</u></b><br>ALO 3.1.4-3: Comparison of all Scheduling Algorithms.,Active Learning Outcomes: 8 min duration. ALO 3.1.4-3: Comparison of all Scheduling Algorithms.,U3S1T4-3,ALM,ALO 3.1.4-3: Comparison of all Scheduling Algorithms.,8
V2L-OS,GPSM 3.2,"<b><u>GATE Learning Outcomes: 17 min duration.</u></b><br>GLO1:  Apply the concept of Process, Thread, PCB, and Scheduler<br>GLO2: Describe Process Transition Diagram","GATE Learning Outcomes: 17 min duration. GLO1:  Apply the concept of Process, Thread, PCB, and Scheduler GLO2: Describe Process Transition Diagram",U3S2,GPSM,"GLO1:  Apply the concept of Process, Thread, PCB, and Scheduler GLO2: Describe Process Transition Diagram",17
V2L-OS,PSM 3.2.1,<b><u>Problem Learning Outcomes: 35 min duration.</u></b><br>PLO1: Solve PYQs on Process and Process State Cycle,Problem Learning Outcomes: 35 min duration. PLO1: Solve PYQs on Process and Process State Cycle,U3S2T1,PSM,PLO1: Solve PYQs on Process and Process State Cycle,35
V2L-OS,ALM 3.2.1-1&2                 DBST,<b><u>Active Learning Outcomes: 14 min duration.</u></b><br>ALO 3.2.1-1: Define Process.<br>ALO 3.2.1-2: Explain Process States Cycle,Active Learning Outcomes: 14 min duration. ALO 3.2.1-1: Define Process. ALO 3.2.1-2: Explain Process States Cycle,U3S2T1-12,ALM,ALO 3.2.1-1: Define Process. ALO 3.2.1-2: Explain Process States Cycle,14
V2L-OS,PSM 3.2.2,"<b><u>Problem Learning Outcomes: 48 min duration.</u></b><br>PLO1: Discuss the various type of Schedulers and their Objective<br>PLO2: Explain the need of Suspension
PLO3: Explain the role of dispatcher module","Problem Learning Outcomes: 48 min duration. PLO1: Discuss the various type of Schedulers and their Objective PLO2: Explain the need of Suspension
PLO3: Explain the role of dispatcher module",U3S2T2,PSM,"PLO1: Discuss the various type of Schedulers and their Objective PLO2: Explain the need of Suspension
PLO3: Explain the role of dispatcher module",48
V2L-OS,ALM 3.2.2                   DBST,<b><u>Active Learning Outcomes: 31 min duration.</u></b><br>ALO 3.2.2-1: Explain Scheduler and its type.,Active Learning Outcomes: 31 min duration. ALO 3.2.2-1: Explain Scheduler and its type.,U3S2T2,ALM,ALO 3.2.2-1: Explain Scheduler and its type.,31
V2L-OS,PSM 3.2.3,<b><u>Problem Learning Outcomes: 27 min duration.</u></b><br>PLO1: Describe Thread and the concept of Thread Management<br>PLO2: Compare User and Kernel Threads,Problem Learning Outcomes: 27 min duration. PLO1: Describe Thread and the concept of Thread Management PLO2: Compare User and Kernel Threads,U3S2T3,PSM,PLO1: Describe Thread and the concept of Thread Management PLO2: Compare User and Kernel Threads,27
V2L-OS,ALM 3.2.3-1                 DBST,<b><u>Active Learning Outcomes: 27 min duration.</u></b><br>ALO 3.2.3-1: Define Thread.,Active Learning Outcomes: 27 min duration. ALO 3.2.3-1: Define Thread.,U3S2T3-1,ALM,ALO 3.2.3-1: Define Thread.,27
V2L-OS,ALM 3.2.3-2&3                DBST,<b><u>Active Learning Outcomes: 34 min duration.</u></b><br>ALO 3.2.3-2: Explain Thread Management.<br>ALO 3.2.3-3: Differentiate between User and Kernel Threads,Active Learning Outcomes: 34 min duration. ALO 3.2.3-2: Explain Thread Management. ALO 3.2.3-3: Differentiate between User and Kernel Threads,U3S2T3-23,ALM,ALO 3.2.3-2: Explain Thread Management. ALO 3.2.3-3: Differentiate between User and Kernel Threads,34
V2L-OS,GPSM 3.3,<b><u>GATE Learning outcomes: 36 min duration.</u></b><br>GLO1:  Apply the concept of Deadlock Prevention and Avoidance<br>GLO2: Apply Banker's Algorithm<br>GLO3: Apply the concept of Deadlock Detection and Recovery,GATE Learning outcomes: 36 min duration. GLO1:  Apply the concept of Deadlock Prevention and Avoidance GLO2: Apply Banker's Algorithm GLO3: Apply the concept of Deadlock Detection and Recovery,U3S3,GPSM,GLO1:  Apply the concept of Deadlock Prevention and Avoidance GLO2: Apply Banker's Algorithm GLO3: Apply the concept of Deadlock Detection and Recovery,36
V2L-OS,PSM 3.3.1,<b><u>Problem Learning Outcomes: 20 min duration.</u></b><br>PLO1: Describe Deadlock and necessary conditions for a Deadlock to occur<br>PLO2: Compare Deadlock and Starvation,Problem Learning Outcomes: 20 min duration. PLO1: Describe Deadlock and necessary conditions for a Deadlock to occur PLO2: Compare Deadlock and Starvation,U3S3T1,PSM,PLO1: Describe Deadlock and necessary conditions for a Deadlock to occur PLO2: Compare Deadlock and Starvation,20
V2L-OS,ALM 3.3.1-1                  DBST,<b><u>Active Learning Outcomes: 25 min duration.</u></b><br>ALO 3.3.1-1: Define Deadlock.,Active Learning Outcomes: 25 min duration. ALO 3.3.1-1: Define Deadlock.,U3S3T1-1,ALM,ALO 3.3.1-1: Define Deadlock.,25
V2L-OS,ALM 3.3.1-2&3                    DBST,<b><u>Active Learning Outcomes: 16 min duration.<br></u></b>ALO 3.3.1-2: Describe Deadlock Conditions.<br>ALO 3.3.1-3: Explain Deadlock characteristics,Active Learning Outcomes: 16 min duration. ALO 3.3.1-2: Describe Deadlock Conditions. ALO 3.3.1-3: Explain Deadlock characteristics,U3S3T1-23,ALM,ALO 3.3.1-2: Describe Deadlock Conditions. ALO 3.3.1-3: Explain Deadlock characteristics,16
V2L-OS,PSM 3.3.2,<b><u>Problem Learning Outcomes: 40 min duration.</u></b><br>PLO1: Discuss various techniques to deal with Deadlock<br>PLO2: Describe Deadlock Prevention methods,Problem Learning Outcomes: 40 min duration. PLO1: Discuss various techniques to deal with Deadlock PLO2: Describe Deadlock Prevention methods,U3S3T2,PSM,PLO1: Discuss various techniques to deal with Deadlock PLO2: Describe Deadlock Prevention methods,40
V2L-OS,ALM 3.3.2-1            DBST,<b><u>Active Learning Outcomes: 11 min duration.</u></b><br>ALO 3.3.2-1: Explain the various techniques for dealing with Deadlock.,Active Learning Outcomes: 11 min duration. ALO 3.3.2-1: Explain the various techniques for dealing with Deadlock.,U3S3T2-1,ALM,ALO 3.3.2-1: Explain the various techniques for dealing with Deadlock.,11
V2L-OS,ALM 3.3.2-2                 DBST,<b><u>Active Learning Outcomes: 48 min duration.</u></b><br>ALO 3.3.2-2: Explain Deadlock Prevention methods.,Active Learning Outcomes: 48 min duration. ALO 3.3.2-2: Explain Deadlock Prevention methods.,U3S3T2-2,ALM,ALO 3.3.2-2: Explain Deadlock Prevention methods.,48
V2L-OS,PSM 3.3.3,<b><u>Problem Learning Outcomes: 75 min duration.</u></b><br>PLO1: Discuss the Deadlock Avoidance Techniques<br>PLO2: Apply Banker's Algorithm for Single Resource to solve PYQs<br>PLO3: Apply Banker's Algorithm for Multiple Resources to solve PYQs,Problem Learning Outcomes: 75 min duration. PLO1: Discuss the Deadlock Avoidance Techniques PLO2: Apply Banker's Algorithm for Single Resource to solve PYQs PLO3: Apply Banker's Algorithm for Multiple Resources to solve PYQs,U3S3T3,PSM,PLO1: Discuss the Deadlock Avoidance Techniques PLO2: Apply Banker's Algorithm for Single Resource to solve PYQs PLO3: Apply Banker's Algorithm for Multiple Resources to solve PYQs,75
V2L-OS,ALM 3.3.3-1                  DBST,<b><u>Active Learning Outcomes: 31 min duration.</u></b><br>ALO 3.3.3-1: Explain the Deadlock Avoidance Techniques.,Active Learning Outcomes: 31 min duration. ALO 3.3.3-1: Explain the Deadlock Avoidance Techniques.,U3S3T3-1,ALM,ALO 3.3.3-1: Explain the Deadlock Avoidance Techniques.,31
V2L-OS,ALM 3.3.3-2                 DBST,<b><u>Active Learning Outcomes: 38 min duration.</u></b><br>ALO 3.3.3-2: Describe Banker's Algorithm for Single Resource.,Active Learning Outcomes: 38 min duration. ALO 3.3.3-2: Describe Banker's Algorithm for Single Resource.,U3S3T3-2,ALM,ALO 3.3.3-2: Describe Banker's Algorithm for Single Resource.,38
V2L-OS,ALM 3.3.3-3                    DBST,<b><u>Active Learning Outcomes: 19 min duration.</u></b><br>ALO 3.3.3-3: Describe Banker's Algorithm for Multiple Resources.,Active Learning Outcomes: 19 min duration. ALO 3.3.3-3: Describe Banker's Algorithm for Multiple Resources.,U3S3T3-3,ALM,ALO 3.3.3-3: Describe Banker's Algorithm for Multiple Resources.,19
V2L-OS,PSM 3.3.4,<b><u>Problem Learning Outcomes: 33 min duration.</u></b><br>PLO1: Solve PYQs based on Deadlock Detection Techniques<br>PLO2: Apply the concept of Recovery from Deadlock to solve PYQs,Problem Learning Outcomes: 33 min duration. PLO1: Solve PYQs based on Deadlock Detection Techniques PLO2: Apply the concept of Recovery from Deadlock to solve PYQs,U3S3T4,PSM,PLO1: Solve PYQs based on Deadlock Detection Techniques PLO2: Apply the concept of Recovery from Deadlock to solve PYQs,33
V2L-OS,ALM 3.3.4-1                DBST,<b><u>Active Learning Outcomes: 31 min duration.</u></b><br>ALO 3.3.4-1: Solve PYQs based on Deadlock Detection Techniques.,Active Learning Outcomes: 31 min duration. ALO 3.3.4-1: Solve PYQs based on Deadlock Detection Techniques.,U3S3T4-1,ALM,ALO 3.3.4-1: Solve PYQs based on Deadlock Detection Techniques.,31
V2L-OS,ALM 3.3.4-2       DBST,<b><u>Active Learning Outcomes: 19 min duration.</u></b><br>ALO 3.3.4-2: Explain the concept of Recovery from Deadlock.,Active Learning Outcomes: 19 min duration. ALO 3.3.4-2: Explain the concept of Recovery from Deadlock.,U3S3T4-2,ALM,ALO 3.3.4-2: Explain the concept of Recovery from Deadlock.,19
V2L-OS,GPSM 4.1,<b><u>GATE Learning Outcomes: 27 min duration.</u></b><br>GLO1:  Assess Memory Allocation and Fragmentation Techniques<br>GLO2: Describe how created Process is loaded into the Memory<br>GLO3: Describe concerns of Dynamic Linking and Static Linking,GATE Learning Outcomes: 27 min duration. GLO1:  Assess Memory Allocation and Fragmentation Techniques GLO2: Describe how created Process is loaded into the Memory GLO3: Describe concerns of Dynamic Linking and Static Linking,U4S1,GPSM,GLO1:  Assess Memory Allocation and Fragmentation Techniques GLO2: Describe how created Process is loaded into the Memory GLO3: Describe concerns of Dynamic Linking and Static Linking,27
V2L-OS,PSM 4.1.1,"<b><u>Problem Learning Outcomes: 18 min duration.</u></b><br>PLO1: Discuss the need of Memory Management<br>PLO2: Describe the Process creation and loading into the Memory<br>PLO3: Discuss the Memory Mapping and Protection
PLO4: Describe Logical Address and Physical Address","Problem Learning Outcomes: 18 min duration. PLO1: Discuss the need of Memory Management PLO2: Describe the Process creation and loading into the Memory PLO3: Discuss the Memory Mapping and Protection
PLO4: Describe Logical Address and Physical Address",U4S1T1,PSM,"PLO1: Discuss the need of Memory Management PLO2: Describe the Process creation and loading into the Memory PLO3: Discuss the Memory Mapping and Protection
PLO4: Describe Logical Address and Physical Address",18
V2L-OS,ALM 4.1.1-1                  DBST,<b><u>Active Learning Outcomes: 23 min duration.</u></b><br>ALO 4.1.1-1: Recall the need of Memory Management.,Active Learning Outcomes: 23 min duration. ALO 4.1.1-1: Recall the need of Memory Management.,U4S1T1-1,ALM,ALO 4.1.1-1: Recall the need of Memory Management.,23
V2L-OS,ALM 4.1.1-2                 DBST,<b><u>Active Learning Outcomes: 59 min duration.</u></b><br>ALO 4.1.1-2: Recall the Process creation and loading into the Memory.,Active Learning Outcomes: 59 min duration. ALO 4.1.1-2: Recall the Process creation and loading into the Memory.,U4S1T1-2,ALM,ALO 4.1.1-2: Recall the Process creation and loading into the Memory.,59
V2L-OS,ALM 4.1.1-3                DBST,<b><u>Active Learning Outcomes: 30 min duration.</u></b><br>ALO 4.1.1-3: Recall Memory Mapping and Protection.,Active Learning Outcomes: 30 min duration. ALO 4.1.1-3: Recall Memory Mapping and Protection.,U4S1T1-3,ALM,ALO 4.1.1-3: Recall Memory Mapping and Protection.,30
V2L-OS,ALM 4.1.1-4                   DBST,<b><u>Active Learning Outcomes: 7 min duration.</u></b><br>ALO 4.1.1-4: Differentiate between Logical Address and Physical Address.,Active Learning Outcomes: 7 min duration. ALO 4.1.1-4: Differentiate between Logical Address and Physical Address.,U4S1T1-4,ALM,ALO 4.1.1-4: Differentiate between Logical Address and Physical Address.,7
V2L-OS,PSM 4.1.2,<b><u>Problem Learning Outcomes: 53 min duration.</u></b><br>PLO1: Discuss Memory Allocation Techniques and solve PYQs<br>PLO2: Describe Contiguous Memory Allocation<br>PLO3: Explain Fragmentation and it’s types<br>PLO4: Describe the Contiguous Memory Allocation strategies,Problem Learning Outcomes: 53 min duration. PLO1: Discuss Memory Allocation Techniques and solve PYQs PLO2: Describe Contiguous Memory Allocation PLO3: Explain Fragmentation and it’s types PLO4: Describe the Contiguous Memory Allocation strategies,U4S1T2,PSM,PLO1: Discuss Memory Allocation Techniques and solve PYQs PLO2: Describe Contiguous Memory Allocation PLO3: Explain Fragmentation and it’s types PLO4: Describe the Contiguous Memory Allocation strategies,53
V2L-OS,ALM 4.1.2-1                     DBST,<b><u>Active Learning Outcomes: 18 min duration.</u></b><br>ALO 4.1.2-1: Define and classify Memory Allocation Techniques.,Active Learning Outcomes: 18 min duration. ALO 4.1.2-1: Define and classify Memory Allocation Techniques.,U4S1T2-1,ALM,ALO 4.1.2-1: Define and classify Memory Allocation Techniques.,18
V2L-OS,ALM 4.1.2-2&3              DBST,<b><u>Active Learning Outcomes: 40 min duration.</u></b><br>ALO 4.1.2-2: Recall Contiguous Memory Allocation.<br>ALO 4.1.3-3: Recall Fragmentation and it’s types,Active Learning Outcomes: 40 min duration. ALO 4.1.2-2: Recall Contiguous Memory Allocation. ALO 4.1.3-3: Recall Fragmentation and it’s types,U4S1T2-23,ALM,ALO 4.1.2-2: Recall Contiguous Memory Allocation. ALO 4.1.3-3: Recall Fragmentation and it’s types,40
V2L-OS,ALM 4.1.2-4                      DBST,<b><u>Active Learning Outcomes: 37 min duration.</u></b><br>ALO 4.1.2-4: Recall the Contiguous Memory Allocation strategies.,Active Learning Outcomes: 37 min duration. ALO 4.1.2-4: Recall the Contiguous Memory Allocation strategies.,U4S1T2-4,ALM,ALO 4.1.2-4: Recall the Contiguous Memory Allocation strategies.,37
V2L-OS,GPSM 4.2,"<b><u>GATE Learning Outcomes: 23 min duration.</u></b><br>GLO1:  Apply the concept of Paging, Page table, and Segmentation to solve GATE questions<br>GLO2: Apply the concept of TLB and calculate Effective Memory Access Time","GATE Learning Outcomes: 23 min duration. GLO1:  Apply the concept of Paging, Page table, and Segmentation to solve GATE questions GLO2: Apply the concept of TLB and calculate Effective Memory Access Time",U4S2,GPSM,"GLO1:  Apply the concept of Paging, Page table, and Segmentation to solve GATE questions GLO2: Apply the concept of TLB and calculate Effective Memory Access Time",23
V2L-OS,PSM 4.2.1,<b><u>Problem Learning Outcomes: 37 min duration.</u></b><br>PLO1: Discuss Paging and its advantages<br>PLO2: Describe Hardware requirements for Paging,Problem Learning Outcomes: 37 min duration. PLO1: Discuss Paging and its advantages PLO2: Describe Hardware requirements for Paging,U4S2T1,PSM,PLO1: Discuss Paging and its advantages PLO2: Describe Hardware requirements for Paging,37
V2L-OS,ALM 4.2.1-1                       DBST,<b><u>Active Learning Outcomes: 17 min duration.</u></b><br>ALO 4.2.1-1: Define Paging.,Active Learning Outcomes: 17 min duration. ALO 4.2.1-1: Define Paging.,U4S2T1-1,ALM,ALO 4.2.1-1: Define Paging.,17
V2L-OS,ALM 4.2.1-2                DBST,<b><u>Active Learning Outcomes: 89 min duration.</u></b><br>ALO 4.2.1-2: Recall the Concept of Paging and Page table.,Active Learning Outcomes: 89 min duration. ALO 4.2.1-2: Recall the Concept of Paging and Page table.,U4S2T1-2,ALM,ALO 4.2.1-2: Recall the Concept of Paging and Page table.,89
V2L-OS,PSM 4.2.2,<b><u>Problem Learning Outcomes: 25 min duration.</u></b><br>PLO1: Write short note on Optimal Page Size<br>PLO2: Describe Memory protection in Page environment<br>PLO3: Explain the concept of Translation Look-aside Buffer (TLB),Problem Learning Outcomes: 25 min duration. PLO1: Write short note on Optimal Page Size PLO2: Describe Memory protection in Page environment PLO3: Explain the concept of Translation Look-aside Buffer (TLB),U4S2T2,PSM,PLO1: Write short note on Optimal Page Size PLO2: Describe Memory protection in Page environment PLO3: Explain the concept of Translation Look-aside Buffer (TLB),25
V2L-OS,ALM 4.2.2-1                     DBST,<b><u>Active Learning Outcomes: 23 min duration.</u></b><br>ALO 4.2.2-1: Describe Optimal Page Size.,Active Learning Outcomes: 23 min duration. ALO 4.2.2-1: Describe Optimal Page Size.,U4S2T2-1,ALM,ALO 4.2.2-1: Describe Optimal Page Size.,23
V2L-OS,ALM 4.2.2-2            DBST,<b><u>Active Learning Outcomes: 22 min duration.</u></b><br>ALO 4.2.2-2: Recall Memory protection in Page environment.,Active Learning Outcomes: 22 min duration. ALO 4.2.2-2: Recall Memory protection in Page environment.,U4S2T2-2,ALM,ALO 4.2.2-2: Recall Memory protection in Page environment.,22
V2L-OS,ALM 4.2.2-3                 DBST,<b><u>Active Learning Outcomes: 29 min duration.</u></b><br>ALO 4.2.2-3: Recall the concept of Translation Look-aside Buffer (TLB),Active Learning Outcomes: 29 min duration. ALO 4.2.2-3: Recall the concept of Translation Look-aside Buffer (TLB),U4S2T2-3,ALM,ALO 4.2.2-3: Recall the concept of Translation Look-aside Buffer (TLB),29
V2L-OS,PSM 4.2.3,<b><u>Problem Learning Outcomes: 35 min duration.</u></b><br>PLO1: Discuss the Concept of Multilevel Paging<br>PLO2: Explain Inverted Page Table,Problem Learning Outcomes: 35 min duration. PLO1: Discuss the Concept of Multilevel Paging PLO2: Explain Inverted Page Table,U4S2T3,PSM,PLO1: Discuss the Concept of Multilevel Paging PLO2: Explain Inverted Page Table,35
V2L-OS,ALM 4.2.3-1 and 2                         DBST,<b><u>Active Learning Outcomes: 49 min duration.</u></b><br>ALO 4.2.3-1: Define Multilevel Paging.<br>ALO 4.2.3-2: Recall the Concept of Multilevel Paging,Active Learning Outcomes: 49 min duration. ALO 4.2.3-1: Define Multilevel Paging. ALO 4.2.3-2: Recall the Concept of Multilevel Paging,U4S2T3-12,ALM,ALO 4.2.3-1: Define Multilevel Paging. ALO 4.2.3-2: Recall the Concept of Multilevel Paging,49
V2L-OS,ALM 4.2.3-3                      DBST,<b><u>Active Learning Outcomes: 23 min duration.</u></b><br>ALO 4.2.3-3: Describe Inverted Page Table.,Active Learning Outcomes: 23 min duration. ALO 4.2.3-3: Describe Inverted Page Table.,U4S2T3-3,ALM,ALO 4.2.3-3: Describe Inverted Page Table.,23
V2L-OS,PSM 4.2.4,<b><u>Problem Learning Outcomes: 29 min duration.</u></b><br>PLO1: Solve PYQs based on Segmentation<br>PLO2: Apply the concept of Segmentation with Paging and solve PYQs<br>PLO3: Compare Paging and Segmentation,Problem Learning Outcomes: 29 min duration. PLO1: Solve PYQs based on Segmentation PLO2: Apply the concept of Segmentation with Paging and solve PYQs PLO3: Compare Paging and Segmentation,U4S2T4,PSM,PLO1: Solve PYQs based on Segmentation PLO2: Apply the concept of Segmentation with Paging and solve PYQs PLO3: Compare Paging and Segmentation,29
V2L-OS,ALM 4.2.4-1           DBST,<b><u>Active Learning Outcomes: 31 min duration.</u></b><br>ALO 4.2.4-1: Define Segmentation.,Active Learning Outcomes: 31 min duration. ALO 4.2.4-1: Define Segmentation.,U4S2T4-1,ALM,ALO 4.2.4-1: Define Segmentation.,31
V2L-OS,ALM 4.2.4-2               DBST,<b><u>Active Learning Outcomes: 22 min duration.</u></b><br>ALO 4.2.4-2: Describe Segmentation with Paging.,Active Learning Outcomes: 22 min duration. ALO 4.2.4-2: Describe Segmentation with Paging.,U4S2T4-2,ALM,ALO 4.2.4-2: Describe Segmentation with Paging.,22
V2L-OS,ALM 4.2.4-3                            DBST,<b><u>Active Learning Outcomes: 4 min duration.</u></b><br>ALO 4.2.4-3: Differentiate between Paging and Segmentation.,Active Learning Outcomes: 4 min duration. ALO 4.2.4-3: Differentiate between Paging and Segmentation.,U4S2T4-3,ALM,ALO 4.2.4-3: Differentiate between Paging and Segmentation.,4
V2L-OS,GPSM 4.3,<b><u>GATE Learning Outcomes: 33 min duration.</u></b><br>GLO1:  Calculate Page Fault<br>GLO2: Apply Demand Paging and calculate its performance<br>GLO3: Apply Page Replacement Algorithms<br>GLO4: Explain Optimal Page replacement and LRU techniques for Page Replacement,GATE Learning Outcomes: 33 min duration. GLO1:  Calculate Page Fault GLO2: Apply Demand Paging and calculate its performance GLO3: Apply Page Replacement Algorithms GLO4: Explain Optimal Page replacement and LRU techniques for Page Replacement,U4S3,GPSM,GLO1:  Calculate Page Fault GLO2: Apply Demand Paging and calculate its performance GLO3: Apply Page Replacement Algorithms GLO4: Explain Optimal Page replacement and LRU techniques for Page Replacement,33
V2L-OS,PSM 4.3.1,<b><u>Problem Learning Outcomes: 19 min duration.</u></b><br>PLO1: Describe the concept of Virtual Memory<br>PLO2: Discuss Demand Paging and its Performance<br>PLO3: Explain the concept of Page Fault<br>PLO4: Calculate the effective Memory Access Time in case of Page Fault,Problem Learning Outcomes: 19 min duration. PLO1: Describe the concept of Virtual Memory PLO2: Discuss Demand Paging and its Performance PLO3: Explain the concept of Page Fault PLO4: Calculate the effective Memory Access Time in case of Page Fault,U4S3T1,PSM,PLO1: Describe the concept of Virtual Memory PLO2: Discuss Demand Paging and its Performance PLO3: Explain the concept of Page Fault PLO4: Calculate the effective Memory Access Time in case of Page Fault,19
V2L-OS,ALM 4.3.1-1                   DBST,<b><u>Active Learning Outcomes: 21 min duration.</u></b><br>ALO 4.3.1-1: Explain the concept of Virtual Memory.,Active Learning Outcomes: 21 min duration. ALO 4.3.1-1: Explain the concept of Virtual Memory.,U4S3T1-1,ALM,ALO 4.3.1-1: Explain the concept of Virtual Memory.,21
V2L-OS,ALM 4.3.1-2                   DBST,<b><u>Active Learning Outcomes: 13 min duration.</u></b><br>ALO 4.3.1-2: Describe Demand Paging and its Performance.,Active Learning Outcomes: 13 min duration. ALO 4.3.1-2: Describe Demand Paging and its Performance.,U4S3T1-2,ALM,ALO 4.3.1-2: Describe Demand Paging and its Performance.,13
V2L-OS,ALM 4.3.1-3                           DBST,<b><u>Active Learning Outcomes: 12 min duration.</u></b><br>ALO 4.3.1-3: Describe Page Fault.,Active Learning Outcomes: 12 min duration. ALO 4.3.1-3: Describe Page Fault.,U4S3T1-3,ALM,ALO 4.3.1-3: Describe Page Fault.,12
V2L-OS,PSM 4.3.2,<b><u>Problem Learning Outcomes: 27 min duration.</u></b><br>PLO1: Explain the concept of Frame Allocation<br>PLO2: Describe Belady’s Anomaly<br>PLO3: Find Page Faults using Optimal and LRU Techniques of Page Replacement,Problem Learning Outcomes: 27 min duration. PLO1: Explain the concept of Frame Allocation PLO2: Describe Belady’s Anomaly PLO3: Find Page Faults using Optimal and LRU Techniques of Page Replacement,U4S3T2,PSM,PLO1: Explain the concept of Frame Allocation PLO2: Describe Belady’s Anomaly PLO3: Find Page Faults using Optimal and LRU Techniques of Page Replacement,27
V2L-OS,ALM 4.3.2-1                 DBST,<b><u>Active Learning Outcomes: 17 min duration.</u></b><br>ALO 4.3.2-1: Describe the concept of Frame Allocation.,Active Learning Outcomes: 17 min duration. ALO 4.3.2-1: Describe the concept of Frame Allocation.,U4S3T2-1,ALM,ALO 4.3.2-1: Describe the concept of Frame Allocation.,17
V2L-OS,ALM 4.3.2-2                 DBST,<b><u>Active Learning Outcomes: 25 min duration.</u></b><br>ALO 4.3.2-2: Describe Page Replacement Algorithms and explain FCFS.,Active Learning Outcomes: 25 min duration. ALO 4.3.2-2: Describe Page Replacement Algorithms and explain FCFS.,U4S3T2-2,ALM,ALO 4.3.2-2: Describe Page Replacement Algorithms and explain FCFS.,25
V2L-OS,ALM 4.3.2-3            DBST,<b><u>Active Learning Outcomes: 20 min duration.</u></b><br>ALO 4.3.2-3: Explain the Optimal and LRU Techniques of Page Replacement.,Active Learning Outcomes: 20 min duration. ALO 4.3.2-3: Explain the Optimal and LRU Techniques of Page Replacement.,U4S3T2-3,ALM,ALO 4.3.2-3: Explain the Optimal and LRU Techniques of Page Replacement.,20
V2L-OS,PSM 4.3.3,<b><u>Problem Learning Outcomes: --min duration.</u></b><br>PLO1: Write Short note on:  Locality of Reference and Working Set Model<br>PLO2: Compare Local and Global Page Replacement Strategies<br>PLO3: Explain the concept of Thrashing in Page Replacement,Problem Learning Outcomes: --min duration. PLO1: Write Short note on:  Locality of Reference and Working Set Model PLO2: Compare Local and Global Page Replacement Strategies PLO3: Explain the concept of Thrashing in Page Replacement,U4S3T3,PSM,PLO1: Write Short note on:  Locality of Reference and Working Set Model PLO2: Compare Local and Global Page Replacement Strategies PLO3: Explain the concept of Thrashing in Page Replacement,0
V2L-OS,ALM 4.3.3-1                DBST,<b><u>Active Learning Outcomes: 28 min duration.</u></b><br>ALO 4.3.3-1: Explain the concept of Thrashing in Page Replacement.,Active Learning Outcomes: 28 min duration. ALO 4.3.3-1: Explain the concept of Thrashing in Page Replacement.,U4S3T3-1,ALM,ALO 4.3.3-1: Explain the concept of Thrashing in Page Replacement.,28
V2L-OS,ALM 4.3.3-2                              DBST,<b><u>Active Learning Outcomes: 12 min duration.</u></b><br>ALO 4.3.3-2: Describe Working Set Model.,Active Learning Outcomes: 12 min duration. ALO 4.3.3-2: Describe Working Set Model.,U4S3T3-2,ALM,ALO 4.3.3-2: Describe Working Set Model.,12
V2L-OS,PSM 5.1.1,"<b><u>Problem Learning Outcomes: 19 min duration.</u></b><br>PLO1: Solve PYQs based on the following terms: kernel I/O subsystem, I/O Buffering, Caching etc.","Problem Learning Outcomes: 19 min duration. PLO1: Solve PYQs based on the following terms: kernel I/O subsystem, I/O Buffering, Caching etc.",U5S1T1,PSM,"PLO1: Solve PYQs based on the following terms: kernel I/O subsystem, I/O Buffering, Caching etc.",19
V2L-OS,ALM 5.1.1-1           DBST,"<b><u>Active Learning Outcomes: 26 min duration.</u></b><br>ALO 5.1.1-1: Recall I/O System: Types of I/O, I/O hardware and Goals.","Active Learning Outcomes: 26 min duration. ALO 5.1.1-1: Recall I/O System: Types of I/O, I/O hardware and Goals.",U5S1T1-1,ALM,"ALO 5.1.1-1: Recall I/O System: Types of I/O, I/O hardware and Goals.",26
V2L-OS,ALM 5.1.1-2                   DBST,<b><u>Active Learning Outcomes: 10 min duration.</u></b><br>ALO 5.1.1-2: Describe the Applications I/O Interface.,Active Learning Outcomes: 10 min duration. ALO 5.1.1-2: Describe the Applications I/O Interface.,U5S1T1-2,ALM,ALO 5.1.1-2: Describe the Applications I/O Interface.,10
V2L-OS,ALM 5.1.1-3                 DBST,"<b><u>Active Learning Outcomes: 30 min duration.</u></b><br>ALO 5.1.1-3: Recall the following terms: kernel I/O subsystem, I/O Buffering, Caching, etc.","Active Learning Outcomes: 30 min duration. ALO 5.1.1-3: Recall the following terms: kernel I/O subsystem, I/O Buffering, Caching, etc.",U5S1T1-3,ALM,"ALO 5.1.1-3: Recall the following terms: kernel I/O subsystem, I/O Buffering, Caching, etc.",30
V2L-OS,ALM 5.1.1-4                    DBST,<b><u>Active Learning Outcomes: 15 min duration.</u></b><br>ALO 5.1.1-4: Describe Transformation of I/O Request to Hardware Operations.,Active Learning Outcomes: 15 min duration. ALO 5.1.1-4: Describe Transformation of I/O Request to Hardware Operations.,U5S1T1-4,ALM,ALO 5.1.1-4: Describe Transformation of I/O Request to Hardware Operations.,15
V2L-OS,PSM 5.1.2,"<b><u>Problem Learning Outcomes: 27 min duration.</u></b><br>PLO1: Explain how Interrupts are handled in Computer System<br>PLO2: Write short notes on: Seek Time, Rotational Latency and Transfers Time<br>PLO3: Calculate average access time of the Disk","Problem Learning Outcomes: 27 min duration. PLO1: Explain how Interrupts are handled in Computer System PLO2: Write short notes on: Seek Time, Rotational Latency and Transfers Time PLO3: Calculate average access time of the Disk",U5S1T2,PSM,"PLO1: Explain how Interrupts are handled in Computer System PLO2: Write short notes on: Seek Time, Rotational Latency and Transfers Time PLO3: Calculate average access time of the Disk",27
V2L-OS,ALM 5.1.2-1        DBST,<b><u>Active Learning Outcomes: 21 min duration.</u></b><br>ALO 5.1.2-1: Recall Interrupt Handler.,Active Learning Outcomes: 21 min duration. ALO 5.1.2-1: Recall Interrupt Handler.,U5S1T2-1,ALM,ALO 5.1.2-1: Recall Interrupt Handler.,21
V2L-OS,ALM 5.1.2-2            DBST,<b><u>Active Learning Outcomes: 49 min duration.</u></b><br>ALO 5.1.2-2: Describe Disk Structure and management.,Active Learning Outcomes: 49 min duration. ALO 5.1.2-2: Describe Disk Structure and management.,U5S1T2-2,ALM,ALO 5.1.2-2: Describe Disk Structure and management.,49
V2L-OS,GPSM 5.2,"<b><u>GATE Learning Outcomes: 30 min duration.</u></b><br>GLO1:  Apply Disk Scheduling techniques to find distance traversed by R/W head, position of R/W head etc.","GATE Learning Outcomes: 30 min duration. GLO1:  Apply Disk Scheduling techniques to find distance traversed by R/W head, position of R/W head etc.",U5S2,GPSM,"GLO1:  Apply Disk Scheduling techniques to find distance traversed by R/W head, position of R/W head etc.",30
V2L-OS,PSM 5.2.1,<b><u>Problem Learning Outcomes: 22 min duration.</u></b><br>PLO1: Explain the concept of FCFS Disk Scheduling Technique<br>PLO2: Explain the concept of SSTF Disk Scheduling Technique,Problem Learning Outcomes: 22 min duration. PLO1: Explain the concept of FCFS Disk Scheduling Technique PLO2: Explain the concept of SSTF Disk Scheduling Technique,U5S2T1,PSM,PLO1: Explain the concept of FCFS Disk Scheduling Technique PLO2: Explain the concept of SSTF Disk Scheduling Technique,22
V2L-OS,ALM 5.2.1-1             DBST,<b><u>Active Learning Outcomes: 20 min duration.</u></b><br>ALO 5.2.1-1: Recall FCFS Disk Scheduling Technique.,Active Learning Outcomes: 20 min duration. ALO 5.2.1-1: Recall FCFS Disk Scheduling Technique.,U5S2T1-1,ALM,ALO 5.2.1-1: Recall FCFS Disk Scheduling Technique.,20
V2L-OS,ALM 5.2.1-2              DBST,<b><u>Active Learning Outcomes: 21 min duration.</u></b><br>ALO 5.2.1-2: Recall SSTF Disk Scheduling Technique.,Active Learning Outcomes: 21 min duration. ALO 5.2.1-2: Recall SSTF Disk Scheduling Technique.,U5S2T1-2,ALM,ALO 5.2.1-2: Recall SSTF Disk Scheduling Technique.,21
V2L-OS,PSM 5.2.2,<b><u>Problem Learning Outcomes: 21 min duration.</u></b><br>PLO1: Explain the concept of SCAN and C-SCAN Disk Scheduling Techniques<br>PLO2: Explain the concept of LOOK and C-LOOK Disk Scheduling Techniques,Problem Learning Outcomes: 21 min duration. PLO1: Explain the concept of SCAN and C-SCAN Disk Scheduling Techniques PLO2: Explain the concept of LOOK and C-LOOK Disk Scheduling Techniques,U5S2T2,PSM,PLO1: Explain the concept of SCAN and C-SCAN Disk Scheduling Techniques PLO2: Explain the concept of LOOK and C-LOOK Disk Scheduling Techniques,21
V2L-OS,ALM 5.2.2-1                  DBST,<b><u>Active Learning Outcomes: 29 min duration.</u></b><br>ALO 5.2.2-1: Recall SCAN and C-SCAN Disk Scheduling Techniques.,Active Learning Outcomes: 29 min duration. ALO 5.2.2-1: Recall SCAN and C-SCAN Disk Scheduling Techniques.,U5S2T2-1,ALM,ALO 5.2.2-1: Recall SCAN and C-SCAN Disk Scheduling Techniques.,29
V2L-OS,ALM 5.2.2-2           DBST,<b><u>Active Learning Outcomes: 21 min duration.</u></b><br>ALO 5.2.2-2: Recall LOOK and C-LOOK Disk Scheduling Techniques.,Active Learning Outcomes: 21 min duration. ALO 5.2.2-2: Recall LOOK and C-LOOK Disk Scheduling Techniques.,U5S2T2-2,ALM,ALO 5.2.2-2: Recall LOOK and C-LOOK Disk Scheduling Techniques.,21
V2L-OS,ALM 5.2.2-3             DBST,<b><u>Active Learning Outcomes: 11 min duration.</u></b><br>ALO 5.2.2-3: Compare various Disk scheduling Techniques.,Active Learning Outcomes: 11 min duration. ALO 5.2.2-3: Compare various Disk scheduling Techniques.,U5S2T2-3,ALM,ALO 5.2.2-3: Compare various Disk scheduling Techniques.,11
V2L-OS,PSM 5.2.3,"<b><u>Problem Learning Outcomes: 32 min duration.</u></b><br>PLO1: Explain Swap Space Management<br>PLO2: Write short note on: Disk Formatting, Boot Block, and Bad Block<br>PLO3: Explain the concept of RAID Structure","Problem Learning Outcomes: 32 min duration. PLO1: Explain Swap Space Management PLO2: Write short note on: Disk Formatting, Boot Block, and Bad Block PLO3: Explain the concept of RAID Structure",U5S2T3,PSM,"PLO1: Explain Swap Space Management PLO2: Write short note on: Disk Formatting, Boot Block, and Bad Block PLO3: Explain the concept of RAID Structure",32
V2L-OS,ALM 5.2.3-1          DBST,<b><u>Active Learning Outcomes: 24 min duration.</u></b><br>ALO 5.2.3-1: Recall Swap Space Management.,Active Learning Outcomes: 24 min duration. ALO 5.2.3-1: Recall Swap Space Management.,U5S2T3-1,ALM,ALO 5.2.3-1: Recall Swap Space Management.,24
V2L-OS,ALM 5.2.3-2         DBST,<b><u>Active Learning Outcomes: 40 min duration.</u></b><br>ALO 5.2.3-2: Recall the following terms:<br>&nbsp; &nbsp; &nbsp; &nbsp; &nbsp; &nbsp; &nbsp; &nbsp; &nbsp; &nbsp; &nbsp; &nbsp;a) Disk Formatting<br>&nbsp; &nbsp; &nbsp; &nbsp; &nbsp; &nbsp; &nbsp; &nbsp; &nbsp; &nbsp; &nbsp; &nbsp;b) Boot Block<br>&nbsp; &nbsp; &nbsp; &nbsp; &nbsp; &nbsp; &nbsp; &nbsp; &nbsp; &nbsp; &nbsp; &nbsp;c) Bad Block,Active Learning Outcomes: 40 min duration. ALO 5.2.3-2: Recall the following terms: a) Disk Formatting b) Boot Block c) Bad Block,U5S2T3-2,ALM,ALO 5.2.3-2: Recall the following terms: a) Disk Formatting b) Boot Block c) Bad Block,40
V2L-OS,ALM 5.2.3-3        DBST,<b><u>Active Learning Outcomes: 54 min duration.</u></b><br>ALO 5.2.3-3: Recall the concept of RAID Structure and Disk Recovery.,Active Learning Outcomes: 54 min duration. ALO 5.2.3-3: Recall the concept of RAID Structure and Disk Recovery.,U5S2T3-3,ALM,ALO 5.2.3-3: Recall the concept of RAID Structure and Disk Recovery.,54
V2L-OS,GPSM 6.1,<b><u>GATE Learning Outcomes: 21 min duration.</u></b><br>GLO1:  Analyse the given problem and apply the concept of File Allocation Method<br>GLO2: Explain File System Architecture of Operating System,GATE Learning Outcomes: 21 min duration. GLO1:  Analyse the given problem and apply the concept of File Allocation Method GLO2: Explain File System Architecture of Operating System,U6S1,GPSM,GLO1:  Analyse the given problem and apply the concept of File Allocation Method GLO2: Explain File System Architecture of Operating System,21
V2L-OS,PSM 6.1.1,<b><u>Problem Learning Outcomes: 20 min duration.</u></b><br>PLO1: Describe various File extensions and Operations Performed on the Files<br>PLO2: Explain File organization and access methods,Problem Learning Outcomes: 20 min duration. PLO1: Describe various File extensions and Operations Performed on the Files PLO2: Explain File organization and access methods,U6S1T1,PSM,PLO1: Describe various File extensions and Operations Performed on the Files PLO2: Explain File organization and access methods,20
V2L-OS,ALM 6.1.1-1            DBST,<b><u>Active Learning Outcomes: 20 min duration.</u></b><br>ALO 6.1.1-1: Recall File and its various attributes.,Active Learning Outcomes: 20 min duration. ALO 6.1.1-1: Recall File and its various attributes.,U6S1T1-1,ALM,ALO 6.1.1-1: Recall File and its various attributes.,20
V2L-OS,ALM 6.1.1-2          DBST,<b><u>Active Learning Outcomes: 28 min duration.</u></b><br>ALO 6.1.1-2: Describe the File extensions and various Operations Performed on Files.,Active Learning Outcomes: 28 min duration. ALO 6.1.1-2: Describe the File extensions and various Operations Performed on Files.,U6S1T1-2,ALM,ALO 6.1.1-2: Describe the File extensions and various Operations Performed on Files.,28
V2L-OS,ALM 6.1.1-3           DBST,<b><u>Active Learning Outcomes: 13 min duration.</u></b><br>ALO 6.1.1-3: Recall File access methods.,Active Learning Outcomes: 13 min duration. ALO 6.1.1-3: Recall File access methods.,U6S1T1-3,ALM,ALO 6.1.1-3: Recall File access methods.,13
V2L-OS,ALM 6.1.1-4                 DBST,<b><u>Active Learning Outcomes: 8 min duration.</u></b><br>ALO 6.1.1-4: Describe the concept of Memory Mapped Files.,Active Learning Outcomes: 8 min duration. ALO 6.1.1-4: Describe the concept of Memory Mapped Files.,U6S1T1-4,ALM,ALO 6.1.1-4: Describe the concept of Memory Mapped Files.,8
V2L-OS,PSM 6.1.2,"<b><u>Problem Learning Outcomes: 21 min duration.</u></b><br>PLO1: Describe various File Allocation methods Contiguous Memory Allocation, Linked List Allocation, and Indexed Allocation
PLO2: Explain File system Architecture of Operating System","Problem Learning Outcomes: 21 min duration. PLO1: Describe various File Allocation methods Contiguous Memory Allocation, Linked List Allocation, and Indexed Allocation
PLO2: Explain File system Architecture of Operating System",U6S1T2,PSM,"PLO1: Describe various File Allocation methods Contiguous Memory Allocation, Linked List Allocation, and Indexed Allocation
PLO2: Explain File system Architecture of Operating System",21
V2L-OS,ALM 6.1.2-1           DBST,"<b><u>Active Learning Outcomes: 23 min duration.</u></b><br>ALO 6.1.2-1: Recall various File Allocation methods Contiguous Memory Allocation, Linked List Allocation, and Indexed Allocation.","Active Learning Outcomes: 23 min duration. ALO 6.1.2-1: Recall various File Allocation methods Contiguous Memory Allocation, Linked List Allocation, and Indexed Allocation.",U6S1T2-1,ALM,"ALO 6.1.2-1: Recall various File Allocation methods Contiguous Memory Allocation, Linked List Allocation, and Indexed Allocation.",23
V2L-OS,ALM 6.1.2-2        DBST,<b><u>Active Learning Outcomes: 23 min duration.</u></b><br>ALO 6.1.2-2: Explain File system Architecture of Operating System.,Active Learning Outcomes: 23 min duration. ALO 6.1.2-2: Explain File system Architecture of Operating System.,U6S1T2-2,ALM,ALO 6.1.2-2: Explain File system Architecture of Operating System.,23
V2L-OS,PSM 6.1.3,<b><u>Problem Learning Outcomes: 28 min duration.</u></b><br>PLO1: Explain File Directories<br>PLO2: Describe various Directory Structures<br>PLO3: Explain the concept of File Sharing,Problem Learning Outcomes: 28 min duration. PLO1: Explain File Directories PLO2: Describe various Directory Structures PLO3: Explain the concept of File Sharing,U6S1T3,PSM,PLO1: Explain File Directories PLO2: Describe various Directory Structures PLO3: Explain the concept of File Sharing,28
V2L-OS,ALM 6.1.3-1B               DBST,<b><u>Active Learning Outcomes: 41 min duration.</u></b><br>ALO 6.1.3-1B:  Recall File Directories and it’s Operations.,Active Learning Outcomes: 41 min duration. ALO 6.1.3-1B:  Recall File Directories and it’s Operations.,U6S1T3-1,ALM,ALO 6.1.3-1B:  Recall File Directories and it’s Operations.,41
V2L-OS,ALM 6.1.3-1A                  DBST,<b><u>Active Learning Outcomes: 35 min duration.</u></b><br>ALO 6.1.3-1A:  Recall File Directories and it’s Operations.,Active Learning Outcomes: 35 min duration. ALO 6.1.3-1A:  Recall File Directories and it’s Operations.,U6S1T3-1,ALM,ALO 6.1.3-1A:  Recall File Directories and it’s Operations.,35
V2L-OS,ALM6.1.3-2           DBET,<b><u>Active Learning Outcomes: 21 min duration.</u></b><br>ALO 6.1.3-2: Describe various Directory Structures and the concept of  File Sharing.,Active Learning Outcomes: 21 min duration. ALO 6.1.3-2: Describe various Directory Structures and the concept of  File Sharing.,U6S1T3-2,ALM,ALO 6.1.3-2: Describe various Directory Structures and the concept of  File Sharing.,21
V2L-OS,PSM 6.2.1,"<b><u>Problem Learning Outcomes: 10 min duration.</u></b><br>PLO1: Explain Protection and its goal and domain<br>PLO2: Discuss the concept of Access Matrix, and ways of its implementation","Problem Learning Outcomes: 10 min duration. PLO1: Explain Protection and its goal and domain PLO2: Discuss the concept of Access Matrix, and ways of its implementation",U6S2T1,PSM,"PLO1: Explain Protection and its goal and domain PLO2: Discuss the concept of Access Matrix, and ways of its implementation",10
V2L-OS,ALM 6.2.1-1          DBST,<b><u>Active Learning Outcomes: 15 min duration.</u></b><br>ALO 6.2.1-1: Define Protection.,Active Learning Outcomes: 15 min duration. ALO 6.2.1-1: Define Protection.,U6S2T1-1,ALM,ALO 6.2.1-1: Define Protection.,15
V2L-OS,ALM 6.2.1-2      DBST,<b><u>Active Learning Outcomes: 15 min duration.</u></b><br>ALO 6.2.1-2: Recall Goals and Domains of Protection.,Active Learning Outcomes: 15 min duration. ALO 6.2.1-2: Recall Goals and Domains of Protection.,U6S2T1-2,ALM,ALO 6.2.1-2: Recall Goals and Domains of Protection.,15
V2L-OS,ALM 6.2.1-3               DBST,"<b><u>Active Learning Outcomes: 12 min duration.</u></b><br>ALO 6.2.1-3: Describe Access Matrix, Access control list, and ways of implementing it.","Active Learning Outcomes: 12 min duration. ALO 6.2.1-3: Describe Access Matrix, Access control list, and ways of implementing it.",U6S2T1-3,ALM,"ALO 6.2.1-3: Describe Access Matrix, Access control list, and ways of implementing it.",12
V2L-OS,PSM 6.2.2,<b><u>Problem Learning Outcomes: 8 min duration.</u></b><br>PLO1: Explain the Principles of Security and the Encryption<br>PLO2: Describe the Program and the System Threats<br>PLO3: Explain the concept of Threat Monitoring<br>PLO4: Differentiate between the Symmetric Encryption and the Asymmetric Encryption,Problem Learning Outcomes: 8 min duration. PLO1: Explain the Principles of Security and the Encryption PLO2: Describe the Program and the System Threats PLO3: Explain the concept of Threat Monitoring PLO4: Differentiate between the Symmetric Encryption and the Asymmetric Encryption,U6S2T2,PSM,PLO1: Explain the Principles of Security and the Encryption PLO2: Describe the Program and the System Threats PLO3: Explain the concept of Threat Monitoring PLO4: Differentiate between the Symmetric Encryption and the Asymmetric Encryption,8
V2L-OS,ALM 6.2.2-1                 DBST,<b><u>Active Learning Outcomes: 10 min duration.</u></b><br>ALO 6.2.2-1: Describe Security and Security Problem.,Active Learning Outcomes: 10 min duration. ALO 6.2.2-1: Describe Security and Security Problem.,U6S2T2-1,ALM,ALO 6.2.2-1: Describe Security and Security Problem.,10
V2L-OS,ALM 6.2.2-2          DBST,<b><u>Active Learning Outcomes: 17 min duration.</u></b><br>ALO 6.2.2-2: Define Program and System Threats.,Active Learning Outcomes: 17 min duration. ALO 6.2.2-2: Define Program and System Threats.,U6S2T2-2,ALM,ALO 6.2.2-2: Define Program and System Threats.,17
V2L-OS,ALM 6.2.2-3          DBST,<b><u>Active Learning Outcomes: 27 min duration.</u></b><br>ALO 6.2.2-3: Recall the Threat Monitoring with the concept of Encryption and Authentication.,Active Learning Outcomes: 27 min duration. ALO 6.2.2-3: Recall the Threat Monitoring with the concept of Encryption and Authentication.,U6S2T2-3,ALM,ALO 6.2.2-3: Recall the Threat Monitoring with the concept of Encryption and Authentication.,27
V2L-OS,PSM 7.1.1,,nan,U7S1T1,PSM,nan,0
V2L-OS,PSM 7.1.2,,nan,U7S1T2,PSM,nan,0
V2L-OS,PSM 7.1.3,,nan,U7S1T3,PSM,nan,0
V2L-OS,PSM 7.1.4,,nan,U7S1T4,PSM,nan,0
V2L-OS,PSM 7.2.1,,nan,U7S2T1,PSM,nan,0
V2L-OS,PSM 7.2.2,,nan,U7S2T2,PSM,nan,0
V2L-OS,PSM 7.2.3,,nan,U7S2T3,PSM,nan,0
