course,activity,lo_unformatted,lo_formatted,activity_formatted,activity_type,lo_formatted_duration_removed,duration
V2L-EMMI,ALM 1.1.1-1                                                  DBST,<b><u>Active Learning Outcomes: 15 min duration.</u></b><br>ALO 1.1.1-1: Define the term Measurement,Active Learning Outcomes: 15 min duration. ALO 1.1.1-1: Define the term Measurement,U1S1T1-1,ALM,ALO 1.1.1-1: Define the term Measurement,15
V2L-EMMI,ALM 1.1.1-2                                                     DBST,<b><u>Active Learning Outcomes: 17 min duration.</u></b><br>ALO 1.1.1-2: Recall the Significance of Measurement,Active Learning Outcomes: 17 min duration. ALO 1.1.1-2: Recall the Significance of Measurement,U1S1T1-2,ALM,ALO 1.1.1-2: Recall the Significance of Measurement,17
V2L-EMMI,ALM 1.1.1-3                                                     DBST,<b><u>Active Learning Outcomes: 11 min duration.</u></b><br>ALO 1.1.1-3: Recall the Methods of Measurement,Active Learning Outcomes: 11 min duration. ALO 1.1.1-3: Recall the Methods of Measurement,U1S1T1-3,ALM,ALO 1.1.1-3: Recall the Methods of Measurement,11
V2L-EMMI,ALM 1.1.2-1                                                     DBST,<b><u>Active Learning Outcomes: 37 min duration.</u></b><br>ALO 1.1.2-1: Recall types and functions of the Instruments,Active Learning Outcomes: 37 min duration. ALO 1.1.2-1: Recall types and functions of the Instruments,U1S1T2-1,ALM,ALO 1.1.2-1: Recall types and functions of the Instruments,37
V2L-EMMI,ALM 1.1.2-2                                                     DBST,<b><u>Active Learning Outcomes: 7 min duration.</u></b><br>ALO 1.1.2-2: Describe the Measurement System Performance,Active Learning Outcomes: 7 min duration. ALO 1.1.2-2: Describe the Measurement System Performance,U1S1T2-2,ALM,ALO 1.1.2-2: Describe the Measurement System Performance,7
V2L-EMMI,ALM 1.1.2-3                                                    DBST,"<b><u>Active Learning Outcomes: 37 min duration.</u></b><br>ALO 1.1.2-3: Define the following terms in Measuring Instruments: Accuracy, Precision, Calibration, Repeatability, Scale Range, Scale Span, Linearity and Hysteresis","Active Learning Outcomes: 37 min duration. ALO 1.1.2-3: Define the following terms in Measuring Instruments: Accuracy, Precision, Calibration, Repeatability, Scale Range, Scale Span, Linearity and Hysteresis",U1S1T2-3,ALM,"ALO 1.1.2-3: Define the following terms in Measuring Instruments: Accuracy, Precision, Calibration, Repeatability, Scale Range, Scale Span, Linearity and Hysteresis",37
V2L-EMMI,PSM 1.1.3,<b><u>Problem Learning Outcomes: 9 min duration.</u></b><br>PLO1: Explain the Loading Effect in Measurement<br>PLO2: Determine the Resolution and Sensitivity of the measuring Instruments,Problem Learning Outcomes: 9 min duration. PLO1: Explain the Loading Effect in Measurement PLO2: Determine the Resolution and Sensitivity of the measuring Instruments,U1S1T3,PSM,PLO1: Explain the Loading Effect in Measurement PLO2: Determine the Resolution and Sensitivity of the measuring Instruments,9
V2L-EMMI,ALM 1.1.3-1                            DBST,"<b><u>Active Learning Outcomes: 32 min duration.</u></b><br>ALO 1.1.3-1: Define the following terms used in Measuring Instruments: Dead Time, Dead Zone, Resolution, Threshold, Sensitivity, and Loading Effect","Active Learning Outcomes: 32 min duration. ALO 1.1.3-1: Define the following terms used in Measuring Instruments: Dead Time, Dead Zone, Resolution, Threshold, Sensitivity, and Loading Effect",U1S1T3-1,ALM,"ALO 1.1.3-1: Define the following terms used in Measuring Instruments: Dead Time, Dead Zone, Resolution, Threshold, Sensitivity, and Loading Effect",32
V2L-EMMI,PSM 1.2.1,"<b><u>Problem Learning Outcomes: 43 min duration.</u></b><br>PLO1: Define and classify the Error<br>PLO2: Infer the cause of Errors<br>PLO3: Calculate the Absolute Error, Relative Error and Limiting Errors","Problem Learning Outcomes: 43 min duration. PLO1: Define and classify the Error PLO2: Infer the cause of Errors PLO3: Calculate the Absolute Error, Relative Error and Limiting Errors",U1S2T1,PSM,"PLO1: Define and classify the Error PLO2: Infer the cause of Errors PLO3: Calculate the Absolute Error, Relative Error and Limiting Errors",43
V2L-EMMI,ALM 1.2.1-1                                        DBST,<b><u>Active Learning Outcomes: 5 min duration.</u></b><br>ALO 1.2.1-1: Recall the Errors,Active Learning Outcomes: 5 min duration. ALO 1.2.1-1: Recall the Errors,U1S2T1-1,ALM,ALO 1.2.1-1: Recall the Errors,5
V2L-EMMI,ALM 1.2.1-2                                                     DBST,"<b><u>Active Learning Outcomes: 18 min duration.</u></b><br>ALO 1.2.1-2: Define the following terms: True Value, Limiting Error, and Absolute Error","Active Learning Outcomes: 18 min duration. ALO 1.2.1-2: Define the following terms: True Value, Limiting Error, and Absolute Error",U1S2T1-2,ALM,"ALO 1.2.1-2: Define the following terms: True Value, Limiting Error, and Absolute Error",18
V2L-EMMI,ALM 1.2.1-3                                                    DBST,<b><u>Active Learning Outcomes: 13 min duration.</u></b><br>ALO 1.2.1-3: Recall the types of Errors,Active Learning Outcomes: 13 min duration. ALO 1.2.1-3: Recall the types of Errors,U1S2T1-3,ALM,ALO 1.2.1-3: Recall the types of Errors,13
V2L-EMMI,ALM 1.2.1-4                                                 DBST,<b><u>Active Learning Outcomes: 49 min duration.</u></b><br>ALO 1.2.1-4: Recall the combination of quantities with Limiting Errors,Active Learning Outcomes: 49 min duration. ALO 1.2.1-4: Recall the combination of quantities with Limiting Errors,U1S2T1-4,ALM,ALO 1.2.1-4: Recall the combination of quantities with Limiting Errors,49
V2L-EMMI,PSM 1.2.2,"<b><u>Problem Learning Outcomes: 23 min duration.</u></b><br>PLO1: Explain and determine the following terms used in the Measurement: Arithmetic Mean, Deviation from the mean, Average Deviation, Standard Deviation, and Variance","Problem Learning Outcomes: 23 min duration. PLO1: Explain and determine the following terms used in the Measurement: Arithmetic Mean, Deviation from the mean, Average Deviation, Standard Deviation, and Variance",U1S2T2,PSM,"PLO1: Explain and determine the following terms used in the Measurement: Arithmetic Mean, Deviation from the mean, Average Deviation, Standard Deviation, and Variance",23
V2L-EMMI,ALM 1.2.2-1                                      DBST,"<b><u>Active Learning Outcomes: 23 min duration.</u></b><br>ALO 1.2.2-1: Recall the following terms used in the Measurement: Arithmetic Mean, Deviation from the mean, Average Deviation, Standard Deviation, and Variance","Active Learning Outcomes: 23 min duration. ALO 1.2.2-1: Recall the following terms used in the Measurement: Arithmetic Mean, Deviation from the mean, Average Deviation, Standard Deviation, and Variance",U1S2T2-1,ALM,"ALO 1.2.2-1: Recall the following terms used in the Measurement: Arithmetic Mean, Deviation from the mean, Average Deviation, Standard Deviation, and Variance",23
V2L-EMMI,PSM 1.2.3,"<b><u>Problem Learning Outcomes: 44 min duration.</u></b><br>PLO1: Define Fundamental and Derived units<br>PLO2: Relate Electromagnetic System and Electrostatic System of Light Velocity<br>PLO3: Show the expression for energy stored in Parallel Plate Capacitor<br>PLO4: Determine the dimensions of Force, Work and Power<br>PLO5: Determine the unknown quantities in the expression of mean Torque of Electrodynamometer","Problem Learning Outcomes: 44 min duration. PLO1: Define Fundamental and Derived units PLO2: Relate Electromagnetic System and Electrostatic System of Light Velocity PLO3: Show the expression for energy stored in Parallel Plate Capacitor PLO4: Determine the dimensions of Force, Work and Power PLO5: Determine the unknown quantities in the expression of mean Torque of Electrodynamometer",U1S2T3,PSM,"PLO1: Define Fundamental and Derived units PLO2: Relate Electromagnetic System and Electrostatic System of Light Velocity PLO3: Show the expression for energy stored in Parallel Plate Capacitor PLO4: Determine the dimensions of Force, Work and Power PLO5: Determine the unknown quantities in the expression of mean Torque of Electrodynamometer",44
V2L-EMMI,ALM 1.2.3-1A                  DBST,"<b><u>Active Learning Outcomes: 55 min duration.</u></b><br>ALO 5.2.3-1: Describe the following Bridges for the Measurement of Inductances:
<br>&nbsp; &nbsp; &nbsp; &nbsp; &nbsp; &nbsp; &nbsp; &nbsp; &nbsp; &nbsp; &nbsp; i. Maxwell's Bridge<br>&nbsp; &nbsp; &nbsp; &nbsp; &nbsp; &nbsp; &nbsp; &nbsp; &nbsp; &nbsp; &nbsp; ii. Hay's Bridge","Active Learning Outcomes: 55 min duration. ALO 5.2.3-1: Describe the following Bridges for the Measurement of Inductances:
 i. Maxwell's Bridge ii. Hay's Bridge",U1S2T3-1,ALM,"ALO 5.2.3-1: Describe the following Bridges for the Measurement of Inductances:
 i. Maxwell's Bridge ii. Hay's Bridge",55
V2L-EMMI,ALM 1.2.3-1                           DBST,<b><u>Active Learning Outcomes: 13 min duration.</u></b><br>ALO 1.2.3-1: Recall Units and Type of Units,Active Learning Outcomes: 13 min duration. ALO 1.2.3-1: Recall Units and Type of Units,U1S2T3-1,ALM,ALO 1.2.3-1: Recall Units and Type of Units,13
V2L-EMMI,ALM 1.2.3-2                          DBST,<b><u>Active Learning Outcomes: 28 min duration.</u></b><br>ALO 1.2.3-2: Recall Dimensions and derive Dimensions of Electrical Quantities,Active Learning Outcomes: 28 min duration. ALO 1.2.3-2: Recall Dimensions and derive Dimensions of Electrical Quantities,U1S2T3-2,ALM,ALO 1.2.3-2: Recall Dimensions and derive Dimensions of Electrical Quantities,28
V2L-EMMI,ALM 1.2.3-3                                             DBST,<b><u>Active Learning Outcomes: 27 min duration.</u></b><br>ALO 1.2.3-3: Define and classify Unit Standards,Active Learning Outcomes: 27 min duration. ALO 1.2.3-3: Define and classify Unit Standards,U1S2T3-3,ALM,ALO 1.2.3-3: Define and classify Unit Standards,27
V2L-EMMI,ALM 10.1.1-1                                     DBST,<b><u>Active Learning Outcomes: 12 min duration.</u></b><br>ALO 10.1.1-1: Define DC Machines,Active Learning Outcomes: 12 min duration. ALO 10.1.1-1: Define DC Machines,U10S1T1-1,ALM,ALO 10.1.1-1: Define DC Machines,12
V2L-EMMI,ALM 10.1.1-2B                      DBST,<b><u>Active Learning Outcomes: 24 min duration.</u></b><br>ALO 10.1.1-2: Describe the Working Principle of DC Machines,Active Learning Outcomes: 24 min duration. ALO 10.1.1-2: Describe the Working Principle of DC Machines,U10S1T1-2,ALM,ALO 10.1.1-2: Describe the Working Principle of DC Machines,24
V2L-EMMI,ALM 10.1.1-2A                          DBST,<b><u>Active Learning Outcomes: 32 min duration.</u></b><br>ALO 10.1.1-2: Describe the Working Principle of DC Machines,Active Learning Outcomes: 32 min duration. ALO 10.1.1-2: Describe the Working Principle of DC Machines,U10S1T1-2,ALM,ALO 10.1.1-2: Describe the Working Principle of DC Machines,32
V2L-EMMI,ALM 10.1.2-1.1             DBST,<u><b>Active Learning Outcomes: 32 min duration.</b></u><br>ALM 10.1.2-1: Describe the construction of DC Machine,Active Learning Outcomes: 32 min duration. ALM 10.1.2-1: Describe the construction of DC Machine,U10S1T2-11,ALM,ALM 10.1.2-1: Describe the construction of DC Machine,32
V2L-EMMI,ALM 10.1.2-2                     DBST,"<u><b>Active Learning Outcomes: 44 min duration.
</b></u><br>ALM 10.1.2-2: Recall the type of winding used for designing Armature winding for DC Machine","Active Learning Outcomes: 44 min duration.
 ALM 10.1.2-2: Recall the type of winding used for designing Armature winding for DC Machine",U10S1T2-2,ALM, ALM 10.1.2-2: Recall the type of winding used for designing Armature winding for DC Machine,44
V2L-EMMI,ALM 10.1.3-1               DBST,"<b><u>Active Learning Outcomes: 20 min duration.
</u></b><br>ALO 10.1.3-1: List the Types of DC Machines","Active Learning Outcomes: 20 min duration.
 ALO 10.1.3-1: List the Types of DC Machines",U10S1T3-1,ALM, ALO 10.1.3-1: List the Types of DC Machines,20
V2L-EMMI,ALM 10.1.3-2          DBST,<b><u>Active Learning Outcomes: 33 min duration.</u></b><br>ALO 10.1.3-2: Describe Separately Excited and Self Excited DC Machines,Active Learning Outcomes: 33 min duration. ALO 10.1.3-2: Describe Separately Excited and Self Excited DC Machines,U10S1T3-2,ALM,ALO 10.1.3-2: Describe Separately Excited and Self Excited DC Machines,33
V2L-EMMI,ALM 10.1.3-3              DBST,"<b><u>Active Learning Outcomes: 59 min duration.</u></b><br>ALO 10.1.3-3: Recall the types of Self Excited DC Machines, Series, Shunt, and Compound","Active Learning Outcomes: 59 min duration. ALO 10.1.3-3: Recall the types of Self Excited DC Machines, Series, Shunt, and Compound",U10S1T3-3,ALM,"ALO 10.1.3-3: Recall the types of Self Excited DC Machines, Series, Shunt, and Compound",59
V2L-EMMI,ALM 10.1.3-4                  DBST,<b><u>Active Learning Outcomes: 8 min duration.</u></b><br>ALO 10.1.3-4: Recall the Applications of DC Machines,Active Learning Outcomes: 8 min duration. ALO 10.1.3-4: Recall the Applications of DC Machines,U10S1T3-4,ALM,ALO 10.1.3-4: Recall the Applications of DC Machines,8
V2L-EMMI,ALM 10.1.4-1               DBST,<b><u>Active Learning Outcomes: 28 min duration.</u></b><br>ALO 10.1.4-1:  Derive the EMF Equation of DC Machines,Active Learning Outcomes: 28 min duration. ALO 10.1.4-1:  Derive the EMF Equation of DC Machines,U10S1T4-1,ALM,ALO 10.1.4-1:  Derive the EMF Equation of DC Machines,28
V2L-EMMI,ALM 10.1.4-2               DBST,<b><u>Active Learning Outcomes: 13 min duration.</u></b><br>ALO 10.1.4-2: Derive the Torque Equation of DC Machines,Active Learning Outcomes: 13 min duration. ALO 10.1.4-2: Derive the Torque Equation of DC Machines,U10S1T4-2,ALM,ALO 10.1.4-2: Derive the Torque Equation of DC Machines,13
V2L-EMMI,ALM 10.2.1-1              DBST,<b><u>Active Learning Outcomes: 17 min duration.</u></b><br>ALO 10.2.1-1: Recall the Concepts of Geometrical Neutral Axis and Magnetic Neutral Axis,Active Learning Outcomes: 17 min duration. ALO 10.2.1-1: Recall the Concepts of Geometrical Neutral Axis and Magnetic Neutral Axis,U10S2T1-1,ALM,ALO 10.2.1-1: Recall the Concepts of Geometrical Neutral Axis and Magnetic Neutral Axis,17
V2L-EMMI,ALM 10.2.1-2                                           DBST,<b><u>Active Learning Outcomes: 40 min duration.</u></b><br>ALO 10.2.1-2: Describe Armature Reaction in DC Machines,Active Learning Outcomes: 40 min duration. ALO 10.2.1-2: Describe Armature Reaction in DC Machines,U10S2T1-2,ALM,ALO 10.2.1-2: Describe Armature Reaction in DC Machines,40
V2L-EMMI,ALM 10.2.1-3             DBST,<b><u>Active Learning Outcomes: 16 min duration.</u></b><br>ALO 10.2.1-3: Recall the Methods to limit the Effects of Armature Reaction,Active Learning Outcomes: 16 min duration. ALO 10.2.1-3: Recall the Methods to limit the Effects of Armature Reaction,U10S2T1-3,ALM,ALO 10.2.1-3: Recall the Methods to limit the Effects of Armature Reaction,16
V2L-EMMI,ALM 10.2.2-1              DBST,<b><u>Active Learning Outcomes: 26 min duration.</u></b><br>ALO 10.2.2-1: Describe Commutation in DC Machines,Active Learning Outcomes: 26 min duration. ALO 10.2.2-1: Describe Commutation in DC Machines,U10S2T2-1,ALM,ALO 10.2.2-1: Describe Commutation in DC Machines,26
V2L-EMMI,ALM 10.2.2-2             DBST,<b><u>Active Learning Outcomes: 27 min duration.</u></b><br>ALO 10.2.2-2: Recall the Methods of Improving Commutation in DC Machines,Active Learning Outcomes: 27 min duration. ALO 10.2.2-2: Recall the Methods of Improving Commutation in DC Machines,U10S2T2-2,ALM,ALO 10.2.2-2: Recall the Methods of Improving Commutation in DC Machines,27
V2L-EMMI,ALM 10.2.3-1,<b><u>Active Learning Outcomes: 16 min duration.</u></b><br>ALO 10.2.3-1: Describe Losses in DC Machines,Active Learning Outcomes: 16 min duration. ALO 10.2.3-1: Describe Losses in DC Machines,U10S2T3-1,ALM,ALO 10.2.3-1: Describe Losses in DC Machines,16
V2L-EMMI,ALM 10.2.3-2                                   DBST,<b><u>Active Learning Outcomes: 35 min duration.</u></b><br>ALO 10.3.2-2: Describe Internal and External Characteristics of DC Generators,Active Learning Outcomes: 35 min duration. ALO 10.3.2-2: Describe Internal and External Characteristics of DC Generators,U10S2T3-2,ALM,ALO 10.3.2-2: Describe Internal and External Characteristics of DC Generators,35
V2L-EMMI,ALM 10.2.3-2             DBST,<b><u>Active Learning Outcomes: 39 min duration.</u></b><br>ALO 10.2.3-2: Recall the Efficiency in DC Machines,Active Learning Outcomes: 39 min duration. ALO 10.2.3-2: Recall the Efficiency in DC Machines,U10S2T3-2,ALM,ALO 10.2.3-2: Recall the Efficiency in DC Machines,39
V2L-EMMI,ALM 10.3.1-1           DBST,<b><u>Active Learning Outcomes: 20 min duration.</u></b><br>ALO 10.3.1-1: Recall Voltage Build-Up in DC Series Generator,Active Learning Outcomes: 20 min duration. ALO 10.3.1-1: Recall Voltage Build-Up in DC Series Generator,U10S3T1-1,ALM,ALO 10.3.1-1: Recall Voltage Build-Up in DC Series Generator,20
V2L-EMMI,ALM 10.3.1-2                    DBST,<b><u>Active Learning Outcomes: 7 min duration.</u></b><br>ALO 10.3.1-2: Recall Voltage Build-Up in DC Shunt Generator,Active Learning Outcomes: 7 min duration. ALO 10.3.1-2: Recall Voltage Build-Up in DC Shunt Generator,U10S3T1-2,ALM,ALO 10.3.1-2: Recall Voltage Build-Up in DC Shunt Generator,7
V2L-EMMI,ALM 10.3.2-1             DBST,<b><u>Active Learning Outcomes: 12 min duration.</u></b><br>ALO 10.3.2-1: Describe Open-Circuit Characteristics of DC Generators,Active Learning Outcomes: 12 min duration. ALO 10.3.2-1: Describe Open-Circuit Characteristics of DC Generators,U10S3T2-1,ALM,ALO 10.3.2-1: Describe Open-Circuit Characteristics of DC Generators,12
V2L-EMMI,ALM 10.4.1-1                  DBST,"<b><u>Active Learning Outcomes: 72 min duration.</u></b><br>ALO 10.4.1-1: Describe the Characteristics of DC Motors:<br>&nbsp; &nbsp; &nbsp; &nbsp; &nbsp; &nbsp; &nbsp; &nbsp; &nbsp; &nbsp; &nbsp; i. Separately-Excited DC Motor and DC Shunt
<br>&nbsp; &nbsp; &nbsp; &nbsp; &nbsp; &nbsp; &nbsp; &nbsp; &nbsp; &nbsp; &nbsp; ii. DC Series Motor
<br>&nbsp; &nbsp; &nbsp; &nbsp; &nbsp; &nbsp; &nbsp; &nbsp; &nbsp; &nbsp; &nbsp; iii. DC Compound Motor","Active Learning Outcomes: 72 min duration. ALO 10.4.1-1: Describe the Characteristics of DC Motors: i. Separately-Excited DC Motor and DC Shunt
 ii. DC Series Motor
 iii. DC Compound Motor",U10S4T1-1,ALM,"ALO 10.4.1-1: Describe the Characteristics of DC Motors: i. Separately-Excited DC Motor and DC Shunt
 ii. DC Series Motor
 iii. DC Compound Motor",72
V2L-EMMI,ALM 10.4.2-1,<b><u>Active Learning Outcomes: 47 min duration.</u></b><br>ALO 10.4.2-1: Describe the Braking of DC Motors:<br>&nbsp; &nbsp; &nbsp; &nbsp; &nbsp; &nbsp; &nbsp; &nbsp; &nbsp; &nbsp; &nbsp; &nbsp;i. Regenerative Braking<br>&nbsp; &nbsp; &nbsp; &nbsp; &nbsp; &nbsp; &nbsp; &nbsp; &nbsp; &nbsp; &nbsp; &nbsp;ii. Plugging Braking<br>&nbsp; &nbsp; &nbsp; &nbsp; &nbsp; &nbsp; &nbsp; &nbsp; &nbsp; &nbsp; &nbsp; &nbsp;iii. Dynamic Braking,Active Learning Outcomes: 47 min duration. ALO 10.4.2-1: Describe the Braking of DC Motors: i. Regenerative Braking ii. Plugging Braking iii. Dynamic Braking,U10S4T2-1,ALM,ALO 10.4.2-1: Describe the Braking of DC Motors: i. Regenerative Braking ii. Plugging Braking iii. Dynamic Braking,47
V2L-EMMI,ALM 10.4.3-1                DBST,<b><u>Active Learning Outcomes: 12 min duration.</u></b><br>ALO 10.4.3-1: Classify Speed Control of DC Motors,Active Learning Outcomes: 12 min duration. ALO 10.4.3-1: Classify Speed Control of DC Motors,U10S4T3-1,ALM,ALO 10.4.3-1: Classify Speed Control of DC Motors,12
V2L-EMMI,ALM 10.4.3-2                DBST,<b><u>Active Learning Outcomes: 20 min duration.</u></b><br>ALO 10.4.3-2: Recall the Speed Control of DC Shunt Motor,Active Learning Outcomes: 20 min duration. ALO 10.4.3-2: Recall the Speed Control of DC Shunt Motor,U10S4T3-2,ALM,ALO 10.4.3-2: Recall the Speed Control of DC Shunt Motor,20
V2L-EMMI,ALM 10.4.3-3               DBST,<b><u>Active Learning Outcomes: 17 min duration.</u></b><br>ALO 10.4.3-3: Recall the Speed Control of DC Series Motor,Active Learning Outcomes: 17 min duration. ALO 10.4.3-3: Recall the Speed Control of DC Series Motor,U10S4T3-3,ALM,ALO 10.4.3-3: Recall the Speed Control of DC Series Motor,17
V2L-EMMI,ALM 10.4.3-4               DBST,<b><u>Active Learning Outcomes: 11 min duration.</u></b><br>ALO 10.4.3-4: Describe the Ward-Leonard Systems for Speed Control,Active Learning Outcomes: 11 min duration. ALO 10.4.3-4: Describe the Ward-Leonard Systems for Speed Control,U10S4T3-4,ALM,ALO 10.4.3-4: Describe the Ward-Leonard Systems for Speed Control,11
V2L-EMMI,ALM 10.5.1-1                    DBST,"<b><u>Active Learning Outcomes: 39 min duration.</u></b><br>ALO 10.5.1-1: Describe the Testing of DC Machines:
<br>&nbsp; &nbsp; &nbsp; &nbsp; &nbsp; &nbsp; &nbsp; &nbsp; &nbsp; &nbsp; &nbsp; i. Swinburne’s Test
<br>&nbsp; &nbsp; &nbsp; &nbsp; &nbsp; &nbsp; &nbsp; &nbsp; &nbsp; &nbsp; &nbsp; ii. Retardation Test<br>&nbsp; &nbsp; &nbsp; &nbsp; &nbsp; &nbsp; &nbsp; &nbsp; &nbsp; &nbsp; &nbsp; iii. Hopkinson’s Test
<br>&nbsp; &nbsp; &nbsp; &nbsp; &nbsp; &nbsp; &nbsp; &nbsp; &nbsp; &nbsp; &nbsp; iv. Field’s Test","Active Learning Outcomes: 39 min duration. ALO 10.5.1-1: Describe the Testing of DC Machines:
 i. Swinburne’s Test
 ii. Retardation Test iii. Hopkinson’s Test
 iv. Field’s Test",U10S5T1-1,ALM,"ALO 10.5.1-1: Describe the Testing of DC Machines:
 i. Swinburne’s Test
 ii. Retardation Test iii. Hopkinson’s Test
 iv. Field’s Test",39
V2L-EMMI,ALM 10.5.2-1             DBST,<b><u>Active Learning Outcomes: 33 min duration.</u></b><br>ALO 10.5.2-1: Describe Three Point Starter,Active Learning Outcomes: 33 min duration. ALO 10.5.2-1: Describe Three Point Starter,U10S5T2-1,ALM,ALO 10.5.2-1: Describe Three Point Starter,33
V2L-EMMI,ALM 10.5.2-2             DBST,<b><u>Active Learning Outcomes: 8 min duration.</u></b><br>ALO 10.5.2-2: Describe Four Point Starter,Active Learning Outcomes: 8 min duration. ALO 10.5.2-2: Describe Four Point Starter,U10S5T2-2,ALM,ALO 10.5.2-2: Describe Four Point Starter,8
V2L-EMMI,ALM 10.5.3-1                  DBST,"<b><u>Active Learning Outcomes: 37 min duration.</u></b><br>ALO 10.5.3-1: Describe the parallel operation of DC Generators:
<br>&nbsp; &nbsp; &nbsp; &nbsp; &nbsp; &nbsp; &nbsp; &nbsp; &nbsp; &nbsp; &nbsp; &nbsp;i. DC Shunt Generator
<br>&nbsp; &nbsp; &nbsp; &nbsp; &nbsp; &nbsp; &nbsp; &nbsp; &nbsp; &nbsp; &nbsp; &nbsp;ii. DC Series Generator
<br>&nbsp; &nbsp; &nbsp; &nbsp; &nbsp; &nbsp; &nbsp; &nbsp; &nbsp; &nbsp; &nbsp; &nbsp;iii. DC Compound Generator","Active Learning Outcomes: 37 min duration. ALO 10.5.3-1: Describe the parallel operation of DC Generators:
 i. DC Shunt Generator
 ii. DC Series Generator
 iii. DC Compound Generator",U10S5T3-1,ALM,"ALO 10.5.3-1: Describe the parallel operation of DC Generators:
 i. DC Shunt Generator
 ii. DC Series Generator
 iii. DC Compound Generator",37
V2L-EMMI,ALM 2.1.1-1                                                   DBST,"<b><u>Active Learning Outcomes: 46 min duration.</u></b><br>ALO 2.1.1-1: Recall the following types of Instruments: Measuring Instruments, Secondary Instruments, and Deflection Type Instruments","Active Learning Outcomes: 46 min duration. ALO 2.1.1-1: Recall the following types of Instruments: Measuring Instruments, Secondary Instruments, and Deflection Type Instruments",U2S1T1-1,ALM,"ALO 2.1.1-1: Recall the following types of Instruments: Measuring Instruments, Secondary Instruments, and Deflection Type Instruments",46
V2L-EMMI,ALM 2.1.2-1                                       DBST,<b><u>Active Learning Outcomes: 35 min duration.</u></b><br>ALO 2.1.2-1: Determine the Torques acting in a Deflection Type Instrument,Active Learning Outcomes: 35 min duration. ALO 2.1.2-1: Determine the Torques acting in a Deflection Type Instrument,U2S1T2-1,ALM,ALO 2.1.2-1: Determine the Torques acting in a Deflection Type Instrument,35
V2L-EMMI,ALM 2.1.2-2                                                    DBST,<b><u>Active Learning Outcomes: 34 min duration.</u></b><br>ALO 2.1.2-2: Recall the Types of Damping in the Deflection Type Instruments,Active Learning Outcomes: 34 min duration. ALO 2.1.2-2: Recall the Types of Damping in the Deflection Type Instruments,U2S1T2-2,ALM,ALO 2.1.2-2: Recall the Types of Damping in the Deflection Type Instruments,34
V2L-EMMI,ALM 2.1.3-1                                                     DBST,<b><u>Active Learning Outcomes: 9 min duration.</u></b><br>ALO 2.1.3-1: Recall Moving Systems,Active Learning Outcomes: 9 min duration. ALO 2.1.3-1: Recall Moving Systems,U2S1T3-1,ALM,ALO 2.1.3-1: Recall Moving Systems,9
V2L-EMMI,ALM 2.1.3-2                              DBST,<b><u>Active Learning Outcomes: 14 min duration.</u></b><br>ALO 2.1.3-2: Describe the Types of Supports,Active Learning Outcomes: 14 min duration. ALO 2.1.3-2: Describe the Types of Supports,U2S1T3-2,ALM,ALO 2.1.3-2: Describe the Types of Supports,14
V2L-EMMI,ALM 2.1.3-3                        DBST,<b><u>Active Learning Outcomes: 9 min duration.</u></b><br>ALO 2.1.3-3: Describe the Balancing Systems and Torque/Weight Ratio,Active Learning Outcomes: 9 min duration. ALO 2.1.3-3: Describe the Balancing Systems and Torque/Weight Ratio,U2S1T3-3,ALM,ALO 2.1.3-3: Describe the Balancing Systems and Torque/Weight Ratio,9
V2L-EMMI,ALM 2.1.3-4                                  DBST,<b><u>Active Learning Outcomes: 14 min duration.</u></b><br>ALO 2.1.3-4: Recall Control Systems,Active Learning Outcomes: 14 min duration. ALO 2.1.3-4: Recall Control Systems,U2S1T3-4,ALM,ALO 2.1.3-4: Recall Control Systems,14
V2L-EMMI,PSM 2.2.1,"<b><u>Problem Learning Outcomes: 30 min duration.</u></b><br>PLO1: Explain the construction and working principle of PMMC Instruments<br>PLO2: Explain the concept of Damping in PMMC<br>PLO3: Determine the Current, Number of turns, Flux Density in the air gap and the dimension of copper wire of coil winding","Problem Learning Outcomes: 30 min duration. PLO1: Explain the construction and working principle of PMMC Instruments PLO2: Explain the concept of Damping in PMMC PLO3: Determine the Current, Number of turns, Flux Density in the air gap and the dimension of copper wire of coil winding",U2S2T1,PSM,"PLO1: Explain the construction and working principle of PMMC Instruments PLO2: Explain the concept of Damping in PMMC PLO3: Determine the Current, Number of turns, Flux Density in the air gap and the dimension of copper wire of coil winding",30
V2L-EMMI,ALM 2.2.1-1                                          DBST,<b><u>Active Learning Outcomes: 23 min duration.</u></b><br>ALO 2.2.1-1: Describe the construction and working principle of PMMC Instruments,Active Learning Outcomes: 23 min duration. ALO 2.2.1-1: Describe the construction and working principle of PMMC Instruments,U2S2T1-1,ALM,ALO 2.2.1-1: Describe the construction and working principle of PMMC Instruments,23
V2L-EMMI,ALM 2.2.1-2                                      DBST,<b><u>Active Learning Outcomes: 19 min duration.</u></b><br>ALO 2.2.1-2: Derive Torque Equation of PMMC Instruments,Active Learning Outcomes: 19 min duration. ALO 2.2.1-2: Derive Torque Equation of PMMC Instruments,U2S2T1-2,ALM,ALO 2.2.1-2: Derive Torque Equation of PMMC Instruments,19
V2L-EMMI,ALM 2.2.1-3                                                  DBST,"<b><u>Active Learning Outcomes: 19 min duration.</u></b><br>ALO 2.2.1-3: Recall the Advantages, Disadvantages and Applications of PMMC Instruments","Active Learning Outcomes: 19 min duration. ALO 2.2.1-3: Recall the Advantages, Disadvantages and Applications of PMMC Instruments",U2S2T1-3,ALM,"ALO 2.2.1-3: Recall the Advantages, Disadvantages and Applications of PMMC Instruments",19
V2L-EMMI,ALM 2.2.1-4                                         DBST,<b><u>Active Learning Outcomes: 13 min duration.</u></b><br>ALO 2.2.1-4: Recall the Errors in PMMC Instruments,Active Learning Outcomes: 13 min duration. ALO 2.2.1-4: Recall the Errors in PMMC Instruments,U2S2T1-4,ALM,ALO 2.2.1-4: Recall the Errors in PMMC Instruments,13
V2L-EMMI,PSM 2.2.2 A,<b><u>Problem Learning Outcomes: 21 min duration.</u></b><br>PLO1: Explain DC Ammeters and Multirange Ammeters<br>PLO2: Determine the value of Current and Resistance in the problems<br>PLO3: Determine the value of Faulty Shunt Resistance and Multiplying Factor,Problem Learning Outcomes: 21 min duration. PLO1: Explain DC Ammeters and Multirange Ammeters PLO2: Determine the value of Current and Resistance in the problems PLO3: Determine the value of Faulty Shunt Resistance and Multiplying Factor,U2S2T2,PSM,PLO1: Explain DC Ammeters and Multirange Ammeters PLO2: Determine the value of Current and Resistance in the problems PLO3: Determine the value of Faulty Shunt Resistance and Multiplying Factor,21
V2L-EMMI,ALM 2.2.2-1                     DBST,<b><u>Active Learning Outcomes: 31 min duration.</u></b><br>ALO 2.2.2-1: Recall the Range extension of DC Ammeters,Active Learning Outcomes: 31 min duration. ALO 2.2.2-1: Recall the Range extension of DC Ammeters,U2S2T2-1,ALM,ALO 2.2.2-1: Recall the Range extension of DC Ammeters,31
V2L-EMMI,ALM 2.2.2-2              DBST,<b><u>Active Learning Outcomes: 10 min duration.</u></b><br>ALO 2.2.2-2: Recall the Effect of temperature change in Ammeter,Active Learning Outcomes: 10 min duration. ALO 2.2.2-2: Recall the Effect of temperature change in Ammeter,U2S2T2-2,ALM,ALO 2.2.2-2: Recall the Effect of temperature change in Ammeter,10
V2L-EMMI,ALM 2.2.2-3                  DBST,<b><u>Active Learning Outcomes: 8 min duration.</u></b><br>ALO 2.2.2-3: Describe Multirange Ammeters,Active Learning Outcomes: 8 min duration. ALO 2.2.2-3: Describe Multirange Ammeters,U2S2T2-3,ALM,ALO 2.2.2-3: Describe Multirange Ammeters,8
V2L-EMMI,PSM 2.2.3,"<b><u>Problem Learning Outcomes: 39 min duration.</u></b><br>PLO1: Explain working and construction of DC Voltmeters<br>PLO2: Determine the measured Voltage, Resistance and Error due to Loading effect in Voltmeter<br>PLO3: Determine the error due to temperature rise","Problem Learning Outcomes: 39 min duration. PLO1: Explain working and construction of DC Voltmeters PLO2: Determine the measured Voltage, Resistance and Error due to Loading effect in Voltmeter PLO3: Determine the error due to temperature rise",U2S2T3,PSM,"PLO1: Explain working and construction of DC Voltmeters PLO2: Determine the measured Voltage, Resistance and Error due to Loading effect in Voltmeter PLO3: Determine the error due to temperature rise",39
V2L-EMMI,ALM 2.2.3-1                     DBST,<b><u>Active Learning Outcomes: 18 min duration.</u></b><br>ALO 2.2.3-1: Recall the range extension of DC Voltmeters,Active Learning Outcomes: 18 min duration. ALO 2.2.3-1: Recall the range extension of DC Voltmeters,U2S2T3-1,ALM,ALO 2.2.3-1: Recall the range extension of DC Voltmeters,18
V2L-EMMI,ALM 2.2.3-2                  DBST,<b><u>Active Learning Outcomes: 9 min duration.</u></b><br>ALO 2.2.3-2: Describe Multirange Voltmeters,Active Learning Outcomes: 9 min duration. ALO 2.2.3-2: Describe Multirange Voltmeters,U2S2T3-2,ALM,ALO 2.2.3-2: Describe Multirange Voltmeters,9
V2L-EMMI,ALM 2.2.3-3                  DBST,<b><u>Active Learning Outcomes: 20 min duration.</u></b><br>ALO 2.2.3-3: Recall the sensitivity of Voltmeters,Active Learning Outcomes: 20 min duration. ALO 2.2.3-3: Recall the sensitivity of Voltmeters,U2S2T3-3,ALM,ALO 2.2.3-3: Recall the sensitivity of Voltmeters,20
V2L-EMMI,ALM 2.2.3-4                  DBST,<b><u>Active Learning Outcomes: 8 min duration.</u></b><br>ALO 2.2.3-4: Recall the Loading Effect of Voltmeters,Active Learning Outcomes: 8 min duration. ALO 2.2.3-4: Recall the Loading Effect of Voltmeters,U2S2T3-4,ALM,ALO 2.2.3-4: Recall the Loading Effect of Voltmeters,8
V2L-EMMI,ALM 2.3.2-1                                        DBST,<b><u>Active Learning Outcomes: 13 min duration.</u></b><br>ALO 2.3.2-1: Recall the construction and working principle of Moving Iron Instruments,Active Learning Outcomes: 13 min duration. ALO 2.3.2-1: Recall the construction and working principle of Moving Iron Instruments,U2S3T2-1,ALM,ALO 2.3.2-1: Recall the construction and working principle of Moving Iron Instruments,13
V2L-EMMI,ALM 2.3.2-2                                       DBST,<b><u>Active Learning Outcomes: 24 min duration.</u></b><br>ALO 2.3.2-2: Derive Torque Equation of Moving Iron Instruments,Active Learning Outcomes: 24 min duration. ALO 2.3.2-2: Derive Torque Equation of Moving Iron Instruments,U2S3T2-2,ALM,ALO 2.3.2-2: Derive Torque Equation of Moving Iron Instruments,24
V2L-EMMI,ALM 2.3.2-3                                                 DBST,"<b><u>Active Learning Outcomes: 32 min duration.</u></b><br>ALO 2.3.2-3: Recall the Advantages, Disadvantages and Errors in Moving Iron Instruments","Active Learning Outcomes: 32 min duration. ALO 2.3.2-3: Recall the Advantages, Disadvantages and Errors in Moving Iron Instruments",U2S3T2-3,ALM,"ALO 2.3.2-3: Recall the Advantages, Disadvantages and Errors in Moving Iron Instruments",32
V2L-EMMI,ALM 2.3.3-1                                          DBST,<b><u>Active Learning Outcomes: 8 min duration.</u></b><br>ALO 2.3.3-1: Recall Electrodynamometer Type Instruments,Active Learning Outcomes: 8 min duration. ALO 2.3.3-1: Recall Electrodynamometer Type Instruments,U2S3T3-1,ALM,ALO 2.3.3-1: Recall Electrodynamometer Type Instruments,8
V2L-EMMI,ALM 2.3.3-2                                 DBST,<b><u>Active Learning Outcomes: 7 min duration.</u></b><br>ALO 2.3.3-2: Describe the working principle of Electrodynamometer Type Instruments,Active Learning Outcomes: 7 min duration. ALO 2.3.3-2: Describe the working principle of Electrodynamometer Type Instruments,U2S3T3-2,ALM,ALO 2.3.3-2: Describe the working principle of Electrodynamometer Type Instruments,7
V2L-EMMI,ALM 2.3.3-3                                DBST,<b><u>Active Learning Outcomes: 36 min duration.</u></b><br>ALO 2.3.3-3: Derive Torque Equation of Electrodynamometer Type Instruments,Active Learning Outcomes: 36 min duration. ALO 2.3.3-3: Derive Torque Equation of Electrodynamometer Type Instruments,U2S3T3-3,ALM,ALO 2.3.3-3: Derive Torque Equation of Electrodynamometer Type Instruments,36
V2L-EMMI,ALM 2.3.3-4                                   DBST,<b><u>Active Learning Outcomes: 6 min duration.</u></b><br>ALO 2.3.3-4: Recall the Advantages and Disadvantages of Electrodynamometer Type Instruments,Active Learning Outcomes: 6 min duration. ALO 2.3.3-4: Recall the Advantages and Disadvantages of Electrodynamometer Type Instruments,U2S3T3-4,ALM,ALO 2.3.3-4: Recall the Advantages and Disadvantages of Electrodynamometer Type Instruments,6
V2L-EMMI,ALM 2.4.1-1                          DBST,<b><u>Active Learning Outcomes: 8 min duration.</u></b><br>ALO 2.4.1-1: Recall Electrothermic Instruments,Active Learning Outcomes: 8 min duration. ALO 2.4.1-1: Recall Electrothermic Instruments,U2S4T1-1,ALM,ALO 2.4.1-1: Recall Electrothermic Instruments,8
V2L-EMMI,ALM 2.4.1-2                                          DBST,<b><u>Active Learning Outcomes: 7 min duration.</u></b><br>ALO 2.4.1-2: Describe the Working Principle of Hot Wire Instruments,Active Learning Outcomes: 7 min duration. ALO 2.4.1-2: Describe the Working Principle of Hot Wire Instruments,U2S4T1-2,ALM,ALO 2.4.1-2: Describe the Working Principle of Hot Wire Instruments,7
V2L-EMMI,ALM 2.4.1-3                                         DBST,<b><u>Active Learning Outcomes: 4 min duration.</u></b><br>ALO 2.4.1-1: Recall the Advantages and Disadvantages of Hot Wire Instruments,Active Learning Outcomes: 4 min duration. ALO 2.4.1-1: Recall the Advantages and Disadvantages of Hot Wire Instruments,U2S4T1-3,ALM,ALO 2.4.1-1: Recall the Advantages and Disadvantages of Hot Wire Instruments,4
V2L-EMMI,ALM 2.4.1-4                 DBST,<b><u>Active Learning Outcomes: 11 min duration.</u></b><br>ALO 2.4.1-4: Recall the Working Principle of Thermocouple Type Instruments,Active Learning Outcomes: 11 min duration. ALO 2.4.1-4: Recall the Working Principle of Thermocouple Type Instruments,U2S4T1-4,ALM,ALO 2.4.1-4: Recall the Working Principle of Thermocouple Type Instruments,11
V2L-EMMI,ALM 2.4.2-1                                       DBST,<b><u>Active Learning Outcomes: 6 min duration.</u></b><br>ALO 2.4.2-1: Describe the Working Principle of Electrostatic Instruments,Active Learning Outcomes: 6 min duration. ALO 2.4.2-1: Describe the Working Principle of Electrostatic Instruments,U2S4T2-1,ALM,ALO 2.4.2-1: Describe the Working Principle of Electrostatic Instruments,6
V2L-EMMI,ALM 2.4.2-2                                              DBST,<b><u>Active Learning Outcomes: 15 min duration.</u></b><br>ALO 2.4.2-2: Derive the Torque Equation of Electrostatic Instruments,Active Learning Outcomes: 15 min duration. ALO 2.4.2-2: Derive the Torque Equation of Electrostatic Instruments,U2S4T2-2,ALM,ALO 2.4.2-2: Derive the Torque Equation of Electrostatic Instruments,15
V2L-EMMI,ALM 2.4.2-3                                              DBST,<b><u>Active Learning Outcomes: 4 min duration.</u></b><br>ALO 2.4.2-3: Recall the Advantages and Disadvantages of Electrostatic Instruments,Active Learning Outcomes: 4 min duration. ALO 2.4.2-3: Recall the Advantages and Disadvantages of Electrostatic Instruments,U2S4T2-3,ALM,ALO 2.4.2-3: Recall the Advantages and Disadvantages of Electrostatic Instruments,4
V2L-EMMI,ALM 2.4.3-1                                           DBST,<b><u>Active Learning Outcomes: 12 min duration.</u></b><br>ALO 2.4.3-1: Describe the Working Principle of Induction Instruments,Active Learning Outcomes: 12 min duration. ALO 2.4.3-1: Describe the Working Principle of Induction Instruments,U2S4T3-1,ALM,ALO 2.4.3-1: Describe the Working Principle of Induction Instruments,12
V2L-EMMI,ALM 2.4.3-2                                    DBST,<b><u>Active Learning Outcomes: 13 min duration.</u></b><br>ALO 2.4.3-2: Derive the Torque Equation of Induction Instruments,Active Learning Outcomes: 13 min duration. ALO 2.4.3-2: Derive the Torque Equation of Induction Instruments,U2S4T3-2,ALM,ALO 2.4.3-2: Derive the Torque Equation of Induction Instruments,13
V2L-EMMI,ALM 2.4.3-3                                   DBST,<b><u>Active Learning Outcomes: 4 min duration.</u></b><br>ALO 2.4.3-3: Recall the Advantages and Disadvantages of Induction Instruments,Active Learning Outcomes: 4 min duration. ALO 2.4.3-3: Recall the Advantages and Disadvantages of Induction Instruments,U2S4T3-3,ALM,ALO 2.4.3-3: Recall the Advantages and Disadvantages of Induction Instruments,4
V2L-EMMI,PSM 3.1.1,<b><u>Problem Learning Outcomes: 11 min duration.</u></b><br>PLO1: Explain the construction of Induction Type Energy Meter<br>PLO2: Compare Energy Meter and Wattmeter<br>PLO3: Explain the Principle operation of Single Phase Induction Type Energy Meter<br>PLO4: Sketch the Phasor Diagram of Induction Type Energy Meter,Problem Learning Outcomes: 11 min duration. PLO1: Explain the construction of Induction Type Energy Meter PLO2: Compare Energy Meter and Wattmeter PLO3: Explain the Principle operation of Single Phase Induction Type Energy Meter PLO4: Sketch the Phasor Diagram of Induction Type Energy Meter,U3S1T1,PSM,PLO1: Explain the construction of Induction Type Energy Meter PLO2: Compare Energy Meter and Wattmeter PLO3: Explain the Principle operation of Single Phase Induction Type Energy Meter PLO4: Sketch the Phasor Diagram of Induction Type Energy Meter,11
V2L-EMMI,ALM 3.1.1-1                   DBST,<b><u>Active Learning Outcomes: 17 min duration.</u></b><br>ALO 3.1.1-1: Define the term Energy,Active Learning Outcomes: 17 min duration. ALO 3.1.1-1: Define the term Energy,U3S1T1-1,ALM,ALO 3.1.1-1: Define the term Energy,17
V2L-EMMI,ALM 3.1.1-2                 DBST,<b><u>Active Learning Outcomes: 13 min duration.</u></b><br>ALO 3.1.1-2: Describe the construction of Induction Type Energy Meter,Active Learning Outcomes: 13 min duration. ALO 3.1.1-2: Describe the construction of Induction Type Energy Meter,U3S1T1-2,ALM,ALO 3.1.1-2: Describe the construction of Induction Type Energy Meter,13
V2L-EMMI,ALM 3.1.1-3                                                     DBST,<b><u>Active Learning Outcomes: 17 min duration.</u></b><br>ALO 3.1.1-3: Recall the principle of operation of Induction Type Energy Meter,Active Learning Outcomes: 17 min duration. ALO 3.1.1-3: Recall the principle of operation of Induction Type Energy Meter,U3S1T1-3,ALM,ALO 3.1.1-3: Recall the principle of operation of Induction Type Energy Meter,17
V2L-EMMI,ALM 3.1.1-4                            DBST,<b><u>Active Learning Outcomes: 17 min duration.</u></b><br>ALO 3.1.1-4: Draw the Phasor Diagram of Induction Type Energy Meter,Active Learning Outcomes: 17 min duration. ALO 3.1.1-4: Draw the Phasor Diagram of Induction Type Energy Meter,U3S1T1-4,ALM,ALO 3.1.1-4: Draw the Phasor Diagram of Induction Type Energy Meter,17
V2L-EMMI,ALM 3.1.2-1                     DBST,<b><u>Active Learning Outcomes: 17 min duration.</u></b><br>ALO 3.1.2-1: Recall the deflection Torque in the Induction Type Energy Meter,Active Learning Outcomes: 17 min duration. ALO 3.1.2-1: Recall the deflection Torque in the Induction Type Energy Meter,U3S1T2-1,ALM,ALO 3.1.2-1: Recall the deflection Torque in the Induction Type Energy Meter,17
V2L-EMMI,ALM 3.1.2-2                                          DBST,<b><u>Active Learning Outcomes: 10 min duration.</u></b><br>ALO 3.1.2-2: Recall the Breaking Torque in the Induction Type Energy Meter,Active Learning Outcomes: 10 min duration. ALO 3.1.2-2: Recall the Breaking Torque in the Induction Type Energy Meter,U3S1T2-2,ALM,ALO 3.1.2-2: Recall the Breaking Torque in the Induction Type Energy Meter,10
V2L-EMMI,PSM 3.1.3,"<b><u>Problem Learning Outcomes: 37 min duration.</u></b><br>PLO1: Explain Meter Constant in Energy Meter<br>PLO2: Explain Phantom Loading, Creeping and the use of Phantom Loading<br>PLO3: Determine the Meter Error, Number of Revolutions and Percentage Error","Problem Learning Outcomes: 37 min duration. PLO1: Explain Meter Constant in Energy Meter PLO2: Explain Phantom Loading, Creeping and the use of Phantom Loading PLO3: Determine the Meter Error, Number of Revolutions and Percentage Error",U3S1T3,PSM,"PLO1: Explain Meter Constant in Energy Meter PLO2: Explain Phantom Loading, Creeping and the use of Phantom Loading PLO3: Determine the Meter Error, Number of Revolutions and Percentage Error",37
V2L-EMMI,ALM 3.1.3-1                                      DBST,"<b><u>Active Learning Outcomes: 38 min duration.</u></b><br>ALO 3.1.3-1: Recall the following in Induction Type Energy Meter: Energy Meter Constant, Creeping, and Phantom Loading","Active Learning Outcomes: 38 min duration. ALO 3.1.3-1: Recall the following in Induction Type Energy Meter: Energy Meter Constant, Creeping, and Phantom Loading",U3S1T3-1,ALM,"ALO 3.1.3-1: Recall the following in Induction Type Energy Meter: Energy Meter Constant, Creeping, and Phantom Loading",38
V2L-EMMI,PSM 3.2.1,<b><u>Problem Learning Outcomes: 13 min duration.</u></b><br>PLO1: Explain EDM Type Wattmeter and derive its Torque Equation<br>PLO2: List the sources of errors in EDM Type Wattmeter<br>PLO3: Determine the reading of Dynamometer,Problem Learning Outcomes: 13 min duration. PLO1: Explain EDM Type Wattmeter and derive its Torque Equation PLO2: List the sources of errors in EDM Type Wattmeter PLO3: Determine the reading of Dynamometer,U3S2T1,PSM,PLO1: Explain EDM Type Wattmeter and derive its Torque Equation PLO2: List the sources of errors in EDM Type Wattmeter PLO3: Determine the reading of Dynamometer,13
V2L-EMMI,ALM 3.2.1-1                                       DBST,<b><u>Active Learning Outcomes: 26 min duration.</u></b><br>ALO 3.2.1-1: Recall the need of Wattmeter,Active Learning Outcomes: 26 min duration. ALO 3.2.1-1: Recall the need of Wattmeter,U3S2T1-1,ALM,ALO 3.2.1-1: Recall the need of Wattmeter,26
V2L-EMMI,ALM 3.2.1-2                                               DBST,<b><u>Active Learning Outcomes: 9 min duration.</u></b><br>ALO 3.2.1-2: Recall Electrodynamometer Type Wattmeter,Active Learning Outcomes: 9 min duration. ALO 3.2.1-2: Recall Electrodynamometer Type Wattmeter,U3S2T1-2,ALM,ALO 3.2.1-2: Recall Electrodynamometer Type Wattmeter,9
V2L-EMMI,ALM 3.2.1-3                                               DBST,<b><u>Active Learning Outcomes: 14 min duration.</u></b><br>ALO 3.2.1-3: Derive the Torque Equation of EDM Type Wattmeter,Active Learning Outcomes: 14 min duration. ALO 3.2.1-3: Derive the Torque Equation of EDM Type Wattmeter,U3S2T1-3,ALM,ALO 3.2.1-3: Derive the Torque Equation of EDM Type Wattmeter,14
V2L-EMMI,ALM 3.2.1-4                                             DBDST,<b><u>Active Learning Outcomes: 49 min duration.</u></b><br>ALO 3.2.1-4: Recall Errors in EDM Type Wattmeter,Active Learning Outcomes: 49 min duration. ALO 3.2.1-4: Recall Errors in EDM Type Wattmeter,U3S2T1-4,ALM,ALO 3.2.1-4: Recall Errors in EDM Type Wattmeter,49
V2L-EMMI,PSM 3.2.2,<b><u>Problem Learning Outcomes: 15 min duration.</u></b><br>PLO1: Explain the methods of measurement of Power<br>PLO2: Calculate the reading of a Wattmeter,Problem Learning Outcomes: 15 min duration. PLO1: Explain the methods of measurement of Power PLO2: Calculate the reading of a Wattmeter,U3S2T2,PSM,PLO1: Explain the methods of measurement of Power PLO2: Calculate the reading of a Wattmeter,15
V2L-EMMI,ALM 3.2.2-1                                   DBST,<b><u>Active Learning Outcomes: 5 min duration.</u></b><br>ALO 3.2.2-1: Recall the methods used for Power Measurement in 3-φ Circuits,Active Learning Outcomes: 5 min duration. ALO 3.2.2-1: Recall the methods used for Power Measurement in 3-φ Circuits,U3S2T2-1,ALM,ALO 3.2.2-1: Recall the methods used for Power Measurement in 3-φ Circuits,5
V2L-EMMI,ALM 3.2.2-2                                     DBST,<b><u>Active Learning Outcomes: 11 min duration.</u></b><br>ALO 3.2.2-2: Recall the Single Wattmeter Method for Power Measurement in 3-φ Circuits,Active Learning Outcomes: 11 min duration. ALO 3.2.2-2: Recall the Single Wattmeter Method for Power Measurement in 3-φ Circuits,U3S2T2-2,ALM,ALO 3.2.2-2: Recall the Single Wattmeter Method for Power Measurement in 3-φ Circuits,11
V2L-EMMI,ALM 3.2.3-1                                          DBST,<b><u>Active Learning Outcomes: 7 min duration.</u></b><br>ALO 3.2.3-1: Recall the Three Wattmeter Method for the Power Measurement in 3-φ Circuits,Active Learning Outcomes: 7 min duration. ALO 3.2.3-1: Recall the Three Wattmeter Method for the Power Measurement in 3-φ Circuits,U3S2T3-1,ALM,ALO 3.2.3-1: Recall the Three Wattmeter Method for the Power Measurement in 3-φ Circuits,7
V2L-EMMI,ALM 3.2.3-2                                           DBST,<b><u>Active Learning Outcomes: 53 min duration.</u></b><br>ALO 3.2.3-2: Recall the Two Wattmeter Methods for the Power Measurement in 3-φ Circuits: Star-Connected Method and Unbalanced Method,Active Learning Outcomes: 53 min duration. ALO 3.2.3-2: Recall the Two Wattmeter Methods for the Power Measurement in 3-φ Circuits: Star-Connected Method and Unbalanced Method,U3S2T3-2,ALM,ALO 3.2.3-2: Recall the Two Wattmeter Methods for the Power Measurement in 3-φ Circuits: Star-Connected Method and Unbalanced Method,53
V2L-EMMI,ALM 3.3.1-1                   DBST,<b><u>Active Learning Outcomes: 13 min duration.</u></b><br>ALO 3.3.1-1: Define and classify Resistance,Active Learning Outcomes: 13 min duration. ALO 3.3.1-1: Define and classify Resistance,U3S3T1-1,ALM,ALO 3.3.1-1: Define and classify Resistance,13
V2L-EMMI,ALM 3.3.1-2                 DBST,<b><u>Active Learning Outcomes: 26 min duration.</u></b><br>ALO 3.3.1-2: Recall the factors affecting the value of Resistance,Active Learning Outcomes: 26 min duration. ALO 3.3.1-2: Recall the factors affecting the value of Resistance,U3S3T1-2,ALM,ALO 3.3.1-2: Recall the factors affecting the value of Resistance,26
V2L-EMMI,ALM 3.3.1-3     DBST,<b><u>Active Learning Outcomes: 13 min duration.</u></b><br>ALO 3.3.1-3 Recall the methods of measuring Resistances,Active Learning Outcomes: 13 min duration. ALO 3.3.1-3 Recall the methods of measuring Resistances,U3S3T1-3,ALM,ALO 3.3.1-3 Recall the methods of measuring Resistances,13
V2L-EMMI,PSM 3.3.2,"<b><u>Problem Learning Outcomes: 49 min duration.</u></b><br>PLO1: Explain the methods of measuring the Medium Resistances<br>PLO2: Determine the deflection in Galvanometer of a Wheatstone Bridge<br>PLO3: Determine:<br>&nbsp; &nbsp; &nbsp; &nbsp; &nbsp; &nbsp;i. The value of Resistance in a Voltmeter-Ammeter Method
<br>&nbsp; &nbsp; &nbsp; &nbsp; &nbsp; &nbsp;ii. The Percentage Error in the value of measured Resistances<br>&nbsp; &nbsp; &nbsp; &nbsp; &nbsp; &nbsp;iii. The value of an unknown resistance of a Wheatstone Bridge","Problem Learning Outcomes: 49 min duration. PLO1: Explain the methods of measuring the Medium Resistances PLO2: Determine the deflection in Galvanometer of a Wheatstone Bridge PLO3: Determine: i. The value of Resistance in a Voltmeter-Ammeter Method
 ii. The Percentage Error in the value of measured Resistances iii. The value of an unknown resistance of a Wheatstone Bridge",U3S3T2,PSM,"PLO1: Explain the methods of measuring the Medium Resistances PLO2: Determine the deflection in Galvanometer of a Wheatstone Bridge PLO3: Determine: i. The value of Resistance in a Voltmeter-Ammeter Method
 ii. The Percentage Error in the value of measured Resistances iii. The value of an unknown resistance of a Wheatstone Bridge",49
V2L-EMMI,ALM 3.3.2-1A                       DBST,<b><u>Active Learning Outcomes: 58 min duration.</u></b><br>ALO 3.3.2-1A: Recall the following methods of measuring Medium Resistances: V-I Method,Active Learning Outcomes: 58 min duration. ALO 3.3.2-1A: Recall the following methods of measuring Medium Resistances: V-I Method,U3S3T2-1,ALM,ALO 3.3.2-1A: Recall the following methods of measuring Medium Resistances: V-I Method,58
V2L-EMMI,ALM 3.3.2-1B          DBST,"<b><u>Active Learning Outcomes: 42 min duration.</u></b><br>ALO 3.3.2-1B: Recall the following methods of measuring Medium Resistances: Substitution Method, Wheatstone’s Bridge Method, and Ohmmeter Method","Active Learning Outcomes: 42 min duration. ALO 3.3.2-1B: Recall the following methods of measuring Medium Resistances: Substitution Method, Wheatstone’s Bridge Method, and Ohmmeter Method",U3S3T2-1,ALM,"ALO 3.3.2-1B: Recall the following methods of measuring Medium Resistances: Substitution Method, Wheatstone’s Bridge Method, and Ohmmeter Method",42
V2L-EMMI,ALM 3.3.2-2       DBST,<b><u>Active Learning Outcomes: 4 min duration.</u></b><br>ALO 3.3.2-2: Recall Multimeters,Active Learning Outcomes: 4 min duration. ALO 3.3.2-2: Recall Multimeters,U3S3T2-2,ALM,ALO 3.3.2-2: Recall Multimeters,4
V2L-EMMI,PSM 3.3.3,<b><u>Problem Learning Outcomes: 11 min duration.</u></b><br>PLO1: Explain the following methods to measure Low Resistance: Kelvin’s Double Bridge Method and Potentiometer Method<br>PLO2: Determine the value of unknown Resistance with the help of a Kelvin’s Bridge,Problem Learning Outcomes: 11 min duration. PLO1: Explain the following methods to measure Low Resistance: Kelvin’s Double Bridge Method and Potentiometer Method PLO2: Determine the value of unknown Resistance with the help of a Kelvin’s Bridge,U3S3T3,PSM,PLO1: Explain the following methods to measure Low Resistance: Kelvin’s Double Bridge Method and Potentiometer Method PLO2: Determine the value of unknown Resistance with the help of a Kelvin’s Bridge,11
V2L-EMMI,ALM 3.3.3-1             DBST,<b><u>Active Learning Outcomes: 27 min duration.</u></b><br>ALO 3.3.3-1: Recall the following methods to measure Low Resistances: Kelvin’s Double Bridge Method and Potentiometer Method,Active Learning Outcomes: 27 min duration. ALO 3.3.3-1: Recall the following methods to measure Low Resistances: Kelvin’s Double Bridge Method and Potentiometer Method,U3S3T3-1,ALM,ALO 3.3.3-1: Recall the following methods to measure Low Resistances: Kelvin’s Double Bridge Method and Potentiometer Method,27
V2L-EMMI,PSM 3.3.4,<b><u>Problem Learning Outcomes: 7 min duration.</u></b><br>PLO1: Derive an expression of High Resistance using the Loss of Charge Method<br>PLO2: Determine High Resistance using the Loss of Charge Method,Problem Learning Outcomes: 7 min duration. PLO1: Derive an expression of High Resistance using the Loss of Charge Method PLO2: Determine High Resistance using the Loss of Charge Method,U3S3T4,PSM,PLO1: Derive an expression of High Resistance using the Loss of Charge Method PLO2: Determine High Resistance using the Loss of Charge Method,7
V2L-EMMI,ALM 3.3.4-1                DBST,"<b><u>Active Learning Outcomes: 62 min duration.</u></b><br>ALO 3.3.4-1:  Recall the following methods to measure High Resistances: Loss of Charge Method, Megger, Direct Deflection Method, and Mega-Ohm Bridge Method","Active Learning Outcomes: 62 min duration. ALO 3.3.4-1:  Recall the following methods to measure High Resistances: Loss of Charge Method, Megger, Direct Deflection Method, and Mega-Ohm Bridge Method",U3S3T4-1,ALM,"ALO 3.3.4-1:  Recall the following methods to measure High Resistances: Loss of Charge Method, Megger, Direct Deflection Method, and Mega-Ohm Bridge Method",62
V2L-EMMI,PSM 4.1.1,<b><u>Problem Learning Outcomes: 6 min duration.</u></b><br>PLO1: Explain the Instrument Transformers<br>PLO2: Compare the Instrument Transformers and the Power Transformers,Problem Learning Outcomes: 6 min duration. PLO1: Explain the Instrument Transformers PLO2: Compare the Instrument Transformers and the Power Transformers,U4S1T1,PSM,PLO1: Explain the Instrument Transformers PLO2: Compare the Instrument Transformers and the Power Transformers,6
V2L-EMMI,ALM 4.1.1-1                                DBST,<b><u>Active Learning Outcomes: 11 min duration.</u></b><br>ALO 4.1.1-1: Recall the Instrument Transformers,Active Learning Outcomes: 11 min duration. ALO 4.1.1-1: Recall the Instrument Transformers,U4S1T1-1,ALM,ALO 4.1.1-1: Recall the Instrument Transformers,11
V2L-EMMI,ALM 4.1.1-2                                           DBST,<b><u>Active Learning Outcomes: 5 min duration.</u></b><br>ALO 4.1.1-2: Classify the Instrument Transformers,Active Learning Outcomes: 5 min duration. ALO 4.1.1-2: Classify the Instrument Transformers,U4S1T1-2,ALM,ALO 4.1.1-2: Classify the Instrument Transformers,5
V2L-EMMI,ALM 4.1.1-3                                                 DBST,<b><u>Active Learning Outcomes: 4 min duration.</u></b><br>ALO 4.1.1-3: List the Advantages of Instrument Transformers,Active Learning Outcomes: 4 min duration. ALO 4.1.1-3: List the Advantages of Instrument Transformers,U4S1T1-3,ALM,ALO 4.1.1-3: List the Advantages of Instrument Transformers,4
V2L-EMMI,PSM 4.1.2,"<b><u>Problem Learning Outcomes: 27 min duration.</u></b><br>PLO1: Explain the Construction of Current Transformer<br>PLO2: Explain the effects of Open Circuited Secondary of a Current Transformer<br>PLO3: Calculate the following terms used in a Current Transformer: Turn Ratio, Phase Angle, and Flux Density","Problem Learning Outcomes: 27 min duration. PLO1: Explain the Construction of Current Transformer PLO2: Explain the effects of Open Circuited Secondary of a Current Transformer PLO3: Calculate the following terms used in a Current Transformer: Turn Ratio, Phase Angle, and Flux Density",U4S1T2,PSM,"PLO1: Explain the Construction of Current Transformer PLO2: Explain the effects of Open Circuited Secondary of a Current Transformer PLO3: Calculate the following terms used in a Current Transformer: Turn Ratio, Phase Angle, and Flux Density",27
V2L-EMMI,ALM 4.1.2-1                               DBST,<b><u>Active Learning Outcomes: 23 min duration.</u></b><br>ALO 4.1.2-1: Describe the Construction and the Working Principle of Current Transformers,Active Learning Outcomes: 23 min duration. ALO 4.1.2-1: Describe the Construction and the Working Principle of Current Transformers,U4S1T2-1,ALM,ALO 4.1.2-1: Describe the Construction and the Working Principle of Current Transformers,23
V2L-EMMI,ALM 4.1.2-2                                    DBST,<b><u>Active Learning Outcomes: 6 min duration.</u></b><br>ALO 4.1.2-2: Recall the Core Construction of Current Transformers,Active Learning Outcomes: 6 min duration. ALO 4.1.2-2: Recall the Core Construction of Current Transformers,U4S1T2-2,ALM,ALO 4.1.2-2: Recall the Core Construction of Current Transformers,6
V2L-EMMI,ALM 4.1.2-3                                   DBST,<b><u>Active Learning Outcomes: 7 min duration.</u></b><br>ALO 4.1.2-3: Recall the Effects of Open Circuited Secondary of Current Transformers,Active Learning Outcomes: 7 min duration. ALO 4.1.2-3: Recall the Effects of Open Circuited Secondary of Current Transformers,U4S1T2-3,ALM,ALO 4.1.2-3: Recall the Effects of Open Circuited Secondary of Current Transformers,7
V2L-EMMI,PSM 4.2.1,"<b><u>Problem Learning Outcomes: 48 min duration.</u></b><br>PLO1: Explain the equivalent Circuit of a Current Transformer<br>PLO2: Draw the Phasor Diagram of Current Transformer<br>PLO3: Describe the Errors in Current Transformer<br>PLO4: Calculate the value of following terms in a given Current Transformer: Turn Ratio, Turn Ratio Errors, Flux, and Phase Angle Errors","Problem Learning Outcomes: 48 min duration. PLO1: Explain the equivalent Circuit of a Current Transformer PLO2: Draw the Phasor Diagram of Current Transformer PLO3: Describe the Errors in Current Transformer PLO4: Calculate the value of following terms in a given Current Transformer: Turn Ratio, Turn Ratio Errors, Flux, and Phase Angle Errors",U4S2T1,PSM,"PLO1: Explain the equivalent Circuit of a Current Transformer PLO2: Draw the Phasor Diagram of Current Transformer PLO3: Describe the Errors in Current Transformer PLO4: Calculate the value of following terms in a given Current Transformer: Turn Ratio, Turn Ratio Errors, Flux, and Phase Angle Errors",48
V2L-EMMI,ALM 4.2.1-1                                            DBST,<b><u>Active Learning Outcomes: 9 min duration.</u></b><br>ALO 4.2.1-1: Recall the Equivalent Circuit of Current Transformers,Active Learning Outcomes: 9 min duration. ALO 4.2.1-1: Recall the Equivalent Circuit of Current Transformers,U4S2T1-1,ALM,ALO 4.2.1-1: Recall the Equivalent Circuit of Current Transformers,9
V2L-EMMI,ALM 4.2.1-2                                       DBST,<b><u>Active Learning Outcomes: 7 min duration.</u></b><br>ALO 4.2.1-2: Draw the Phasor Diagram of Current Transformers,Active Learning Outcomes: 7 min duration. ALO 4.2.1-2: Draw the Phasor Diagram of Current Transformers,U4S2T1-2,ALM,ALO 4.2.1-2: Draw the Phasor Diagram of Current Transformers,7
V2L-EMMI,ALM 4.2.1-3                    DBST,<b><u>Active Learning Outcomes: 15 min duration.</u></b><br>ALO 4.2.1-3 Recall the Errors in Current Transformers,Active Learning Outcomes: 15 min duration. ALO 4.2.1-3 Recall the Errors in Current Transformers,U4S2T1-3,ALM,ALO 4.2.1-3 Recall the Errors in Current Transformers,15
V2L-EMMI,ALM 4.2.2-1                              DBST,<b><u>Active Learning Outcomes: 20 min duration.</u></b><br>ALO 4.2.2-1: Describe the Construction and the Working Principle of Potential Transformers,Active Learning Outcomes: 20 min duration. ALO 4.2.2-1: Describe the Construction and the Working Principle of Potential Transformers,U4S2T2-1,ALM,ALO 4.2.2-1: Describe the Construction and the Working Principle of Potential Transformers,20
V2L-EMMI,ALM 4.2.2-2                                               DBST,<b><u>Active Learning Outcomes: 9 min duration.</u></b><br>ALO 4.2.2-2: Recall the Equivalent Circuit and draw the Phasor Diagram of Potential Transformers,Active Learning Outcomes: 9 min duration. ALO 4.2.2-2: Recall the Equivalent Circuit and draw the Phasor Diagram of Potential Transformers,U4S2T2-2,ALM,ALO 4.2.2-2: Recall the Equivalent Circuit and draw the Phasor Diagram of Potential Transformers,9
V2L-EMMI,ALM 4.2.2-3                                               DBST,<b><u>Active Learning Outcomes: 3 min duration.</u></b><br>ALO 4.2.2-3: Recall the Errors in Potential Transformers,Active Learning Outcomes: 3 min duration. ALO 4.2.2-3: Recall the Errors in Potential Transformers,U4S2T2-3,ALM,ALO 4.2.2-3: Recall the Errors in Potential Transformers,3
V2L-EMMI,ALM 4.2.3-1                                              DBST,<b><u>Active Learning Outcomes: 9 min duration.</u></b><br>ALO 4.2.3-1: Recall the Ratios of Instrument Transformers,Active Learning Outcomes: 9 min duration. ALO 4.2.3-1: Recall the Ratios of Instrument Transformers,U4S2T3-1,ALM,ALO 4.2.3-1: Recall the Ratios of Instrument Transformers,9
V2L-EMMI,ALM 4.2.3-2                                               DBST,<b><u>Active Learning Outcomes: 2 min duration.</u></b><br>ALO 4.2.3-2: Recall the Ratio Correction Factor of Instrument Transformer,Active Learning Outcomes: 2 min duration. ALO 4.2.3-2: Recall the Ratio Correction Factor of Instrument Transformer,U4S2T3-2,ALM,ALO 4.2.3-2: Recall the Ratio Correction Factor of Instrument Transformer,2
V2L-EMMI,ALM 4.2.3-3                                                  DBST,<b><u>Active Learning Outcomes: 2 min duration.</u></b><br>ALO 4.2.3-3: Describe the Burden of an Instrument Transformer,Active Learning Outcomes: 2 min duration. ALO 4.2.3-3: Describe the Burden of an Instrument Transformer,U4S2T3-3,ALM,ALO 4.2.3-3: Describe the Burden of an Instrument Transformer,2
V2L-EMMI,ALM 4.2.3-4                                                DBST,<b><u>Active Learning Outcomes: 4 min duration.</u></b><br>ALO 4.2.3-4: Recall the Wilson’s Compensation Method,Active Learning Outcomes: 4 min duration. ALO 4.2.3-4: Recall the Wilson’s Compensation Method,U4S2T3-4,ALM,ALO 4.2.3-4: Recall the Wilson’s Compensation Method,4
V2L-EMMI,PSM 5.1.1,<b><u>Problem Learning Outcomes: 17 min duration.</u></b><br>PLO1: Explain AC Bridges and types of AC Bridges used for the Measurement of Parameters<br>PLO2: Explain the types of Detectors used in AC Bridges<br>PLO3: Determine the general equation for Bridge Balance<br>PLO4: Determine the value of unknown Impedance when the Bridge is balanced,Problem Learning Outcomes: 17 min duration. PLO1: Explain AC Bridges and types of AC Bridges used for the Measurement of Parameters PLO2: Explain the types of Detectors used in AC Bridges PLO3: Determine the general equation for Bridge Balance PLO4: Determine the value of unknown Impedance when the Bridge is balanced,U5S1T1,PSM,PLO1: Explain AC Bridges and types of AC Bridges used for the Measurement of Parameters PLO2: Explain the types of Detectors used in AC Bridges PLO3: Determine the general equation for Bridge Balance PLO4: Determine the value of unknown Impedance when the Bridge is balanced,17
V2L-EMMI,ALM 5.1.1-1                                             DBST,<b><u>Active Learning Outcomes: 36 min duration.</u></b><br>ALO 5.1.1-1: Recall AC Bridges and types of AC Bridges used for the Measurement of Parameters,Active Learning Outcomes: 36 min duration. ALO 5.1.1-1: Recall AC Bridges and types of AC Bridges used for the Measurement of Parameters,U5S1T1-1,ALM,ALO 5.1.1-1: Recall AC Bridges and types of AC Bridges used for the Measurement of Parameters,36
V2L-EMMI,ALM 5.1.1-2                             DBST,<b><u>Active Learning Outcomes: 4 min duration.</u></b><br>ALO 5.1.1-2: Recall the types of Detectors used in AC Bridges,Active Learning Outcomes: 4 min duration. ALO 5.1.1-2: Recall the types of Detectors used in AC Bridges,U5S1T1-2,ALM,ALO 5.1.1-2: Recall the types of Detectors used in AC Bridges,4
V2L-EMMI,ALM 5.1.1-3                      DBST,<b><u>Active Learning Outcomes: 18 min duration.</u></b><br>ALO 5.1.1-3: Derive the general equation for Bridge Balance,Active Learning Outcomes: 18 min duration. ALO 5.1.1-3: Derive the general equation for Bridge Balance,U5S1T1-3,ALM,ALO 5.1.1-3: Derive the general equation for Bridge Balance,18
V2L-EMMI,PSM 5.1.2,"<b><u>Problem Learning Outcomes: 33 min duration.</u></b><br>PLO1: Explain the following Bridges for the measurement of Inductances: Maxwell’s Bridge, Hay’s Bridge, Anderson’s Bridge, and Owen’s Bridge<br>PLO2: Determine the value of unknown Impedance using Maxwell’s Inductance Bridge","Problem Learning Outcomes: 33 min duration. PLO1: Explain the following Bridges for the measurement of Inductances: Maxwell’s Bridge, Hay’s Bridge, Anderson’s Bridge, and Owen’s Bridge PLO2: Determine the value of unknown Impedance using Maxwell’s Inductance Bridge",U5S1T2,PSM,"PLO1: Explain the following Bridges for the measurement of Inductances: Maxwell’s Bridge, Hay’s Bridge, Anderson’s Bridge, and Owen’s Bridge PLO2: Determine the value of unknown Impedance using Maxwell’s Inductance Bridge",33
V2L-EMMI,ALM 5.1.2-1A                                       DBST,<b><u>Active Learning Outcomes: 55 min duration.</u></b><br>ALO 5.1.2-1A: Describe the following Bridges for the measurement of Inductances:&nbsp;Maxwell’s Bridge and&nbsp;Hay’s Bridge,Active Learning Outcomes: 55 min duration. ALO 5.1.2-1A: Describe the following Bridges for the measurement of Inductances:Maxwell’s Bridge andHay’s Bridge,U5S1T2-1,ALM,ALO 5.1.2-1A: Describe the following Bridges for the measurement of Inductances:Maxwell’s Bridge andHay’s Bridge,55
V2L-EMMI,ALM 5.1.2-1B                                       DBST,<b><u>Active Learning Outcomes: 42 min duration.</u></b><br>ALO 5.1.2-1B: Describe the following Bridges for the measurement of Inductances:&nbsp;Anderson's Bridge and&nbsp;Owen’s Bridge,Active Learning Outcomes: 42 min duration. ALO 5.1.2-1B: Describe the following Bridges for the measurement of Inductances:Anderson's Bridge andOwen’s Bridge,U5S1T2-1,ALM,ALO 5.1.2-1B: Describe the following Bridges for the measurement of Inductances:Anderson's Bridge andOwen’s Bridge,42
V2L-EMMI,PSM 5.2.1,"<b><u>Problem Learning Outcomes: 13 min duration.</u></b><br>PLO1: Derive an expression of Dissipation Factor in Capacitance<br>PLO2: Explain De-Sauty’s Bridge and Schering Bridge<br>PLO3: Determine the values of Capacitance, Resistance and Dissipation Factor with the help of a Bridge","Problem Learning Outcomes: 13 min duration. PLO1: Derive an expression of Dissipation Factor in Capacitance PLO2: Explain De-Sauty’s Bridge and Schering Bridge PLO3: Determine the values of Capacitance, Resistance and Dissipation Factor with the help of a Bridge",U5S2T1,PSM,"PLO1: Derive an expression of Dissipation Factor in Capacitance PLO2: Explain De-Sauty’s Bridge and Schering Bridge PLO3: Determine the values of Capacitance, Resistance and Dissipation Factor with the help of a Bridge",13
V2L-EMMI,ALM 5.2.1-1                                          DBST,<b><u>Active Learning Outcomes: 17 min duration.</u></b><br>ALO 5.2.1-1: Recall the Dissipation Factor in Capacitance,Active Learning Outcomes: 17 min duration. ALO 5.2.1-1: Recall the Dissipation Factor in Capacitance,U5S2T1-1,ALM,ALO 5.2.1-1: Recall the Dissipation Factor in Capacitance,17
V2L-EMMI,ALM 5.2.1-2                                      DBST,<b><u>Active Learning Outcomes: 16 min duration.</u></b><br>ALO 5.2.1-2: Describe De-Sauty Bridge,Active Learning Outcomes: 16 min duration. ALO 5.2.1-2: Describe De-Sauty Bridge,U5S2T1-2,ALM,ALO 5.2.1-2: Describe De-Sauty Bridge,16
V2L-EMMI,ALM 5.2.1-3                                    DBST,<b><u>Active Learning Outcomes: 14 min duration.</u></b><br>ALO 5.2.1-3: Describe Schering Bridge,Active Learning Outcomes: 14 min duration. ALO 5.2.1-3: Describe Schering Bridge,U5S2T1-3,ALM,ALO 5.2.1-3: Describe Schering Bridge,14
V2L-EMMI,PSM 5.2.2,<b><u>Problem Learning Outcomes: 13 min duration.</u></b><br>PLO1: Explain Wein’s Bridge and derive the condition for the Balance<br>PLO2: Determine unknown frequency using the Wein’s Bridge,Problem Learning Outcomes: 13 min duration. PLO1: Explain Wein’s Bridge and derive the condition for the Balance PLO2: Determine unknown frequency using the Wein’s Bridge,U5S2T2,PSM,PLO1: Explain Wein’s Bridge and derive the condition for the Balance PLO2: Determine unknown frequency using the Wein’s Bridge,13
V2L-EMMI,ALM 5.2.2-1     DBST,<b><u>Active Learning Outcomes: 15 min duration.</u></b><br>ALO 5.2.2-1: Describe Wein’s Bridge,Active Learning Outcomes: 15 min duration. ALO 5.2.2-1: Describe Wein’s Bridge,U5S2T2-1,ALM,ALO 5.2.2-1: Describe Wein’s Bridge,15
V2L-EMMI,ALM 5.2.2-2                  DBST,<b><u>Active Learning Outcomes: 2 min duration.</u></b><br>ALO 5.2.2-2: Recall the Applications of Wein’s Bridge,Active Learning Outcomes: 2 min duration. ALO 5.2.2-2: Recall the Applications of Wein’s Bridge,U5S2T2-2,ALM,ALO 5.2.2-2: Recall the Applications of Wein’s Bridge,2
V2L-EMMI,ALM 5.2.2-3     DBST,<b><u>Active Learning Outcomes: 3 min duration.</u></b><br>ALO 5.2.2-3: Recall the Limitations of Wein’s Bridge,Active Learning Outcomes: 3 min duration. ALO 5.2.2-3: Recall the Limitations of Wein’s Bridge,U5S2T2-3,ALM,ALO 5.2.2-3: Recall the Limitations of Wein’s Bridge,3
V2L-EMMI,ALM 5.2.3-1B               DBST,<b><u>Active Learning Outcomes: 42 min duration.</u></b><br>ALO 5.2.3-2: Describe the following Bridges for the Measurement of Inductances:<br>&nbsp; &nbsp; &nbsp; &nbsp; &nbsp; &nbsp; &nbsp; &nbsp; &nbsp; &nbsp; &nbsp; &nbsp;iii. Anderson's Bridge<br>&nbsp; &nbsp; &nbsp; &nbsp; &nbsp; &nbsp; &nbsp; &nbsp; &nbsp; &nbsp; &nbsp; &nbsp;iv. Owen's Bridge,Active Learning Outcomes: 42 min duration. ALO 5.2.3-2: Describe the following Bridges for the Measurement of Inductances: iii. Anderson's Bridge iv. Owen's Bridge,U5S2T3-1,ALM,ALO 5.2.3-2: Describe the following Bridges for the Measurement of Inductances: iii. Anderson's Bridge iv. Owen's Bridge,42
V2L-EMMI,PSM 6.1.1,<b><u>Problem Learning Outcomes: 14 min duration.</u></b><br>PLO1: Explain the Transducer<br>PLO2: Describe the characteristics of an Ideal Transducer<br>PLO3: Compare Active and Passive Transducers,Problem Learning Outcomes: 14 min duration. PLO1: Explain the Transducer PLO2: Describe the characteristics of an Ideal Transducer PLO3: Compare Active and Passive Transducers,U6S1T1,PSM,PLO1: Explain the Transducer PLO2: Describe the characteristics of an Ideal Transducer PLO3: Compare Active and Passive Transducers,14
V2L-EMMI,ALM 6.1.1-1                                              DBST,<b><u>Active Learning Outcomes: 15 min duration.</u></b><br>ALO 6.1.1-1: Define Transducers,Active Learning Outcomes: 15 min duration. ALO 6.1.1-1: Define Transducers,U6S1T1-1,ALM,ALO 6.1.1-1: Define Transducers,15
V2L-EMMI,ALM 6.1.1-2                                          DBST,<b><u>Active Learning Outcomes: 3 min duration.</u></b><br>ALO 6.1.1-2: Recall the Advantages of Transducers,Active Learning Outcomes: 3 min duration. ALO 6.1.1-2: Recall the Advantages of Transducers,U6S1T1-2,ALM,ALO 6.1.1-2: Recall the Advantages of Transducers,3
V2L-EMMI,ALM 6.1.1-3                                           DBST,<b><u>Active Learning Outcomes: 22 min duration.</u></b><br>ALO 6.1.1-3: Classify Transducers,Active Learning Outcomes: 22 min duration. ALO 6.1.1-3: Classify Transducers,U6S1T1-3,ALM,ALO 6.1.1-3: Classify Transducers,22
V2L-EMMI,ALM 6.1.1-4                                          DBST,<b><u>Active Learning Outcomes: 5 min duration.</u></b><br>ALO 6.1.1-4: Recall Inverse Transducers,Active Learning Outcomes: 5 min duration. ALO 6.1.1-4: Recall Inverse Transducers,U6S1T1-4,ALM,ALO 6.1.1-4: Recall Inverse Transducers,5
V2L-EMMI,ALM 6.1.2-1                 DBST,"<b><u>Active Learning Outcomes: 48 min duration.</u></b><br>ALO 6.1.2-1: Describe the Construction and Working of following Transducers:&nbsp;Potentiometer, Linear Variable Differential Transformer(LVDT), and Hall-Effect Transducers","Active Learning Outcomes: 48 min duration. ALO 6.1.2-1: Describe the Construction and Working of following Transducers:Potentiometer, Linear Variable Differential Transformer(LVDT), and Hall-Effect Transducers",U6S1T2-1,ALM,"ALO 6.1.2-1: Describe the Construction and Working of following Transducers:Potentiometer, Linear Variable Differential Transformer(LVDT), and Hall-Effect Transducers",48
V2L-EMMI,PSM 6.1.3,"<b><u>Problem Learning Outcomes: 56 min duration.</u></b><br>PLO1: Explain the Strain Gauge, Piezo-electric and Photo-voltaic Transducers<br>PLO2: Determine the Change in Resistance and Strain suffered in the Strain Gauge<br>PLO3: Calculate the Piezo voltage, Voltage Output and Charge Sensitivity in a Piezo-electric Transducer","Problem Learning Outcomes: 56 min duration. PLO1: Explain the Strain Gauge, Piezo-electric and Photo-voltaic Transducers PLO2: Determine the Change in Resistance and Strain suffered in the Strain Gauge PLO3: Calculate the Piezo voltage, Voltage Output and Charge Sensitivity in a Piezo-electric Transducer",U6S1T3,PSM,"PLO1: Explain the Strain Gauge, Piezo-electric and Photo-voltaic Transducers PLO2: Determine the Change in Resistance and Strain suffered in the Strain Gauge PLO3: Calculate the Piezo voltage, Voltage Output and Charge Sensitivity in a Piezo-electric Transducer",56
V2L-EMMI,ALM 6.1.3-1                  DBST,<b><u>Active Learning Outcomes: 16 min duration.</u></b><br>ALO 6.1.3-1: Recall Strain Gauge and its Types,Active Learning Outcomes: 16 min duration. ALO 6.1.3-1: Recall Strain Gauge and its Types,U6S1T3-1,ALM,ALO 6.1.3-1: Recall Strain Gauge and its Types,16
V2L-EMMI,ALM 6.1.3-2                  DBST,<b><u>Active Learning Outcomes: 18 min duration.</u></b><br>ALO 6.1.3-2:  Recall the important terms related to Strain Gauge,Active Learning Outcomes: 18 min duration. ALO 6.1.3-2:  Recall the important terms related to Strain Gauge,U6S1T3-2,ALM,ALO 6.1.3-2:  Recall the important terms related to Strain Gauge,18
V2L-EMMI,ALM 6.1.3-3                 DBST,"<b><u>Active Learning Outcomes: 27 min duration.</u></b><br>ALO 6.1.3-3: Describe the following:&nbsp;Load Cells,&nbsp;Piezo-Electric Transducers, and&nbsp;Photovoltaic Transducers","Active Learning Outcomes: 27 min duration. ALO 6.1.3-3: Describe the following:Load Cells,Piezo-Electric Transducers, andPhotovoltaic Transducers",U6S1T3-3,ALM,"ALO 6.1.3-3: Describe the following:Load Cells,Piezo-Electric Transducers, andPhotovoltaic Transducers",27
V2L-EMMI,PSM 6.1.4,<b><u>Problem Learning Outcomes: 31 min duration.</u></b><br>PLO1: Explain the Temperature Measuring Transducers and its types,Problem Learning Outcomes: 31 min duration. PLO1: Explain the Temperature Measuring Transducers and its types,U6S1T4,PSM,PLO1: Explain the Temperature Measuring Transducers and its types,31
V2L-EMMI,ALM 6.1.4-1                 DBST,"<b><u>Active Learning Outcomes: 47 min duration.</u></b><br>ALO 6.1.4-1: Describe the following Temperature Measuring Transducers:&nbsp;Resistance Thermometer (RTD), Thermocouple,&nbsp;Thermistor,&nbsp;Pyrometer, and&nbsp;Bimetallic Strip","Active Learning Outcomes: 47 min duration. ALO 6.1.4-1: Describe the following Temperature Measuring Transducers:Resistance Thermometer (RTD), Thermocouple,Thermistor,Pyrometer, andBimetallic Strip",U6S1T4-1,ALM,"ALO 6.1.4-1: Describe the following Temperature Measuring Transducers:Resistance Thermometer (RTD), Thermocouple,Thermistor,Pyrometer, andBimetallic Strip",47
V2L-EMMI,PSM 6.2.1,"<b><u>Problem Learning Outcomes: 8 min duration.</u></b><br>PLO1: Explain the following Low Pressure Measuring Transducers: Pirani Gauge, Ionization Vacuum Gauge, Thermistor Gauge, Thermocouple Gauge, and Mc-Leod Gauge","Problem Learning Outcomes: 8 min duration. PLO1: Explain the following Low Pressure Measuring Transducers: Pirani Gauge, Ionization Vacuum Gauge, Thermistor Gauge, Thermocouple Gauge, and Mc-Leod Gauge",U6S2T1,PSM,"PLO1: Explain the following Low Pressure Measuring Transducers: Pirani Gauge, Ionization Vacuum Gauge, Thermistor Gauge, Thermocouple Gauge, and Mc-Leod Gauge",8
V2L-EMMI,ALM 6.2.1-1                   DBST,"<b><u>Active Learning Outcomes: 28 min duration.</u></b><br>ALO 6.2.1-1: Describe the following Low Pressure Measuring Transducers:

 Pirani Gauge, Ionization Vacuum Gauge, Thermistor Gauge, Thermocouple Gauge, and Mc-Leod Gauge","Active Learning Outcomes: 28 min duration. ALO 6.2.1-1: Describe the following Low Pressure Measuring Transducers:

 Pirani Gauge, Ionization Vacuum Gauge, Thermistor Gauge, Thermocouple Gauge, and Mc-Leod Gauge",U6S2T1-1,ALM,"ALO 6.2.1-1: Describe the following Low Pressure Measuring Transducers:

 Pirani Gauge, Ionization Vacuum Gauge, Thermistor Gauge, Thermocouple Gauge, and Mc-Leod Gauge",28
V2L-EMMI,PSM 6.2.2,"<b><u>Problem Learning Outcomes: 7 min duration.</u></b><br>PLO1: Explain the following Mechanical Devices for Measuring Pressure: Bourdon Tubes, Bellows, and Diaphragms<br>PLO2: Determine the displacement of the free end of a Bourdon Tube","Problem Learning Outcomes: 7 min duration. PLO1: Explain the following Mechanical Devices for Measuring Pressure: Bourdon Tubes, Bellows, and Diaphragms PLO2: Determine the displacement of the free end of a Bourdon Tube",U6S2T2,PSM,"PLO1: Explain the following Mechanical Devices for Measuring Pressure: Bourdon Tubes, Bellows, and Diaphragms PLO2: Determine the displacement of the free end of a Bourdon Tube",7
V2L-EMMI,ALM 6.2.2-1               DBST,"<b><u>Active Learning Outcomes: 13 min duration.</u></b><br>ALO 6.2.2-1: Recall the following Mechanical Devices for Measuring Pressure:&nbsp;Bourdon Tubes,&nbsp;Bellows, and Diaphragms","Active Learning Outcomes: 13 min duration. ALO 6.2.2-1: Recall the following Mechanical Devices for Measuring Pressure:Bourdon Tubes,Bellows, and Diaphragms",U6S2T2-1,ALM,"ALO 6.2.2-1: Recall the following Mechanical Devices for Measuring Pressure:Bourdon Tubes,Bellows, and Diaphragms",13
V2L-EMMI,ALM 6.2.3-1              DBST,"<b><u>Active Learning Outcomes: 64 min duration.</u></b><br>ALO 6.2.3-1: Recall the Following Methods of measuring High Resistances:
<br>&nbsp; &nbsp; &nbsp; &nbsp; &nbsp; &nbsp; &nbsp; &nbsp; &nbsp; &nbsp; &nbsp; i. Loss of Charge Method
<br>&nbsp; &nbsp; &nbsp; &nbsp; &nbsp; &nbsp; &nbsp; &nbsp; &nbsp; &nbsp; &nbsp; ii. Megger
<br>&nbsp; &nbsp; &nbsp; &nbsp; &nbsp; &nbsp; &nbsp; &nbsp; &nbsp; &nbsp; &nbsp; iii. Direct Deflection Method
<br>&nbsp; &nbsp; &nbsp; &nbsp; &nbsp; &nbsp; &nbsp; &nbsp; &nbsp; &nbsp; &nbsp; iv. Mega-Ohm Bridge Method","Active Learning Outcomes: 64 min duration. ALO 6.2.3-1: Recall the Following Methods of measuring High Resistances:
 i. Loss of Charge Method
 ii. Megger
 iii. Direct Deflection Method
 iv. Mega-Ohm Bridge Method",U6S2T3-1,ALM,"ALO 6.2.3-1: Recall the Following Methods of measuring High Resistances:
 i. Loss of Charge Method
 ii. Megger
 iii. Direct Deflection Method
 iv. Mega-Ohm Bridge Method",64
V2L-EMMI,PSM 6.2.4,"<b><u>Problem Learning Outcomes: 6 min duration.</u></b><br>PLO1: Explain the following Transducer for the measurement of Flow: Turbine Flow Meter, Hotwire Anemometer, Thermistor Flow Meter, Electromagnetic Flow Meter, and Ultrasonic Flow Meter","Problem Learning Outcomes: 6 min duration. PLO1: Explain the following Transducer for the measurement of Flow: Turbine Flow Meter, Hotwire Anemometer, Thermistor Flow Meter, Electromagnetic Flow Meter, and Ultrasonic Flow Meter",U6S2T4,PSM,"PLO1: Explain the following Transducer for the measurement of Flow: Turbine Flow Meter, Hotwire Anemometer, Thermistor Flow Meter, Electromagnetic Flow Meter, and Ultrasonic Flow Meter",6
V2L-EMMI,ALM 6.2.4-1                            DBST,"<b><u>Active Learning Outcomes: 19 min duration.</u></b><br>ALO 6.2.4-1: Recall the following Transducer for the measurement of Flow:&nbsp;Turbine Flow Meter,&nbsp;Hotwire Anemometer, Thermistor Flow Meter,&nbsp;Electromagnetic Flow Meter, and&nbsp;Ultrasonic Flow Meter","Active Learning Outcomes: 19 min duration. ALO 6.2.4-1: Recall the following Transducer for the measurement of Flow:Turbine Flow Meter,Hotwire Anemometer, Thermistor Flow Meter,Electromagnetic Flow Meter, andUltrasonic Flow Meter",U6S2T4-1,ALM,"ALO 6.2.4-1: Recall the following Transducer for the measurement of Flow:Turbine Flow Meter,Hotwire Anemometer, Thermistor Flow Meter,Electromagnetic Flow Meter, andUltrasonic Flow Meter",19
V2L-EMMI,PSM 6.3.1,"<b><u>Problem Learning Outcomes: 6 min duration.</u></b><br>PLO1: Explain the following Transducers for the Measurement of Angular Speed: Tacho-generator, Magnetic Pick-up, Photoelectric Tachometer, and Stroboscope<br>PLO2: Find the Speed of a Magnetic Pick-Up Meter","Problem Learning Outcomes: 6 min duration. PLO1: Explain the following Transducers for the Measurement of Angular Speed: Tacho-generator, Magnetic Pick-up, Photoelectric Tachometer, and Stroboscope PLO2: Find the Speed of a Magnetic Pick-Up Meter",U6S3T1,PSM,"PLO1: Explain the following Transducers for the Measurement of Angular Speed: Tacho-generator, Magnetic Pick-up, Photoelectric Tachometer, and Stroboscope PLO2: Find the Speed of a Magnetic Pick-Up Meter",6
V2L-EMMI,ALM 6.3.1-1                 DBST,"<b><u>Active Learning Outcomes: 20 min duration.</u></b><br>ALO 6.3.1-1: Describe the following Transducers for the Measurement of Angular Speed:&nbsp;<span>Tacho-generator,&nbsp;</span>Magnetic Pick-up,&nbsp;Photoelectric Tachometer, and&nbsp;Stroboscope","Active Learning Outcomes: 20 min duration. ALO 6.3.1-1: Describe the following Transducers for the Measurement of Angular Speed:Tacho-generator,Magnetic Pick-up,Photoelectric Tachometer, andStroboscope",U6S3T1-1,ALM,"ALO 6.3.1-1: Describe the following Transducers for the Measurement of Angular Speed:Tacho-generator,Magnetic Pick-up,Photoelectric Tachometer, andStroboscope",20
V2L-EMMI,ALM 6.3.2-1                                        DBST,<b><u>Active Learning Outcomes: 9 min duration.</u></b><br>ALO 6.3.2-1: Recall Synchros,Active Learning Outcomes: 9 min duration. ALO 6.3.2-1: Recall Synchros,U6S3T2-1,ALM,ALO 6.3.2-1: Recall Synchros,9
V2L-EMMI,ALM 6.3.3-1     DBST,<b><u>Active Learning Outcomes: 6 min duration.</u></b><br>ALO 6.3.3-1: Recall Hygrometers,Active Learning Outcomes: 6 min duration. ALO 6.3.3-1: Recall Hygrometers,U6S3T3-1,ALM,ALO 6.3.3-1: Recall Hygrometers,6
V2L-EMMI,PSM 7.1.1,"<b><u>Problem Learning Outcomes: 66 min duration.</u></b><br>PLO1: Explain the block diagram of CRO<br>PLO2: Determine the following: <br>&nbsp; &nbsp; &nbsp; &nbsp; &nbsp; &nbsp;i. Minimum Time/Division Sensitivity for an Oscilloscope <br>&nbsp; &nbsp; &nbsp; &nbsp; &nbsp; &nbsp;ii. Minimum distance that will allow full deflection at the Oscilloscope Screen <br>&nbsp; &nbsp; &nbsp; &nbsp; &nbsp; &nbsp;iii. Waveform displayed on the screen of CRO <br>&nbsp; &nbsp; &nbsp; &nbsp; &nbsp; &nbsp;iv. Value of Attenuating Resistors 

     v. Beam Speed, Deflection Sensitivity and Deflection Factor of the Tube","Problem Learning Outcomes: 66 min duration. PLO1: Explain the block diagram of CRO PLO2: Determine the following:  i. Minimum Time/Division Sensitivity for an Oscilloscope  ii. Minimum distance that will allow full deflection at the Oscilloscope Screen  iii. Waveform displayed on the screen of CRO  iv. Value of Attenuating Resistors 

     v. Beam Speed, Deflection Sensitivity and Deflection Factor of the Tube",U7S1T1,PSM,"PLO1: Explain the block diagram of CRO PLO2: Determine the following:  i. Minimum Time/Division Sensitivity for an Oscilloscope  ii. Minimum distance that will allow full deflection at the Oscilloscope Screen  iii. Waveform displayed on the screen of CRO  iv. Value of Attenuating Resistors 

     v. Beam Speed, Deflection Sensitivity and Deflection Factor of the Tube",66
V2L-EMMI,ALM 7.1.1-1       DBST,<b><u>Active Learning Outcomes: 16 min duration.</u></b><br>ALO 7.1.1-1: Recall Cathode Ray Oscilloscope(CRO) and the advantages of CRO,Active Learning Outcomes: 16 min duration. ALO 7.1.1-1: Recall Cathode Ray Oscilloscope(CRO) and the advantages of CRO,U7S1T1-1,ALM,ALO 7.1.1-1: Recall Cathode Ray Oscilloscope(CRO) and the advantages of CRO,16
V2L-EMMI,ALM 7.1.1-2      DBST,<b><u>Active Learning Outcomes: 9 min duration.</u></b><br>ALO 7.1.1-2: Define Graticule,Active Learning Outcomes: 9 min duration. ALO 7.1.1-2: Define Graticule,U7S1T1-2,ALM,ALO 7.1.1-2: Define Graticule,9
V2L-EMMI,ALM 7.1.1-3                     DBST,<b><u>Active Learning Outcomes: 20 min duration.</u></b><br>ALO 7.1.1-3: Describe the principle of Operation and various parts of Cathode Ray Tube(CRT),Active Learning Outcomes: 20 min duration. ALO 7.1.1-3: Describe the principle of Operation and various parts of Cathode Ray Tube(CRT),U7S1T1-3,ALM,ALO 7.1.1-3: Describe the principle of Operation and various parts of Cathode Ray Tube(CRT),20
V2L-EMMI,ALM 7.1.1-4                     DBST,<b><u>Active Learning Outcomes: 31 min duration.</u></b><br>ALO 7.1.1-4: Derive the expression for Deflection Sensitivity of CRO,Active Learning Outcomes: 31 min duration. ALO 7.1.1-4: Derive the expression for Deflection Sensitivity of CRO,U7S1T1-4,ALM,ALO 7.1.1-4: Derive the expression for Deflection Sensitivity of CRO,31
V2L-EMMI,ALM 7.1.2-1                      DBST,<b><u>Active Learning Outcomes: 7 min duration.</u></b><br>ALO 7.1.2-1: Recall Parallax Errors,Active Learning Outcomes: 7 min duration. ALO 7.1.2-1: Recall Parallax Errors,U7S1T2-1,ALM,ALO 7.1.2-1: Recall Parallax Errors,7
V2L-EMMI,ALM 7.1.2-2                       DBST,<b><u>Active Learning Outcomes: 3 min duration.</u></b><br>ALO 7.1.2-2: Relate the Bandwidth and Rise-Time of a Response,Active Learning Outcomes: 3 min duration. ALO 7.1.2-2: Relate the Bandwidth and Rise-Time of a Response,U7S1T2-2,ALM,ALO 7.1.2-2: Relate the Bandwidth and Rise-Time of a Response,3
V2L-EMMI,ALM 7.1.2-3                      DBST,<b><u>Active Learning Outcomes: 7 min duration.</u></b><br>ALO 7.1.2-3: Describe Lissajous Pattern,Active Learning Outcomes: 7 min duration. ALO 7.1.2-3: Describe Lissajous Pattern,U7S1T2-3,ALM,ALO 7.1.2-3: Describe Lissajous Pattern,7
V2L-EMMI,ALM 7.1.2-4                      DBST,<b><u>Active Learning Outcomes: 25 min duration.</u></b><br>ALO 7.1.2-4: Recall Lissajous Pattern for different type of Inputs,Active Learning Outcomes: 25 min duration. ALO 7.1.2-4: Recall Lissajous Pattern for different type of Inputs,U7S1T2-4,ALM,ALO 7.1.2-4: Recall Lissajous Pattern for different type of Inputs,25
V2L-EMMI,ALM 7.1.2-5                       DBST,<b><u>Active Learning Outcomes: 38 min duration.</u></b><br>ALO 7.1.2-5: Calculate the Frequency and Phase Angle from the Lissajous Pattern,Active Learning Outcomes: 38 min duration. ALO 7.1.2-5: Calculate the Frequency and Phase Angle from the Lissajous Pattern,U7S1T2-5,ALM,ALO 7.1.2-5: Calculate the Frequency and Phase Angle from the Lissajous Pattern,38
V2L-EMMI,PSM 7.1.3,"<b><u>Problem Learning Outcomes: 14 min duration.</u></b><br>PLO1: Explain the following Special purpose CROs: Multi-Input CROs and their types, Sampling CRO, and Storage CRO","Problem Learning Outcomes: 14 min duration. PLO1: Explain the following Special purpose CROs: Multi-Input CROs and their types, Sampling CRO, and Storage CRO",U7S1T3,PSM,"PLO1: Explain the following Special purpose CROs: Multi-Input CROs and their types, Sampling CRO, and Storage CRO",14
V2L-EMMI,ALM 7.1.3-1                       DBET,"<b><u>Active Learning Outcomes: 18 min duration.</u></b><br>ALO 7.1.3-1: Recall Special CROs:&nbsp;<span>Multi-Input CROs and their types,&nbsp;</span>Sampling CRO, and&nbsp;Storage CRO","Active Learning Outcomes: 18 min duration. ALO 7.1.3-1: Recall Special CROs:Multi-Input CROs and their types,Sampling CRO, andStorage CRO",U7S1T3-1,ALM,"ALO 7.1.3-1: Recall Special CROs:Multi-Input CROs and their types,Sampling CRO, andStorage CRO",18
V2L-EMMI,ALM 7.2.2-1         DBST,<b><u>Active Learning Outcomes: 29 min duration.</u></b><br>ALO 7.2.2-1: Describe the working and function of Sweep Frequency Generator,Active Learning Outcomes: 29 min duration. ALO 7.2.2-1: Describe the working and function of Sweep Frequency Generator,U7S2T2-1,ALM,ALO 7.2.2-1: Describe the working and function of Sweep Frequency Generator,29
V2L-EMMI,ALM 7.2.2-2                       DBST,<b><u>Active Learning Outcomes: 5 min duration.</u></b><br>ALO 7.2.2-2: Recall the Sweep Errors,Active Learning Outcomes: 5 min duration. ALO 7.2.2-2: Recall the Sweep Errors,U7S2T2-2,ALM,ALO 7.2.2-2: Recall the Sweep Errors,5
V2L-EMMI,GPSM 8.1,"<b><u>GATE Learning Outcomes: 27 min duration.</u></b><br>GLO1: Analyse the ADC and DAC Converters<br>GLO2: Calculate the:
<br>&nbsp; &nbsp; &nbsp; &nbsp; &nbsp; &nbsp; i. Analog value of a Digital signal<br>&nbsp; &nbsp; &nbsp; &nbsp; &nbsp; &nbsp; ii. Digital value of an Analog signal","GATE Learning Outcomes: 27 min duration. GLO1: Analyse the ADC and DAC Converters GLO2: Calculate the:
 i. Analog value of a Digital signal ii. Digital value of an Analog signal",U8S1,GPSM,"GLO1: Analyse the ADC and DAC Converters GLO2: Calculate the:
 i. Analog value of a Digital signal ii. Digital value of an Analog signal",27
V2L-EMMI,PSM 8.1.1,<b><u>Problem Learning Outcomes: 22 min duration.</u></b><br>PLO1: Describe various methods of Digital-to-Analog Conversion<br>PLO2: Calculate Resolution and Analog output of a Digital input signal,Problem Learning Outcomes: 22 min duration. PLO1: Describe various methods of Digital-to-Analog Conversion PLO2: Calculate Resolution and Analog output of a Digital input signal,U8S1T1,PSM,PLO1: Describe various methods of Digital-to-Analog Conversion PLO2: Calculate Resolution and Analog output of a Digital input signal,22
V2L-EMMI,ALM 8.1.1-1                DBST,<b><u>Active Learning Outcomes: 12 min duration.</u></b><br>ALO 8.1.1-1: Describe Digital-to-Analog Converters(DAC) and their Parameters,Active Learning Outcomes: 12 min duration. ALO 8.1.1-1: Describe Digital-to-Analog Converters(DAC) and their Parameters,U8S1T1-1,ALM,ALO 8.1.1-1: Describe Digital-to-Analog Converters(DAC) and their Parameters,12
V2L-EMMI,ALM 8.1.1-2  DBST,<b><u>Active Learning Outcomes: 12 min duration.</u></b><br>ALO 8.1.1-2: Recall Weighted Resister Method of Digital-to-Analog Conversion,Active Learning Outcomes: 12 min duration. ALO 8.1.1-2: Recall Weighted Resister Method of Digital-to-Analog Conversion,U8S1T1-2,ALM,ALO 8.1.1-2: Recall Weighted Resister Method of Digital-to-Analog Conversion,12
V2L-EMMI,ALM 8.1.1-3    DBST,<b><u>Active Learning Outcomes: 23 min duration.</u></b><br>ALO 8.1.1-3: Recall R-2R Method of Digital-to-Analog Conversion,Active Learning Outcomes: 23 min duration. ALO 8.1.1-3: Recall R-2R Method of Digital-to-Analog Conversion,U8S1T1-3,ALM,ALO 8.1.1-3: Recall R-2R Method of Digital-to-Analog Conversion,23
V2L-EMMI,PSM 8.1.2,"<b><u>Problem Learning Outcomes: 20 min duration.</u></b><br>PLO1: Describe various methods of Analog-to-Digital Conversion(ADC) and their Specifications<br>PLO2: Calculate Conversion time, Digital output and Resolution of Analog-to-Digital Converters(ADC)","Problem Learning Outcomes: 20 min duration. PLO1: Describe various methods of Analog-to-Digital Conversion(ADC) and their Specifications PLO2: Calculate Conversion time, Digital output and Resolution of Analog-to-Digital Converters(ADC)",U8S1T2,PSM,"PLO1: Describe various methods of Analog-to-Digital Conversion(ADC) and their Specifications PLO2: Calculate Conversion time, Digital output and Resolution of Analog-to-Digital Converters(ADC)",20
V2L-EMMI,ALM 8.1.2-1                DBST,<b><u>Active Learning Outcomes: 8 min duration.</u></b><br>ALO 8.1.2-1: Describe Analog-to-Digital Converters(ADC) and their Specifications,Active Learning Outcomes: 8 min duration. ALO 8.1.2-1: Describe Analog-to-Digital Converters(ADC) and their Specifications,U8S1T2-1,ALM,ALO 8.1.2-1: Describe Analog-to-Digital Converters(ADC) and their Specifications,8
V2L-EMMI,ALM 8.1.2-2D    DBST,"<b><u>Active Learning Outcomes: 8 min duration.</u></b><br>ALO 8.1.2-2: Describe A-to-D Conversion Methods:
<br>&nbsp; &nbsp; &nbsp; &nbsp; &nbsp; &nbsp; &nbsp; &nbsp; &nbsp; &nbsp; &nbsp; iv. Flash Type or Parallel Comparator","Active Learning Outcomes: 8 min duration. ALO 8.1.2-2: Describe A-to-D Conversion Methods:
 iv. Flash Type or Parallel Comparator",U8S1T2-2,ALM,"ALO 8.1.2-2: Describe A-to-D Conversion Methods:
 iv. Flash Type or Parallel Comparator",8
V2L-EMMI,ALM 8.1.2-2A               DBST,"<b><u>Active Learning Outcomes: 20 min duration.</u></b><br>ALO 8.1.2-2: Describe A-to-D Conversion Methods:
<br>&nbsp; &nbsp; &nbsp; &nbsp; &nbsp; &nbsp; &nbsp; &nbsp; &nbsp; &nbsp; &nbsp; i. Up Counter and Up/Down Counter","Active Learning Outcomes: 20 min duration. ALO 8.1.2-2: Describe A-to-D Conversion Methods:
 i. Up Counter and Up/Down Counter",U8S1T2-2,ALM,"ALO 8.1.2-2: Describe A-to-D Conversion Methods:
 i. Up Counter and Up/Down Counter",20
V2L-EMMI,ALM 8.1.2-2C            DBST,"<b><u>Active Learning Outcomes: 18 min duration.</u></b><br>ALO 8.1.2-2: Describe A-to-D Conversion Methods:
<br>&nbsp; &nbsp; &nbsp; &nbsp; &nbsp; &nbsp; &nbsp; &nbsp; &nbsp; &nbsp; &nbsp; iii. Dual-Slope or Integrator Type","Active Learning Outcomes: 18 min duration. ALO 8.1.2-2: Describe A-to-D Conversion Methods:
 iii. Dual-Slope or Integrator Type",U8S1T2-2,ALM,"ALO 8.1.2-2: Describe A-to-D Conversion Methods:
 iii. Dual-Slope or Integrator Type",18
V2L-EMMI,ALM 8.1.2-2B               DBST,<b><u>Active Learning Outcomes: 13 min duration.</u></b><br>ALO 8.1.2-2: Describe A-to-D Conversion Methods:<br>&nbsp; &nbsp; &nbsp; &nbsp; &nbsp; &nbsp; &nbsp; &nbsp; &nbsp; &nbsp; &nbsp; ii. Successive Approximation,Active Learning Outcomes: 13 min duration. ALO 8.1.2-2: Describe A-to-D Conversion Methods: ii. Successive Approximation,U8S1T2-2,ALM,ALO 8.1.2-2: Describe A-to-D Conversion Methods: ii. Successive Approximation,13
V2L-EMMI,ALM 9.1.1-1           DBST,"<b><u>Active Learning Outcomes: 23 min duration.</u></b><br>ALO 9.1.1-1: Recall the terms: Magnet, Magnetic Field, Magnetic Lines of Forces, Magnetic Flux, and Magnetic Flux Density","Active Learning Outcomes: 23 min duration. ALO 9.1.1-1: Recall the terms: Magnet, Magnetic Field, Magnetic Lines of Forces, Magnetic Flux, and Magnetic Flux Density",U9S1T1-1,ALM,"ALO 9.1.1-1: Recall the terms: Magnet, Magnetic Field, Magnetic Lines of Forces, Magnetic Flux, and Magnetic Flux Density",23
V2L-EMMI,ALM 9.1.1-2           DBST,"<b><u>Active Learning Outcomes: 24 min duration.</u></b><br>ALO 9.1.1-2: Recall the terms: MMF, Magnetic Field Strength, Permeability, Reluctance, and Permeance","Active Learning Outcomes: 24 min duration. ALO 9.1.1-2: Recall the terms: MMF, Magnetic Field Strength, Permeability, Reluctance, and Permeance",U9S1T1-2,ALM,"ALO 9.1.1-2: Recall the terms: MMF, Magnetic Field Strength, Permeability, Reluctance, and Permeance",24
V2L-EMMI,ALM 9.1.2-1                                      DBST,<b><u>Active Learning Outcomes: 13 min duration.</u></b><br>ALO 1.1.2-1: Describe Magnetic Circuits and their types,Active Learning Outcomes: 13 min duration. ALO 1.1.2-1: Describe Magnetic Circuits and their types,U9S1T2-1,ALM,ALO 1.1.2-1: Describe Magnetic Circuits and their types,13
V2L-EMMI,ALM 9.1.2-2                                      DBST,"<b><u>Active Learning Outcomes: 5 min duration.</u></b><br>ALO 9.1.2-2: Recall the following terms:
<br>&nbsp; &nbsp; &nbsp; &nbsp; &nbsp; &nbsp; &nbsp; &nbsp; &nbsp; &nbsp; &nbsp; i. Flux Fringing
<br>&nbsp; &nbsp; &nbsp; &nbsp; &nbsp; &nbsp; &nbsp; &nbsp; &nbsp; &nbsp; &nbsp; ii. Leakage Flux
<br>&nbsp; &nbsp; &nbsp; &nbsp; &nbsp; &nbsp; &nbsp; &nbsp; &nbsp; &nbsp; &nbsp; iii. Leakage Co-efficient","Active Learning Outcomes: 5 min duration. ALO 9.1.2-2: Recall the following terms:
 i. Flux Fringing
 ii. Leakage Flux
 iii. Leakage Co-efficient",U9S1T2-2,ALM,"ALO 9.1.2-2: Recall the following terms:
 i. Flux Fringing
 ii. Leakage Flux
 iii. Leakage Co-efficient",5
V2L-EMMI,ALM 9.1.3-1B                                                 DBST,"<b><u>Active Learning Outcomes: 21 min duration.</u></b><br>ALO 9.1.3-1: Recall the following Laws/Rules:
<br>&nbsp; &nbsp; &nbsp; &nbsp; &nbsp; &nbsp; &nbsp; &nbsp; &nbsp; &nbsp; &nbsp;ii. Right-Hand Thumb Rule","Active Learning Outcomes: 21 min duration. ALO 9.1.3-1: Recall the following Laws/Rules:
 ii. Right-Hand Thumb Rule",U9S1T3-1,ALM,"ALO 9.1.3-1: Recall the following Laws/Rules:
 ii. Right-Hand Thumb Rule",21
V2L-EMMI,ALM 9.1.3-1C                          DBST,<b><u>Active Learning Outcomes: 25 min duration.</u></b><br>ALO 9.1.3-1: Recall the following Laws/Rules:<br>&nbsp; &nbsp; &nbsp; &nbsp; &nbsp; &nbsp; &nbsp; &nbsp; &nbsp; &nbsp; &nbsp;iii. Fleming’s Left-Hand Rule,Active Learning Outcomes: 25 min duration. ALO 9.1.3-1: Recall the following Laws/Rules: iii. Fleming’s Left-Hand Rule,U9S1T3-1,ALM,ALO 9.1.3-1: Recall the following Laws/Rules: iii. Fleming’s Left-Hand Rule,25
V2L-EMMI,ALM 9.1.3-1A                                                DBST,<b><u>Active Learning Outcomes: 27 min duration.</u></b><br>ALO 9.1.3-1: Recall the following Laws/Rules:<br>&nbsp; &nbsp; &nbsp; &nbsp; &nbsp; &nbsp; &nbsp; &nbsp; &nbsp; &nbsp; &nbsp;i. Ampere’s Circuital Law,Active Learning Outcomes: 27 min duration. ALO 9.1.3-1: Recall the following Laws/Rules: i. Ampere’s Circuital Law,U9S1T3-1,ALM,ALO 9.1.3-1: Recall the following Laws/Rules: i. Ampere’s Circuital Law,27
V2L-EMMI,ALM 9.1.4-1                                            DBST,"<b><u>Active Learning Outcomes: 43 min duration.</u></b><br>ALO 9.1.4-1: Recall the following Laws/Rules:<br>&nbsp; &nbsp; &nbsp; &nbsp; &nbsp; &nbsp; &nbsp; &nbsp; &nbsp; &nbsp; &nbsp;i. Faraday’s Law of Electromagnetic Induction
<br>&nbsp; &nbsp; &nbsp; &nbsp; &nbsp; &nbsp; &nbsp; &nbsp; &nbsp; &nbsp; &nbsp;ii. Lenz’s Law","Active Learning Outcomes: 43 min duration. ALO 9.1.4-1: Recall the following Laws/Rules: i. Faraday’s Law of Electromagnetic Induction
 ii. Lenz’s Law",U9S1T4-1,ALM,"ALO 9.1.4-1: Recall the following Laws/Rules: i. Faraday’s Law of Electromagnetic Induction
 ii. Lenz’s Law",43
V2L-EMMI,ALM 9.2.1-1                          DBST,<b><u>Active Learning Outcomes: 36 min duration.</u></b><br>ALO 9.2.1-1: Recall the principle of Electromechanical Energy Conversion,Active Learning Outcomes: 36 min duration. ALO 9.2.1-1: Recall the principle of Electromechanical Energy Conversion,U9S2T1-1,ALM,ALO 9.2.1-1: Recall the principle of Electromechanical Energy Conversion,36
V2L-EMMI,ALM 9.2.1-2              DBST,<b><u>Active Learning Outcomes: 19 min duration.</u></b><br>ALO 9.2.1-2: Recall the concept of Energy and Co-energy,Active Learning Outcomes: 19 min duration. ALO 9.2.1-2: Recall the concept of Energy and Co-energy,U9S2T1-2,ALM,ALO 9.2.1-2: Recall the concept of Energy and Co-energy,19
V2L-EMMI,ALM 9.2.2-1                                  DBST,<b><u>Active Learning Outcomes: 12 min duration.</u></b><br>ALO 9.2.2-1: Describe the Magnetic Energy stored in Singly Excited Systems,Active Learning Outcomes: 12 min duration. ALO 9.2.2-1: Describe the Magnetic Energy stored in Singly Excited Systems,U9S2T2-1,ALM,ALO 9.2.2-1: Describe the Magnetic Energy stored in Singly Excited Systems,12
V2L-EMMI,ALM 9.2.2-2                 DBST,<b><u>Active Learning Outcomes: 28 min duration.</u></b><br>ALO 9.2.2-2: Describe the Torque developed in Doubly Excited Systems,Active Learning Outcomes: 28 min duration. ALO 9.2.2-2: Describe the Torque developed in Doubly Excited Systems,U9S2T2-2,ALM,ALO 9.2.2-2: Describe the Torque developed in Doubly Excited Systems,28
