course,activity,lo_unformatted,lo_formatted,activity_formatted,activity_type,lo_formatted_duration_removed,duration
V2L-CS,GPSM 1.1,"<b><u>GATE Learning Outcomes: 31 min duration.</u></b><br>GLO1: Determine a true statement for the Negative Feedback Control System<br>GLO2: Determine the following:<br>&nbsp; &nbsp; &nbsp; &nbsp; &nbsp; &nbsp; i. Steady-State output of a Control System
<br>&nbsp; &nbsp; &nbsp; &nbsp; &nbsp; &nbsp; ii. System parameter for the given input and output","GATE Learning Outcomes: 31 min duration. GLO1: Determine a true statement for the Negative Feedback Control System GLO2: Determine the following: i. Steady-State output of a Control System
 ii. System parameter for the given input and output",U1S1,GPSM,"GLO1: Determine a true statement for the Negative Feedback Control System GLO2: Determine the following: i. Steady-State output of a Control System
 ii. System parameter for the given input and output",31
V2L-CS,PSM 1.1.1,<b><u>Problem Learning Outcomes: 20 min duration.</u></b><br>PLO1: Describe Control System and its basic components<br>PLO2: Explain Open-Loop and Closed-Loop Control Systems and differentiate between them<br>PLO3: List the examples of Control Systems,Problem Learning Outcomes: 20 min duration. PLO1: Describe Control System and its basic components PLO2: Explain Open-Loop and Closed-Loop Control Systems and differentiate between them PLO3: List the examples of Control Systems,U1S1T1,PSM,PLO1: Describe Control System and its basic components PLO2: Explain Open-Loop and Closed-Loop Control Systems and differentiate between them PLO3: List the examples of Control Systems,20
V2L-CS,ALM 1.1.1-1   DBST,<b><u>Active Learning Outcomes: 22 min duration.</u></b><br>ALO 1.1.1-1: Define Control system and describe its components,Active Learning Outcomes: 22 min duration. ALO 1.1.1-1: Define Control system and describe its components,U1S1T1-1,ALM,ALO 1.1.1-1: Define Control system and describe its components,22
V2L-CS,ALM 1.1.1-2     DBST,<b><u>Active Learning Outcomes: 19 min duration.</u></b><br>ALO 1.1.1-2: Classify Control System,Active Learning Outcomes: 19 min duration. ALO 1.1.1-2: Classify Control System,U1S1T1-2,ALM,ALO 1.1.1-2: Classify Control System,19
V2L-CS,ALM 1.1.1-3    DBST,<b><u>Active Learning Outcomes: 20 min duration.</u></b><br>ALO 1.1.1-3: Differentiate between Open-Loop and closed-Loop Control Systems,Active Learning Outcomes: 20 min duration. ALO 1.1.1-3: Differentiate between Open-Loop and closed-Loop Control Systems,U1S1T1-3,ALM,ALO 1.1.1-3: Differentiate between Open-Loop and closed-Loop Control Systems,20
V2L-CS,ALM 1.1.1-4     DBST,<b><u>Active Learning Outcomes: 14 min duration.</u></b><br>ALO 1.1.1-4: Recall examples of Control System,Active Learning Outcomes: 14 min duration. ALO 1.1.1-4: Recall examples of Control System,U1S1T1-4,ALM,ALO 1.1.1-4: Recall examples of Control System,14
V2L-CS,PSM 1.1.2,<b><u>Problem Learning Outcomes: 20 min duration.</u></b><br>PLO1: Discuss the Effect of Feedback on the variation of System Parameters<br>PLO2: Explain the Control over the Dynamics of a System,Problem Learning Outcomes: 20 min duration. PLO1: Discuss the Effect of Feedback on the variation of System Parameters PLO2: Explain the Control over the Dynamics of a System,U1S1T2,PSM,PLO1: Discuss the Effect of Feedback on the variation of System Parameters PLO2: Explain the Control over the Dynamics of a System,20
V2L-CS,ALM 1.1.2-1          DBST,<u><b>Active Learning Outcomes: 9 min duration.</b></u><br>ALO 1.1.2-1: Describe the Feedback Control System<br>,Active Learning Outcomes: 9 min duration. ALO 1.1.2-1: Describe the Feedback Control System ,U1S1T2-1,ALM,ALO 1.1.2-1: Describe the Feedback Control System ,9
V2L-CS,ALM 1.1.2-2      DBST,<b><u>Active Learning Outcomes: 8 min duration.</u></b><br>ALO 1.1.2-2: Recall the Effects of Feedback on Parameter Variations on an Open-Loop and Closed-Loop Control System,Active Learning Outcomes: 8 min duration. ALO 1.1.2-2: Recall the Effects of Feedback on Parameter Variations on an Open-Loop and Closed-Loop Control System,U1S1T2-2,ALM,ALO 1.1.2-2: Recall the Effects of Feedback on Parameter Variations on an Open-Loop and Closed-Loop Control System,8
V2L-CS,ALM 1.1.2-3     DBST,<b><u>Active Learning Outcomes: 17 min duration.</u></b><br>ALO 1.1.2-3: Recall the Effects of Feedback of  Disturbance Signals on a Control System,Active Learning Outcomes: 17 min duration. ALO 1.1.2-3: Recall the Effects of Feedback of  Disturbance Signals on a Control System,U1S1T2-3,ALM,ALO 1.1.2-3: Recall the Effects of Feedback of  Disturbance Signals on a Control System,17
V2L-CS,ALM 1.1.2-4               DBST,<u><b>Active Learning Outcomes: 10 min duration.</b></u><br>ALO 1.1.2-4: Describe Regenerative Feedback,Active Learning Outcomes: 10 min duration. ALO 1.1.2-4: Describe Regenerative Feedback,U1S1T2-4,ALM,ALO 1.1.2-4: Describe Regenerative Feedback,10
V2L-CS,GPSM 1.2,<b><u>GATE Learning Outcomes: 32 min duration.</u></b><br>GLO1: Determine the Transfer Functions from the given Block diagrams of the Control Systems<br>GLO2: Determine the Signal Flow Graph from a Block diagram of a Control System<br>GLO3: Calculate the Steady-state response of a Control System,GATE Learning Outcomes: 32 min duration. GLO1: Determine the Transfer Functions from the given Block diagrams of the Control Systems GLO2: Determine the Signal Flow Graph from a Block diagram of a Control System GLO3: Calculate the Steady-state response of a Control System,U1S2,GPSM,GLO1: Determine the Transfer Functions from the given Block diagrams of the Control Systems GLO2: Determine the Signal Flow Graph from a Block diagram of a Control System GLO3: Calculate the Steady-state response of a Control System,32
V2L-CS,PSM 1.2.1,"<b><u>Problem Learning Outcomes: 18 min duration.</u></b><br>PLO1: Explain the Transfer Function<br>PLO2: Explain the terms Poles &amp; Zeros, Characteristic equation, and Pole-Zero plot<br>PLO3: Determine the Differential Equation of a Control System from a Transfer Function","Problem Learning Outcomes: 18 min duration. PLO1: Explain the Transfer Function PLO2: Explain the terms Poles &amp; Zeros, Characteristic equation, and Pole-Zero plot PLO3: Determine the Differential Equation of a Control System from a Transfer Function",U1S2T1,PSM,"PLO1: Explain the Transfer Function PLO2: Explain the terms Poles &amp; Zeros, Characteristic equation, and Pole-Zero plot PLO3: Determine the Differential Equation of a Control System from a Transfer Function",18
V2L-CS,ALM 1.2.1-1    DBST,<b><u>Active Learning Outcomes: 24 min duration.</u></b><br>ALO 1.2.1-1: Define the Transfer Function of a Linear System,Active Learning Outcomes: 24 min duration. ALO 1.2.1-1: Define the Transfer Function of a Linear System,U1S2T1-1,ALM,ALO 1.2.1-1: Define the Transfer Function of a Linear System,24
V2L-CS,ALM 1.2.1-2     DBST,<b><u>Active Learning Outcomes: 8 min duration.</u></b><br>ALO 1.2.1-2: Define and identify Poles and Zeros of a Transfer Function,Active Learning Outcomes: 8 min duration. ALO 1.2.1-2: Define and identify Poles and Zeros of a Transfer Function,U1S2T1-2,ALM,ALO 1.2.1-2: Define and identify Poles and Zeros of a Transfer Function,8
V2L-CS,ALM 1.2.1-3     DBST,<b><u>Active Learning Outcomes: 24 min duration.</u></b><br>ALO 1.2.1-3: Define the Characteristics Equation of a Linear System,Active Learning Outcomes: 24 min duration. ALO 1.2.1-3: Define the Characteristics Equation of a Linear System,U1S2T1-3,ALM,ALO 1.2.1-3: Define the Characteristics Equation of a Linear System,24
V2L-CS,ALM 1.2.1-4         DBST,<b><u>Active Learning Outcomes: 3 min duration.</u></b><br>ALO 1.2.1-4: Determine the transfer Function of a control System from a differential Equations,Active Learning Outcomes: 3 min duration. ALO 1.2.1-4: Determine the transfer Function of a control System from a differential Equations,U1S2T1-4,ALM,ALO 1.2.1-4: Determine the transfer Function of a control System from a differential Equations,3
V2L-CS,PSM 1.2.2,<b><u>Problem Learning Outcomes: 25 min duration.</u></b><br>PLO1: Describe the Mechanical Models and develop its equation<br>PLO2: Explain the Modelling of Electrical System elements,Problem Learning Outcomes: 25 min duration. PLO1: Describe the Mechanical Models and develop its equation PLO2: Explain the Modelling of Electrical System elements,U1S2T2,PSM,PLO1: Describe the Mechanical Models and develop its equation PLO2: Explain the Modelling of Electrical System elements,25
V2L-CS,ALM 1.2.2-1       DBST,<b><u>Active Learning Outcomes: 38 min duration.</u></b><br>ALO 1.2.2-1: Recall the Mechanical System Elements,Active Learning Outcomes: 38 min duration. ALO 1.2.2-1: Recall the Mechanical System Elements,U1S2T2-1,ALM,ALO 1.2.2-1: Recall the Mechanical System Elements,38
V2L-CS,ALM 1.2.2-2        DBST,<b><u>Active Learning Outcomes: 23 min duration.</u></b><br>ALO 1.2.2-2: Recall the Electrical System Elements and compute its Transfer Function,Active Learning Outcomes: 23 min duration. ALO 1.2.2-2: Recall the Electrical System Elements and compute its Transfer Function,U1S2T2-2,ALM,ALO 1.2.2-2: Recall the Electrical System Elements and compute its Transfer Function,23
V2L-CS,PSM 1.2.3,<b><u>Problem Learning Outcomes: 66 min duration.</u></b><br>PLO1: Explain Force-Voltage and Force-Current Analogies<br>PLO2: Develop an Equivalent Electrical Circuit from Mechanical System and compute its Transfer Function or Vice-Versa,Problem Learning Outcomes: 66 min duration. PLO1: Explain Force-Voltage and Force-Current Analogies PLO2: Develop an Equivalent Electrical Circuit from Mechanical System and compute its Transfer Function or Vice-Versa,U1S2T3,PSM,PLO1: Explain Force-Voltage and Force-Current Analogies PLO2: Develop an Equivalent Electrical Circuit from Mechanical System and compute its Transfer Function or Vice-Versa,66
V2L-CS,ALM 1.2.3-1          DBST,<b><u>Active Learning Outcomes: 9 min duration.</u></b><br>ALO 1.2.3-1: Derive Force-Voltage Analogy,Active Learning Outcomes: 9 min duration. ALO 1.2.3-1: Derive Force-Voltage Analogy,U1S2T3-1,ALM,ALO 1.2.3-1: Derive Force-Voltage Analogy,9
V2L-CS,ALM 1.2.3-2                    DBST,<b><u>Active Learning Outcomes: 10 min duration.</u></b><br>ALO 1.2.3-2: Derive Force-Current Analogy,Active Learning Outcomes: 10 min duration. ALO 1.2.3-2: Derive Force-Current Analogy,U1S2T3-2,ALM,ALO 1.2.3-2: Derive Force-Current Analogy,10
V2L-CS,ALM 1.2.3-3      DBST,<b><u>Active Learning Outcomes: 40 min duration.</u></b><br>ALO 1.2.3-3: Derive the Transfer Function for various Mechanical Systems,Active Learning Outcomes: 40 min duration. ALO 1.2.3-3: Derive the Transfer Function for various Mechanical Systems,U1S2T3-3,ALM,ALO 1.2.3-3: Derive the Transfer Function for various Mechanical Systems,40
V2L-CS,PSM 1.2.4,<b><u>Problem Learning Outcomes: 74 min duration.</u></b><br>PLO1: Explain the Block Diagram Reduction Rules<br>PLO2: Apply the rules of Block Diagram Algebra/Block Diagram Reduction Technique to obtain the Transfer Function of a Control System,Problem Learning Outcomes: 74 min duration. PLO1: Explain the Block Diagram Reduction Rules PLO2: Apply the rules of Block Diagram Algebra/Block Diagram Reduction Technique to obtain the Transfer Function of a Control System,U1S2T4,PSM,PLO1: Explain the Block Diagram Reduction Rules PLO2: Apply the rules of Block Diagram Algebra/Block Diagram Reduction Technique to obtain the Transfer Function of a Control System,74
V2L-CS,ALM 1.2.4-1         DBST,<b><u>Active Learning Outcomes: 25 min duration.</u></b><br>ALO 1.2.4-1: Describe the Block Diagram of an Open-Loop Control System and a Closed-Loop Control System,Active Learning Outcomes: 25 min duration. ALO 1.2.4-1: Describe the Block Diagram of an Open-Loop Control System and a Closed-Loop Control System,U1S2T4-1,ALM,ALO 1.2.4-1: Describe the Block Diagram of an Open-Loop Control System and a Closed-Loop Control System,25
V2L-CS,ALM 1.2.4-2       DBST,<b><u>Active Learning Outcomes: 41 min duration.</u></b><br>ALO 1.2.4-2: Recall the rules of Block Diagram Algebra/Block Diagram Reduction,Active Learning Outcomes: 41 min duration. ALO 1.2.4-2: Recall the rules of Block Diagram Algebra/Block Diagram Reduction,U1S2T4-2,ALM,ALO 1.2.4-2: Recall the rules of Block Diagram Algebra/Block Diagram Reduction,41
V2L-CS,ALM 1.2.4-3       DBST,<b><u>Active Learning Outcomes: 39 min duration.</u></b><br>ALO 1.2.4-3: Compute the Transfer Function from the Block Diagram of a Control System,Active Learning Outcomes: 39 min duration. ALO 1.2.4-3: Compute the Transfer Function from the Block Diagram of a Control System,U1S2T4-3,ALM,ALO 1.2.4-3: Compute the Transfer Function from the Block Diagram of a Control System,39
V2L-CS,PSM 1.2.5 A,<b><u>Problem Learning Outcomes: 41 min duration.</u></b><br>PLO1: Explain Signal Flow Graph and various terminologies used in Signal Flow Graph<br>PLO2: Determine the Transfer Function from a Signal Flow Graph and Create a Block Diagram from it or vice-versa,Problem Learning Outcomes: 41 min duration. PLO1: Explain Signal Flow Graph and various terminologies used in Signal Flow Graph PLO2: Determine the Transfer Function from a Signal Flow Graph and Create a Block Diagram from it or vice-versa,U1S2T5,PSM,PLO1: Explain Signal Flow Graph and various terminologies used in Signal Flow Graph PLO2: Determine the Transfer Function from a Signal Flow Graph and Create a Block Diagram from it or vice-versa,41
V2L-CS,ALM 1.2.5-1       DBST,<b><u>Active Learning Outcomes: 49 min duration.</u></b><br>ALO 1.2.5-1: Recall a Signal Flow Graph,Active Learning Outcomes: 49 min duration. ALO 1.2.5-1: Recall a Signal Flow Graph,U1S2T5-1,ALM,ALO 1.2.5-1: Recall a Signal Flow Graph,49
V2L-CS,ALM 1.2.5-2      DBST,<b><u>Active Learning Outcomes: 30 min duration.</u></b><br>ALO 1.2.5-2: Construct a Signal Flow Graph,Active Learning Outcomes: 30 min duration. ALO 1.2.5-2: Construct a Signal Flow Graph,U1S2T5-2,ALM,ALO 1.2.5-2: Construct a Signal Flow Graph,30
V2L-CS,ALM 1.2.5-3    DBST,<u><b>Active Learning Outcomes: 38 min duration.</b></u><br>ALO 1.2.5-3: Recall the Mason's Gain Formula<br>,Active Learning Outcomes: 38 min duration. ALO 1.2.5-3: Recall the Mason's Gain Formula ,U1S2T5-3,ALM,ALO 1.2.5-3: Recall the Mason's Gain Formula ,38
V2L-CS,ALM 1.2.5-4       DBST,<u><b>Active Learning Outcomes: 19 min duration.</b></u><br>ALO 1.2.5-4: Compute the Transfer Function using Mason's Gain Formula,Active Learning Outcomes: 19 min duration. ALO 1.2.5-4: Compute the Transfer Function using Mason's Gain Formula,U1S2T5-4,ALM,ALO 1.2.5-4: Compute the Transfer Function using Mason's Gain Formula,19
V2L-CS,ALM 10.1.1-1             DBST,<b><u>Active Learning Outcomes: 36 min duration.</u></b><br>ALO 10.1.1-1: Recall AC Bridges and types of AC Bridges used for the Measurement of Parameters,Active Learning Outcomes: 36 min duration. ALO 10.1.1-1: Recall AC Bridges and types of AC Bridges used for the Measurement of Parameters,U10S1T1-1,ALM,ALO 10.1.1-1: Recall AC Bridges and types of AC Bridges used for the Measurement of Parameters,36
V2L-CS,ALM 10.1.1-2      DBST,<b><u>Active Learning Outcomes: 4 min duration.</u></b><br>ALO 10.1.1-2: Recall the types of Detectors used in AC Bridges,Active Learning Outcomes: 4 min duration. ALO 10.1.1-2: Recall the types of Detectors used in AC Bridges,U10S1T1-2,ALM,ALO 10.1.1-2: Recall the types of Detectors used in AC Bridges,4
V2L-CS,ALM 10.1.1-3                      DBST,<b><u>Active Learning Outcomes: 18 min duration.</u></b><br>ALO 10.1.1-3: Derive the general equation for Bridge Balance,Active Learning Outcomes: 18 min duration. ALO 10.1.1-3: Derive the general equation for Bridge Balance,U10S1T1-3,ALM,ALO 10.1.1-3: Derive the general equation for Bridge Balance,18
V2L-CS,ALM 10.1.2-1B            DBST,<b><u>Active Learning Outcomes: 42 min duration.</u></b><br>ALO 10.1.2-1: Describe the following Bridges for the measurement of Inductances: <br>&nbsp; &nbsp; &nbsp; &nbsp; &nbsp; &nbsp; &nbsp; &nbsp; &nbsp; &nbsp; &nbsp; iii. Anderson's Bridge<br>&nbsp; &nbsp; &nbsp; &nbsp; &nbsp; &nbsp; &nbsp; &nbsp; &nbsp; &nbsp; &nbsp; iv. Owen’s Bridge,Active Learning Outcomes: 42 min duration. ALO 10.1.2-1: Describe the following Bridges for the measurement of Inductances:  iii. Anderson's Bridge iv. Owen’s Bridge,U10S1T2-1,ALM,ALO 10.1.2-1: Describe the following Bridges for the measurement of Inductances:  iii. Anderson's Bridge iv. Owen’s Bridge,42
V2L-CS,ALM 10.1.2-1A    DBST,"<b><u>Active Learning Outcomes: 55 min duration.</u></b><br>ALO 10.1.2-1: Describe the following Bridges for the measurement of Inductances:<br>&nbsp; &nbsp; &nbsp; &nbsp; &nbsp; &nbsp; &nbsp; &nbsp; &nbsp; &nbsp; &nbsp; i. Maxwell’s Bridge
<br>&nbsp; &nbsp; &nbsp; &nbsp; &nbsp; &nbsp; &nbsp; &nbsp; &nbsp; &nbsp; &nbsp; ii. Hay’s Bridge","Active Learning Outcomes: 55 min duration. ALO 10.1.2-1: Describe the following Bridges for the measurement of Inductances: i. Maxwell’s Bridge
 ii. Hay’s Bridge",U10S1T2-1,ALM,"ALO 10.1.2-1: Describe the following Bridges for the measurement of Inductances: i. Maxwell’s Bridge
 ii. Hay’s Bridge",55
V2L-CS,ALM 10.2.1-1       DBST,<b><u>Active Learning Outcomes: 17 min duration.</u></b><br>ALO 10.2.1-1: Recall the Dissipation Factor in Capacitance,Active Learning Outcomes: 17 min duration. ALO 10.2.1-1: Recall the Dissipation Factor in Capacitance,U10S2T1-1,ALM,ALO 10.2.1-1: Recall the Dissipation Factor in Capacitance,17
V2L-CS,ALM 10.2.1-2         DBST,<b><u>Active Learning Outcomes: 16 min duration.</u></b><br>ALO 10.2.1-2: Describe De-Sauty Bridge,Active Learning Outcomes: 16 min duration. ALO 10.2.1-2: Describe De-Sauty Bridge,U10S2T1-2,ALM,ALO 10.2.1-2: Describe De-Sauty Bridge,16
V2L-CS,ALM 10.2.1-3        DBST,<b><u>Active Learning Outcomes: 14 min duration.</u></b><br>ALO 10.2.1-3: Describe Schering Bridge,Active Learning Outcomes: 14 min duration. ALO 10.2.1-3: Describe Schering Bridge,U10S2T1-3,ALM,ALO 10.2.1-3: Describe Schering Bridge,14
V2L-CS,ALM 10.2.2-1     DBST,<b><u>Active Learning Outcomes: 15 min duration.</u></b><br>ALO 10.2.2-1: Describe Wein’s Bridge,Active Learning Outcomes: 15 min duration. ALO 10.2.2-1: Describe Wein’s Bridge,U10S2T2-1,ALM,ALO 10.2.2-1: Describe Wein’s Bridge,15
V2L-CS,ALM 10.2.2-2        DBST,<b><u>Active Learning Outcomes: 2 min duration.</u></b><br>ALO 10.2.2-2: Recall the Applications of Wein’s Bridge,Active Learning Outcomes: 2 min duration. ALO 10.2.2-2: Recall the Applications of Wein’s Bridge,U10S2T2-2,ALM,ALO 10.2.2-2: Recall the Applications of Wein’s Bridge,2
V2L-CS,ALM 10.2.2-3     DBST,<b><u>Active Learning Outcomes: 3 min duration.</u></b><br>ALO 10.2.2-3: Recall the Limitations of Wein’s Bridge,Active Learning Outcomes: 3 min duration. ALO 10.2.2-3: Recall the Limitations of Wein’s Bridge,U10S2T2-3,ALM,ALO 10.2.2-3: Recall the Limitations of Wein’s Bridge,3
V2L-CS,ALM 10.2.3-1A             DBST,"<b><u>Active Learning Outcomes: 55 min duration.</u></b><br>ALO 10.2.3-1: Describe the following Bridges for the Measurement of Inductances: <br>&nbsp; &nbsp; &nbsp; &nbsp; &nbsp; &nbsp; &nbsp; &nbsp; &nbsp; &nbsp; &nbsp; &nbsp;i. Maxwell's Bridge
<br>&nbsp; &nbsp; &nbsp; &nbsp; &nbsp; &nbsp; &nbsp; &nbsp; &nbsp; &nbsp; &nbsp; &nbsp;ii. Hay's Bridge","Active Learning Outcomes: 55 min duration. ALO 10.2.3-1: Describe the following Bridges for the Measurement of Inductances:  i. Maxwell's Bridge
 ii. Hay's Bridge",U10S2T3-1,ALM,"ALO 10.2.3-1: Describe the following Bridges for the Measurement of Inductances:  i. Maxwell's Bridge
 ii. Hay's Bridge",55
V2L-CS,ALM 10.2.3-1B             DBST,<b><u>Active Learning Outcomes: 42 min duration.</u></b><br>ALO 10.2.3-1: Describe the following Bridges for the Measurement of Inductances:<br>&nbsp; &nbsp; &nbsp; &nbsp; &nbsp; &nbsp; &nbsp; &nbsp; &nbsp; &nbsp; &nbsp; &nbsp;iii. Anderson's Bridge<br>&nbsp; &nbsp; &nbsp; &nbsp; &nbsp; &nbsp; &nbsp; &nbsp; &nbsp; &nbsp; &nbsp; &nbsp;iv. Owen's Bridge,Active Learning Outcomes: 42 min duration. ALO 10.2.3-1: Describe the following Bridges for the Measurement of Inductances: iii. Anderson's Bridge iv. Owen's Bridge,U10S2T3-1,ALM,ALO 10.2.3-1: Describe the following Bridges for the Measurement of Inductances: iii. Anderson's Bridge iv. Owen's Bridge,42
V2L-CS,ALM 11.1.1-1     DBST,<b><u>Active Learning Outcomes: 15 min duration.</u></b><br>ALO 11.1.1-1: Define Transducers,Active Learning Outcomes: 15 min duration. ALO 11.1.1-1: Define Transducers,U11S1T1-1,ALM,ALO 11.1.1-1: Define Transducers,15
V2L-CS,ALM 11.1.1-2      DBST,<b><u>Active Learning Outcomes: 3 min duration.</u></b><br>ALO 11.1.1-2: Recall the Advantages of Transducers,Active Learning Outcomes: 3 min duration. ALO 11.1.1-2: Recall the Advantages of Transducers,U11S1T1-2,ALM,ALO 11.1.1-2: Recall the Advantages of Transducers,3
V2L-CS,ALM 11.1.1-3        DBST,<b><u>Active Learning Outcomes: 22 min duration.</u></b><br>ALO 11.1.1-3: Classify Transducers,Active Learning Outcomes: 22 min duration. ALO 11.1.1-3: Classify Transducers,U11S1T1-3,ALM,ALO 11.1.1-3: Classify Transducers,22
V2L-CS,ALM 11.1.1-4            DBST,<b><u>Active Learning Outcomes: 5 min duration.</u></b><br>ALO 11.1.1-4: Recall Inverse Transducers,Active Learning Outcomes: 5 min duration. ALO 11.1.1-4: Recall Inverse Transducers,U11S1T1-4,ALM,ALO 11.1.1-4: Recall Inverse Transducers,5
V2L-CS,ALM 11.1.2-1                 DBST,<b><u>Active Learning Outcomes: 48 min duration.</u></b><br>ALO 11.1.2-1: Describe the Construction and Working of following Transducers: <br>&nbsp; &nbsp; &nbsp; &nbsp; &nbsp; &nbsp; &nbsp; &nbsp; &nbsp; &nbsp; &nbsp;i. Potentiometer<br>&nbsp; &nbsp; &nbsp; &nbsp; &nbsp; &nbsp; &nbsp; &nbsp; &nbsp; &nbsp; &nbsp;ii. Linear Variable Differential Transformer(LVDT)<br>&nbsp; &nbsp; &nbsp; &nbsp; &nbsp; &nbsp; &nbsp; &nbsp; &nbsp; &nbsp; &nbsp;iii. Hall-Effect Transducers,Active Learning Outcomes: 48 min duration. ALO 11.1.2-1: Describe the Construction and Working of following Transducers:  i. Potentiometer ii. Linear Variable Differential Transformer(LVDT) iii. Hall-Effect Transducers,U11S1T2-1,ALM,ALO 11.1.2-1: Describe the Construction and Working of following Transducers:  i. Potentiometer ii. Linear Variable Differential Transformer(LVDT) iii. Hall-Effect Transducers,48
V2L-CS,ALM 11.1.3-1      DBST,<b><u>Active Learning Outcomes: 16 min duration.</u></b><br>ALO 11.1.3-1: Recall Strain Gauge and its Types,Active Learning Outcomes: 16 min duration. ALO 11.1.3-1: Recall Strain Gauge and its Types,U11S1T3-1,ALM,ALO 11.1.3-1: Recall Strain Gauge and its Types,16
V2L-CS,ALM 11.1.3-2                  DBST,<b><u>Active Learning Outcomes: 18 min duration.</u></b><br>ALO 11.1.3-2: Recall the important terms related to Strain Gauge,Active Learning Outcomes: 18 min duration. ALO 11.1.3-2: Recall the important terms related to Strain Gauge,U11S1T3-2,ALM,ALO 11.1.3-2: Recall the important terms related to Strain Gauge,18
V2L-CS,ALM 11.1.3-3                 DBST,"<b><u>Active Learning Outcomes: 27 min duration.</u></b><br>ALO 11.1.3-3: Describe the following:<br>&nbsp; &nbsp; &nbsp; &nbsp; &nbsp; &nbsp; &nbsp; &nbsp; &nbsp; &nbsp; &nbsp; i. Load Cells
<br>&nbsp; &nbsp; &nbsp; &nbsp; &nbsp; &nbsp; &nbsp; &nbsp; &nbsp; &nbsp; &nbsp; ii. Piezo-Electric Transducers<br>&nbsp; &nbsp; &nbsp; &nbsp; &nbsp; &nbsp; &nbsp; &nbsp; &nbsp; &nbsp; &nbsp; iii. Photovoltaic Transducers","Active Learning Outcomes: 27 min duration. ALO 11.1.3-3: Describe the following: i. Load Cells
 ii. Piezo-Electric Transducers iii. Photovoltaic Transducers",U11S1T3-3,ALM,"ALO 11.1.3-3: Describe the following: i. Load Cells
 ii. Piezo-Electric Transducers iii. Photovoltaic Transducers",27
V2L-CS,ALM 11.1.4-1                 DBST,"<b><u>Active Learning Outcomes: 47 min duration.</u></b><br>ALO 11.1.4-1: Describe the following Temperature Measuring Transducers:
<br>&nbsp; &nbsp; &nbsp; &nbsp; &nbsp; &nbsp; &nbsp; &nbsp; &nbsp; &nbsp; &nbsp;i. Resistance Thermometer (RTD)
<br>&nbsp; &nbsp; &nbsp; &nbsp; &nbsp; &nbsp; &nbsp; &nbsp; &nbsp; &nbsp; &nbsp;ii. Thermocouple
<br>&nbsp; &nbsp; &nbsp; &nbsp; &nbsp; &nbsp; &nbsp; &nbsp; &nbsp; &nbsp; &nbsp;iii. Thermistor
<br>&nbsp; &nbsp; &nbsp; &nbsp; &nbsp; &nbsp; &nbsp; &nbsp; &nbsp; &nbsp; &nbsp;iv. Pyrometer
<br>&nbsp; &nbsp; &nbsp; &nbsp; &nbsp; &nbsp; &nbsp; &nbsp; &nbsp; &nbsp; &nbsp;v. Bimetallic Strip","Active Learning Outcomes: 47 min duration. ALO 11.1.4-1: Describe the following Temperature Measuring Transducers:
 i. Resistance Thermometer (RTD)
 ii. Thermocouple
 iii. Thermistor
 iv. Pyrometer
 v. Bimetallic Strip",U11S1T4-1,ALM,"ALO 11.1.4-1: Describe the following Temperature Measuring Transducers:
 i. Resistance Thermometer (RTD)
 ii. Thermocouple
 iii. Thermistor
 iv. Pyrometer
 v. Bimetallic Strip",47
V2L-CS,PSM 2.1.1,<b><u>Problem Learning Outcomes: 12 min duration.</u></b><br>PLO1: Explain the Time-Response of Continuous Data Control System<br>PLO2: Explain the Transient-State Response and the Steady-State Response,Problem Learning Outcomes: 12 min duration. PLO1: Explain the Time-Response of Continuous Data Control System PLO2: Explain the Transient-State Response and the Steady-State Response,U2S1T1,PSM,PLO1: Explain the Time-Response of Continuous Data Control System PLO2: Explain the Transient-State Response and the Steady-State Response,12
V2L-CS,ALM 2.1.1-1     DBST,<b><u>Active Learning Outcomes: 13 min duration.</u></b><br>ALO 2.1.1-1: Describe the Time-Response of Continuous Data Control System,Active Learning Outcomes: 13 min duration. ALO 2.1.1-1: Describe the Time-Response of Continuous Data Control System,U2S1T1-1,ALM,ALO 2.1.1-1: Describe the Time-Response of Continuous Data Control System,13
V2L-CS,ALM 2.1.1-2       DBST,<b><u>Active Learning Outcomes: 22 min duration.</u></b><br>ALO 2.1.1-2: Recall the Transient-State Response and the Steady-State Response,Active Learning Outcomes: 22 min duration. ALO 2.1.1-2: Recall the Transient-State Response and the Steady-State Response,U2S1T1-2,ALM,ALO 2.1.1-2: Recall the Transient-State Response and the Steady-State Response,22
V2L-CS,PSM 2.1.2,<b><u>Problem Learning Outcomes: 17 min duration.</u></b><br>PLO1: Explain the different types of Standard Test Signals:<br>PLO2: Derive one Standard Test Signal from the others,Problem Learning Outcomes: 17 min duration. PLO1: Explain the different types of Standard Test Signals: PLO2: Derive one Standard Test Signal from the others,U2S1T2,PSM,PLO1: Explain the different types of Standard Test Signals: PLO2: Derive one Standard Test Signal from the others,17
V2L-CS,ALM 2.1.2-1          DBST,"<b><u>Active Learning Outcomes: 27 min duration.</u></b><br>ALO 2.1.2-1: Recall the following Signals: Impulse Signal, Step Signal, Ramp signal, and Parabolic Signal","Active Learning Outcomes: 27 min duration. ALO 2.1.2-1: Recall the following Signals: Impulse Signal, Step Signal, Ramp signal, and Parabolic Signal",U2S1T2-1,ALM,"ALO 2.1.2-1: Recall the following Signals: Impulse Signal, Step Signal, Ramp signal, and Parabolic Signal",27
V2L-CS,ALM 2.1.2-2       DBST,"<b><u>Active Learning Outcomes: 7 min duration.</u></b><br>ALO 2.1.2-2: Compare Impulse, Step, Ramp, and Parabolic Signals","Active Learning Outcomes: 7 min duration. ALO 2.1.2-2: Compare Impulse, Step, Ramp, and Parabolic Signals",U2S1T2-2,ALM,"ALO 2.1.2-2: Compare Impulse, Step, Ramp, and Parabolic Signals",7
V2L-CS,GPSM 2.2,<b><u>GATE Learning Outcomes: 28 min duration.</u></b><br>GLO1: Identify the correct waveform of the output for the given control system<br>GLO2: Identify the compensator for the given problem<br>GLO3: Find the value of gain K for a given point<br>GLO4: Determine the damped natural frequency for the given system,GATE Learning Outcomes: 28 min duration. GLO1: Identify the correct waveform of the output for the given control system GLO2: Identify the compensator for the given problem GLO3: Find the value of gain K for a given point GLO4: Determine the damped natural frequency for the given system,U2S2,GPSM,GLO1: Identify the correct waveform of the output for the given control system GLO2: Identify the compensator for the given problem GLO3: Find the value of gain K for a given point GLO4: Determine the damped natural frequency for the given system,28
V2L-CS,PSM 2.2.1,"<b><u>Problem Learning Outcomes: 11 min duration.</u></b><br>PLO1: Explain First-Order Control System<br>PLO2: Determine the following for First-Order Control System:
<br>&nbsp; &nbsp; &nbsp; &nbsp; &nbsp; &nbsp;i. Unit-Impulse Response
<br>&nbsp; &nbsp; &nbsp; &nbsp; &nbsp; &nbsp;ii. Unit-Step Response
<br>&nbsp; &nbsp; &nbsp; &nbsp; &nbsp; &nbsp;iii. Unit-Ramp Response","Problem Learning Outcomes: 11 min duration. PLO1: Explain First-Order Control System PLO2: Determine the following for First-Order Control System:
 i. Unit-Impulse Response
 ii. Unit-Step Response
 iii. Unit-Ramp Response",U2S2T1,PSM,"PLO1: Explain First-Order Control System PLO2: Determine the following for First-Order Control System:
 i. Unit-Impulse Response
 ii. Unit-Step Response
 iii. Unit-Ramp Response",11
V2L-CS,ALM 2.2.1-1                DBST,<b><u>Active Learning Outcomes: 16 min duration.</u></b><br>ALO 2.2.1-1: Describe the First Order Control System,Active Learning Outcomes: 16 min duration. ALO 2.2.1-1: Describe the First Order Control System,U2S2T1-1,ALM,ALO 2.2.1-1: Describe the First Order Control System,16
V2L-CS,ALM 2.2.1-2                   DBST,<b><u>Active Learning Outcomes: 38 min duration.</u></b><br>ALO 2.2.1-2: Determine:<br>&nbsp; &nbsp; &nbsp; &nbsp; &nbsp; &nbsp; &nbsp; &nbsp; &nbsp; &nbsp; &nbsp; i. Unit-Impulse Response of First-Order Control System<br>&nbsp; &nbsp; &nbsp; &nbsp; &nbsp; &nbsp; &nbsp; &nbsp; &nbsp; &nbsp; &nbsp; ii. Unit-Step Response of First-Order Control System<br>&nbsp; &nbsp; &nbsp; &nbsp; &nbsp; &nbsp; &nbsp; &nbsp; &nbsp; &nbsp; &nbsp; iii. Unit-Ramp Response of First-Order Control System,Active Learning Outcomes: 38 min duration. ALO 2.2.1-2: Determine: i. Unit-Impulse Response of First-Order Control System ii. Unit-Step Response of First-Order Control System iii. Unit-Ramp Response of First-Order Control System,U2S2T1-2,ALM,ALO 2.2.1-2: Determine: i. Unit-Impulse Response of First-Order Control System ii. Unit-Step Response of First-Order Control System iii. Unit-Ramp Response of First-Order Control System,38
V2L-CS,PSM 2.2.2 B,<b><u>Problem Learning Outcomes: 42 min duration.</u></b><br>PLO3: Determine and draw the Unit-Step Response of Second Order Control System<br>PLO4: Determine the Characteristic Equation and the parameters of Second-order Control System,Problem Learning Outcomes: 42 min duration. PLO3: Determine and draw the Unit-Step Response of Second Order Control System PLO4: Determine the Characteristic Equation and the parameters of Second-order Control System,U2S2T2,PSM,PLO3: Determine and draw the Unit-Step Response of Second Order Control System PLO4: Determine the Characteristic Equation and the parameters of Second-order Control System,42
V2L-CS,PSM 2.2.2 A,<b><u>Problem Learning Outcomes: 38 min duration.</u></b><br>PLO1: Define the terms related to Second Order Control System<br>PLO2: Explain the Effect of addition of Poles to the Second Order Control System,Problem Learning Outcomes: 38 min duration. PLO1: Define the terms related to Second Order Control System PLO2: Explain the Effect of addition of Poles to the Second Order Control System,U2S2T2,PSM,PLO1: Define the terms related to Second Order Control System PLO2: Explain the Effect of addition of Poles to the Second Order Control System,38
V2L-CS,ALM 2.2.2-1        DBST,<b><u>Active Learning Outcomes: 16 min duration.</u></b><br>ALO 2.2.2-1: Describe the Second Order Control System,Active Learning Outcomes: 16 min duration. ALO 2.2.2-1: Describe the Second Order Control System,U2S2T2-1,ALM,ALO 2.2.2-1: Describe the Second Order Control System,16
V2L-CS,ALM 2.2.2-2     DBST,"<b><u>Active Learning Outcomes: 70 min duration.</u></b><br>ALO 2.2.2-2: Determine:
<br>&nbsp; &nbsp; &nbsp; &nbsp; &nbsp; &nbsp; &nbsp; &nbsp; &nbsp; &nbsp; &nbsp; i. Unit Impulse Response of Second Order Control System
<br>&nbsp; &nbsp; &nbsp; &nbsp; &nbsp; &nbsp; &nbsp; &nbsp; &nbsp; &nbsp; &nbsp; ii. Unit-Step Response of Second Order Control System
<br>&nbsp; &nbsp; &nbsp; &nbsp; &nbsp; &nbsp; &nbsp; &nbsp; &nbsp; &nbsp; &nbsp; iii. Unit-Ramp Response of Second Order Control System","Active Learning Outcomes: 70 min duration. ALO 2.2.2-2: Determine:
 i. Unit Impulse Response of Second Order Control System
 ii. Unit-Step Response of Second Order Control System
 iii. Unit-Ramp Response of Second Order Control System",U2S2T2-2,ALM,"ALO 2.2.2-2: Determine:
 i. Unit Impulse Response of Second Order Control System
 ii. Unit-Step Response of Second Order Control System
 iii. Unit-Ramp Response of Second Order Control System",70
V2L-CS,GPSM 2.3,<b><u>GATE Learning Outcomes: 18 min duration.</u></b><br>GLO1: Determine the Steady-state errors due to input step inputs,GATE Learning Outcomes: 18 min duration. GLO1: Determine the Steady-state errors due to input step inputs,U2S3,GPSM,GLO1: Determine the Steady-state errors due to input step inputs,18
V2L-CS,PSM 2.3.1,<b><u>Problem Learning Outcomes: 31 min duration.</u></b><br>PLO1: Explain Steady-State Error for a Unity Feedback Control System<br>PLO2: Explain the Procedure to determine Steady State Error<br>PLO3: Determine the Error Response of the System<br>PLO4: Show the Effect of Error on the Control System,Problem Learning Outcomes: 31 min duration. PLO1: Explain Steady-State Error for a Unity Feedback Control System PLO2: Explain the Procedure to determine Steady State Error PLO3: Determine the Error Response of the System PLO4: Show the Effect of Error on the Control System,U2S3T1,PSM,PLO1: Explain Steady-State Error for a Unity Feedback Control System PLO2: Explain the Procedure to determine Steady State Error PLO3: Determine the Error Response of the System PLO4: Show the Effect of Error on the Control System,31
V2L-CS,"ALM 2.3.1-1, 2 and 3           DBST","<b><u>Active Learning Outcomes: 31 min duration.</u></b><br>ALO 2.3.1-1: Describe the Steady-state Error Analysis<br>ALO 2.3.1-2: Determine, for a Unit-Step Input Signal:<br>&nbsp; &nbsp; &nbsp; &nbsp; &nbsp; &nbsp; &nbsp; &nbsp; &nbsp; &nbsp; &nbsp; i. Steady-state Error
<br>&nbsp; &nbsp; &nbsp; &nbsp; &nbsp; &nbsp; &nbsp; &nbsp; &nbsp; &nbsp; &nbsp; ii. Error Constant
<br>ALO 2.3.1-3: Find the Steady-state Error for different Types of Transfer Function with Unit-Step Input Signal","Active Learning Outcomes: 31 min duration. ALO 2.3.1-1: Describe the Steady-state Error Analysis ALO 2.3.1-2: Determine, for a Unit-Step Input Signal: i. Steady-state Error
 ii. Error Constant
 ALO 2.3.1-3: Find the Steady-state Error for different Types of Transfer Function with Unit-Step Input Signal","U2S3T1-1,23",ALM,"ALO 2.3.1-1: Describe the Steady-state Error Analysis ALO 2.3.1-2: Determine, for a Unit-Step Input Signal: i. Steady-state Error
 ii. Error Constant
 ALO 2.3.1-3: Find the Steady-state Error for different Types of Transfer Function with Unit-Step Input Signal",31
V2L-CS,PSM 2.3.2,<b><u>Problem Learning Outcomes: 36 min duration.</u></b><br>PLO1: Explain the Error Constants<br>PLO2: Derive Steady-State Error Coefficient<br>PLO3: Determine Steady-State Error for the given Inputs,Problem Learning Outcomes: 36 min duration. PLO1: Explain the Error Constants PLO2: Derive Steady-State Error Coefficient PLO3: Determine Steady-State Error for the given Inputs,U2S3T2,PSM,PLO1: Explain the Error Constants PLO2: Derive Steady-State Error Coefficient PLO3: Determine Steady-State Error for the given Inputs,36
V2L-CS,ALM 2.3.2-1 and 2             DBST,<b><u>Active Learning Outcomes: 29 min duration.</u></b><br>ALO 2.3.2-1: Determine the following for a Unit-Ramp Input Signal:<br>&nbsp; &nbsp; &nbsp; &nbsp; &nbsp; &nbsp; &nbsp; &nbsp; &nbsp; &nbsp; &nbsp; i. Steady-state Error and Error Constant<br>&nbsp; &nbsp; &nbsp; &nbsp; &nbsp; &nbsp; &nbsp; &nbsp; &nbsp; &nbsp; &nbsp; ii. Steady-state Errors for different Types of Transfer Function<br>ALO 2.3.2-2: Determine the following for a Unit-Parabolic Input Signal:<br>&nbsp; &nbsp; &nbsp; &nbsp; &nbsp; &nbsp; &nbsp; &nbsp; &nbsp; &nbsp; &nbsp; &nbsp;i. Steady-state Error and Error Constant<br>&nbsp; &nbsp; &nbsp; &nbsp; &nbsp; &nbsp; &nbsp; &nbsp; &nbsp; &nbsp; &nbsp; &nbsp;ii. Steady-state Errors for different Types of Transfer Function,Active Learning Outcomes: 29 min duration. ALO 2.3.2-1: Determine the following for a Unit-Ramp Input Signal: i. Steady-state Error and Error Constant ii. Steady-state Errors for different Types of Transfer Function ALO 2.3.2-2: Determine the following for a Unit-Parabolic Input Signal: i. Steady-state Error and Error Constant ii. Steady-state Errors for different Types of Transfer Function,U2S3T2-12,ALM,ALO 2.3.2-1: Determine the following for a Unit-Ramp Input Signal: i. Steady-state Error and Error Constant ii. Steady-state Errors for different Types of Transfer Function ALO 2.3.2-2: Determine the following for a Unit-Parabolic Input Signal: i. Steady-state Error and Error Constant ii. Steady-state Errors for different Types of Transfer Function,29
V2L-CS,GPSM 3.1,<b><u>GATE Learning Outcomes: 15 min duration.</u></b><br>GLO1: Identify the condition for the stability of a system<br>GLO2: Determine the roots that lie in the left half of s-plane of a system<br>GLO3: Determine the range of gain K for which a system is stable,GATE Learning Outcomes: 15 min duration. GLO1: Identify the condition for the stability of a system GLO2: Determine the roots that lie in the left half of s-plane of a system GLO3: Determine the range of gain K for which a system is stable,U3S1,GPSM,GLO1: Identify the condition for the stability of a system GLO2: Determine the roots that lie in the left half of s-plane of a system GLO3: Determine the range of gain K for which a system is stable,15
V2L-CS,PSM 3.1.1,<b><u>Problem Learning Outcomes: 11 min duration.</u></b><br>PLO1: List the necessary conditions for the Stability<br>PLO2: Differentiate between various states Stability<br>PLO3: Explain Zero input Stability,Problem Learning Outcomes: 11 min duration. PLO1: List the necessary conditions for the Stability PLO2: Differentiate between various states Stability PLO3: Explain Zero input Stability,U3S1T1,PSM,PLO1: List the necessary conditions for the Stability PLO2: Differentiate between various states Stability PLO3: Explain Zero input Stability,11
V2L-CS,ALM 3.1.1-1      DBST,<b><u>Active Learning Outcomes: 25 min duration.</u></b><br>ALO 3.1.1-1: Recall the terms Stability and BIBO Stability,Active Learning Outcomes: 25 min duration. ALO 3.1.1-1: Recall the terms Stability and BIBO Stability,U3S1T1-1,ALM,ALO 3.1.1-1: Recall the terms Stability and BIBO Stability,25
V2L-CS,ALM 3.1.1-2     DBST,<b><u>Active Learning Outcomes: 10 min duration.</u></b><br>ALO 3.1.1-2: Recall Relative Stability and Absolute Stability,Active Learning Outcomes: 10 min duration. ALO 3.1.1-2: Recall Relative Stability and Absolute Stability,U3S1T1-2,ALM,ALO 3.1.1-2: Recall Relative Stability and Absolute Stability,10
V2L-CS,ALM 3.1.1-3     DBST,<b><u>Active Learning Outcomes: 7 min duration.</u></b><br>ALO 3.1.1-3: Differentiate between Relative Stability and Absolute Stability,Active Learning Outcomes: 7 min duration. ALO 3.1.1-3: Differentiate between Relative Stability and Absolute Stability,U3S1T1-3,ALM,ALO 3.1.1-3: Differentiate between Relative Stability and Absolute Stability,7
V2L-CS,PSM 3.1.2,<b><u>Problem Learning Outcomes: 57 min duration.</u></b><br>PLO1: Explain Routh-Hurwitz Stability Criteria and its limitations<br>PLO2: Identify the Stability of a Control System using Routh-Hurwitz Criteria<br>PLO3: Determine the Frequency of Sustained Oscillations,Problem Learning Outcomes: 57 min duration. PLO1: Explain Routh-Hurwitz Stability Criteria and its limitations PLO2: Identify the Stability of a Control System using Routh-Hurwitz Criteria PLO3: Determine the Frequency of Sustained Oscillations,U3S1T2,PSM,PLO1: Explain Routh-Hurwitz Stability Criteria and its limitations PLO2: Identify the Stability of a Control System using Routh-Hurwitz Criteria PLO3: Determine the Frequency of Sustained Oscillations,57
V2L-CS,ALM 3.1.2-1  DBST,<u><b>Active Learning Outcomes: 5 min duration.</b></u><br>ALO 3.1.2-1: Recall different methods of finding stability<br>,Active Learning Outcomes: 5 min duration. ALO 3.1.2-1: Recall different methods of finding stability ,U3S1T2-1,ALM,ALO 3.1.2-1: Recall different methods of finding stability ,5
V2L-CS,ALM 3.1.2-2       DBST,<u><b>Active Learning Outcomes: 32 min duration.</b></u><br>ALO 3.1.2-2: Describe the Routh-Hurwitz Criteria,Active Learning Outcomes: 32 min duration. ALO 3.1.2-2: Describe the Routh-Hurwitz Criteria,U3S1T2-2,ALM,ALO 3.1.2-2: Describe the Routh-Hurwitz Criteria,32
V2L-CS,ALM 3.1.2-3    DBST,<b><u>Active Learning Outcomes: 31 min duration.</u></b><br>ALO 3.1.2-3: Find the Stability of a Control System using Routh-Hurwitz Criteria,Active Learning Outcomes: 31 min duration. ALO 3.1.2-3: Find the Stability of a Control System using Routh-Hurwitz Criteria,U3S1T2-3,ALM,ALO 3.1.2-3: Find the Stability of a Control System using Routh-Hurwitz Criteria,31
V2L-CS,GPSM 3.2,<b><u>GATE Learning Outcomes: 22 min duration.</u></b><br>GLO1: Determine the value of K for different conditions using Root Locus<br>GLO2: Identify the Transfer Function for a given Root-Locus Plot,GATE Learning Outcomes: 22 min duration. GLO1: Determine the value of K for different conditions using Root Locus GLO2: Identify the Transfer Function for a given Root-Locus Plot,U3S2,GPSM,GLO1: Determine the value of K for different conditions using Root Locus GLO2: Identify the Transfer Function for a given Root-Locus Plot,22
V2L-CS,PSM 3.2.1,<b><u>Problem Learning Outcomes: 14 min duration.</u></b><br>PLO1: Explain Root-Locus and method for sketching a Root-Locus<br>PLO2: Explain Stability using Root-Locus,Problem Learning Outcomes: 14 min duration. PLO1: Explain Root-Locus and method for sketching a Root-Locus PLO2: Explain Stability using Root-Locus,U3S2T1,PSM,PLO1: Explain Root-Locus and method for sketching a Root-Locus PLO2: Explain Stability using Root-Locus,14
V2L-CS,ALM 3.2.1-1      DBST,<b><u>Active Learning Outcomes: 12 min duration.</u></b><br>ALO 3.2.1-1: Define Root-Locus,Active Learning Outcomes: 12 min duration. ALO 3.2.1-1: Define Root-Locus,U3S2T1-1,ALM,ALO 3.2.1-1: Define Root-Locus,12
V2L-CS,ALM 3.2.1-2           DBST,<b><u>Active Learning Outcomes: 14 min duration.</u></b><br>ALO 3.2.1-2: Define the terms related to Root-Locus Plot,Active Learning Outcomes: 14 min duration. ALO 3.2.1-2: Define the terms related to Root-Locus Plot,U3S2T1-2,ALM,ALO 3.2.1-2: Define the terms related to Root-Locus Plot,14
V2L-CS,ALM 3.2.1-3           DBST,<b><u>Active Learning Outcomes: 22 min duration.</u></b><br>ALO 3.2.1-3: Recall the procedure for plotting a Root-Locus,Active Learning Outcomes: 22 min duration. ALO 3.2.1-3: Recall the procedure for plotting a Root-Locus,U3S2T1-3,ALM,ALO 3.2.1-3: Recall the procedure for plotting a Root-Locus,22
V2L-CS,PSM 3.2.2,<b><u>Problem Learning Outcomes: 63 min duration.</u></b><br>PLO1: Draw the Root-Locus of given System<br>PLO2: Predict the Stability of Control Systems<br>PLO3: Explain the effect of addition of Poles and Zeros to a Root-Locus,Problem Learning Outcomes: 63 min duration. PLO1: Draw the Root-Locus of given System PLO2: Predict the Stability of Control Systems PLO3: Explain the effect of addition of Poles and Zeros to a Root-Locus,U3S2T2,PSM,PLO1: Draw the Root-Locus of given System PLO2: Predict the Stability of Control Systems PLO3: Explain the effect of addition of Poles and Zeros to a Root-Locus,63
V2L-CS,ALM 3.2.2-1    DBST,<b><u>Active Learning Outcomes: 95 min duration.</u></b><br>ALO 3.2.2-1: Construct a Root-Locus of a given Open-Loop System,Active Learning Outcomes: 95 min duration. ALO 3.2.2-1: Construct a Root-Locus of a given Open-Loop System,U3S2T2-1,ALM,ALO 3.2.2-1: Construct a Root-Locus of a given Open-Loop System,95
V2L-CS,ALM 3.2.2-2    DBST,<b><u>Active Learning Outcomes: 5 min duration.</u></b><br>ALO 3.2.2-2: Find the Gain of a System using Root- Locus,Active Learning Outcomes: 5 min duration. ALO 3.2.2-2: Find the Gain of a System using Root- Locus,U3S2T2-2,ALM,ALO 3.2.2-2: Find the Gain of a System using Root- Locus,5
V2L-CS,ALM 3.2.2-3   DBST,<b><u>Active Learning Outcomes: 16 min duration.</u></b><br>ALO 3.2.2-3: Show the effect of addition of Poles and Zeros to a Root-Locus,Active Learning Outcomes: 16 min duration. ALO 3.2.2-3: Show the effect of addition of Poles and Zeros to a Root-Locus,U3S2T2-3,ALM,ALO 3.2.2-3: Show the effect of addition of Poles and Zeros to a Root-Locus,16
V2L-CS,GPSM 4.1,"<b><u>GATE Learning Outcomes: 18 min duration.</u></b><br>GLO1: Determine the following using Bode Plot for the Systems:
<br>&nbsp; &nbsp; &nbsp; &nbsp; &nbsp; &nbsp;i. Transfer Function
<br>&nbsp; &nbsp; &nbsp; &nbsp; &nbsp; &nbsp;ii. Phase Margin<br>&nbsp; &nbsp; &nbsp; &nbsp; &nbsp; &nbsp;iii. Bandwidth and<br>&nbsp; &nbsp; &nbsp; &nbsp; &nbsp; &nbsp;iv. Maximum value of Gain","GATE Learning Outcomes: 18 min duration. GLO1: Determine the following using Bode Plot for the Systems:
 i. Transfer Function
 ii. Phase Margin iii. Bandwidth and iv. Maximum value of Gain",U4S1,GPSM,"GLO1: Determine the following using Bode Plot for the Systems:
 i. Transfer Function
 ii. Phase Margin iii. Bandwidth and iv. Maximum value of Gain",18
V2L-CS,PSM 4.1.1,<b><u>Problem Learning Outcomes: 14 min duration.</u></b><br>PLO1: Explain the Frequency Domain Specifications<br>PLO2: Explain the effects of adding Poles and Zeros to the forward path of a Transfer Function<br>PLO3: Determine the following in a Second-order Control System for a Unit-Step input:<br>&nbsp; &nbsp; &nbsp; &nbsp; &nbsp; &nbsp;i. Rise Time <br>&nbsp; &nbsp; &nbsp; &nbsp; &nbsp; &nbsp;ii. Settling Time<br>&nbsp; &nbsp; &nbsp; &nbsp; &nbsp; &nbsp;iii. Value of Peak overshoot,Problem Learning Outcomes: 14 min duration. PLO1: Explain the Frequency Domain Specifications PLO2: Explain the effects of adding Poles and Zeros to the forward path of a Transfer Function PLO3: Determine the following in a Second-order Control System for a Unit-Step input: i. Rise Time  ii. Settling Time iii. Value of Peak overshoot,U4S1T1,PSM,PLO1: Explain the Frequency Domain Specifications PLO2: Explain the effects of adding Poles and Zeros to the forward path of a Transfer Function PLO3: Determine the following in a Second-order Control System for a Unit-Step input: i. Rise Time  ii. Settling Time iii. Value of Peak overshoot,14
V2L-CS,ALM 4.1.1-1          DBST,<b><u>Active Learning Outcomes: 21 min duration.</u></b><br>ALO 4.1.1-1: Recall Frequency domain specifications,Active Learning Outcomes: 21 min duration. ALO 4.1.1-1: Recall Frequency domain specifications,U4S1T1-1,ALM,ALO 4.1.1-1: Recall Frequency domain specifications,21
V2L-CS,ALM 4.1.1-2         DBST,<b><u>Active Learning Outcomes: 15 min duration.</u></b><br>ALO 4.1.1-2: Find the co-relation between Time-Domain and Frequency-Domain Specifications,Active Learning Outcomes: 15 min duration. ALO 4.1.1-2: Find the co-relation between Time-Domain and Frequency-Domain Specifications,U4S1T1-2,ALM,ALO 4.1.1-2: Find the co-relation between Time-Domain and Frequency-Domain Specifications,15
V2L-CS,ALM 4.1.1-3          DBST,<b><u>Active Learning Outcomes: 8 min duration.</u></b><br>ALO 4.1.1-3: Recall Advantages of Frequency-Domain Method,Active Learning Outcomes: 8 min duration. ALO 4.1.1-3: Recall Advantages of Frequency-Domain Method,U4S1T1-3,ALM,ALO 4.1.1-3: Recall Advantages of Frequency-Domain Method,8
V2L-CS,PSM 4.1.2,<b><u>Problem Learning Outcomes: 66 min duration.</u></b><br>PLO1: Explain Bode Plot and list its advantages <br>PLO2: Explain the procedure to draw a Bode Plot<br>PLO3: Draw a Bode Plot for a given Transfer Function,Problem Learning Outcomes: 66 min duration. PLO1: Explain Bode Plot and list its advantages  PLO2: Explain the procedure to draw a Bode Plot PLO3: Draw a Bode Plot for a given Transfer Function,U4S1T2,PSM,PLO1: Explain Bode Plot and list its advantages  PLO2: Explain the procedure to draw a Bode Plot PLO3: Draw a Bode Plot for a given Transfer Function,66
V2L-CS,ALM 4.1.2-1        DBST,<b><u>Active Learning Outcomes: 94 min duration.</u></b><br>ALO 4.1.2-1: Recall Bode Plot,Active Learning Outcomes: 94 min duration. ALO 4.1.2-1: Recall Bode Plot,U4S1T2-1,ALM,ALO 4.1.2-1: Recall Bode Plot,94
V2L-CS,ALM 4.1.2-2         DBST,<b><u>Active Learning Outcomes: 62 min duration.</u></b><br>ALO 4.1.2-2: Design Bode Plot,Active Learning Outcomes: 62 min duration. ALO 4.1.2-2: Design Bode Plot,U4S1T2-2,ALM,ALO 4.1.2-2: Design Bode Plot,62
V2L-CS,ALM 4.1.2-3         DBST,<b><u>Active Learning Outcomes: 65 min duration.</u></b><br>ALO 4.1.2-3: Recall the Frequency Domain Specifications obtained from Bode Plots,Active Learning Outcomes: 65 min duration. ALO 4.1.2-3: Recall the Frequency Domain Specifications obtained from Bode Plots,U4S1T2-3,ALM,ALO 4.1.2-3: Recall the Frequency Domain Specifications obtained from Bode Plots,65
V2L-CS,PSM 4.1.3,<b><u>Problem Learning Outcomes: 24 min duration.</u></b><br>PLO1: Explain Gain Margin and Phase Margin using Bode Plot<br>PLO2: Determine the Transfer Function for a given Bode Plot<br>PLO3: Determine the Stability of the System for a given Bode Plot,Problem Learning Outcomes: 24 min duration. PLO1: Explain Gain Margin and Phase Margin using Bode Plot PLO2: Determine the Transfer Function for a given Bode Plot PLO3: Determine the Stability of the System for a given Bode Plot,U4S1T3,PSM,PLO1: Explain Gain Margin and Phase Margin using Bode Plot PLO2: Determine the Transfer Function for a given Bode Plot PLO3: Determine the Stability of the System for a given Bode Plot,24
V2L-CS,ALM 4.1.3-1   DBST,<b><u>Active Learning Outcomes: 45 min duration.</u></b><br>ALO 4.1.3-1: Find the stability of the System and Specify Gain and Phase margin from Bode Plots,Active Learning Outcomes: 45 min duration. ALO 4.1.3-1: Find the stability of the System and Specify Gain and Phase margin from Bode Plots,U4S1T3-1,ALM,ALO 4.1.3-1: Find the stability of the System and Specify Gain and Phase margin from Bode Plots,45
V2L-CS,ALM 4.1.3-2      DBST,<b><u>Active Learning Outcomes: 8 min duration.</u></b><br>ALO 4.1.3-2: Recall the Bode Plots of the Systems with pure Time Delays,Active Learning Outcomes: 8 min duration. ALO 4.1.3-2: Recall the Bode Plots of the Systems with pure Time Delays,U4S1T3-2,ALM,ALO 4.1.3-2: Recall the Bode Plots of the Systems with pure Time Delays,8
V2L-CS,ALM 4.1.3-3      DBST,<b><u>Active Learning Outcomes: 18 min duration.</u></b><br>ALO 4.1.3-1: Find the System Type and Error Constants from Bode-Magnitude Plot,Active Learning Outcomes: 18 min duration. ALO 4.1.3-1: Find the System Type and Error Constants from Bode-Magnitude Plot,U4S1T3-3,ALM,ALO 4.1.3-1: Find the System Type and Error Constants from Bode-Magnitude Plot,18
V2L-CS,ALM 4.1.3-4    DBST,<b><u>Active Learning Outcomes: 20 min duration.</u></b><br>ALO 4.1.3-4: Recall steps to find Transfer Functions from the Bode-Magnitude Plot,Active Learning Outcomes: 20 min duration. ALO 4.1.3-4: Recall steps to find Transfer Functions from the Bode-Magnitude Plot,U4S1T3-4,ALM,ALO 4.1.3-4: Recall steps to find Transfer Functions from the Bode-Magnitude Plot,20
V2L-CS,GPSM 4.2,"<b><u>GATE Learning Outcomes: 20 min duration.</u></b><br>GLO1: Identify the correct statements for the following statements:
<br>&nbsp; &nbsp; &nbsp; &nbsp; &nbsp; &nbsp;i. Condition for Stability using Nyquist Plot
<br>&nbsp; &nbsp; &nbsp; &nbsp; &nbsp; &nbsp;ii. Nyquist stability criterion and the Routh criterion<br>GLO2: Determine the quadrant of polar plot and identify the correct Nyquist plot","GATE Learning Outcomes: 20 min duration. GLO1: Identify the correct statements for the following statements:
 i. Condition for Stability using Nyquist Plot
 ii. Nyquist stability criterion and the Routh criterion GLO2: Determine the quadrant of polar plot and identify the correct Nyquist plot",U4S2,GPSM,"GLO1: Identify the correct statements for the following statements:
 i. Condition for Stability using Nyquist Plot
 ii. Nyquist stability criterion and the Routh criterion GLO2: Determine the quadrant of polar plot and identify the correct Nyquist plot",20
V2L-CS,PSM 4.2.1,<b><u>Problem Learning Outcomes: 17 min duration.</u></b><br>PLO1: Explain Polar Plot<br>PLO2: Draw a Polar Plot for the given Transfer Function,Problem Learning Outcomes: 17 min duration. PLO1: Explain Polar Plot PLO2: Draw a Polar Plot for the given Transfer Function,U4S2T1,PSM,PLO1: Explain Polar Plot PLO2: Draw a Polar Plot for the given Transfer Function,17
V2L-CS,ALM 4.2.1-1                       DBST,<b><u>Active Learning Outcomes: 21 min duration.</u></b><br>ALO 4.2.1-1: Recall Polar Plots,Active Learning Outcomes: 21 min duration. ALO 4.2.1-1: Recall Polar Plots,U4S2T1-1,ALM,ALO 4.2.1-1: Recall Polar Plots,21
V2L-CS,ALM 4.2.1-2                DBST,<b><u>Active Learning Outcomes: 59 min duration.</u></b><br>ALO 4.2.1-2: Design a Polar Plot with the given Transfer Function,Active Learning Outcomes: 59 min duration. ALO 4.2.1-2: Design a Polar Plot with the given Transfer Function,U4S2T1-2,ALM,ALO 4.2.1-2: Design a Polar Plot with the given Transfer Function,59
V2L-CS,ALM 4.2.1-3            DBST,<b><u>Active Learning Outcomes: 10 min duration.</u></b><br>ALO 4.2.1-3: Find the Stability of a System using Polar Plot,Active Learning Outcomes: 10 min duration. ALO 4.2.1-3: Find the Stability of a System using Polar Plot,U4S2T1-3,ALM,ALO 4.2.1-3: Find the Stability of a System using Polar Plot,10
V2L-CS,PSM 4.2.2,<b><u>Problem Learning Outcomes: 8 min duration.</u></b><br>PLO1: Explain Gain Margin and Phase Margin using Polar Plot<br>PLO2: Calculate the Gain Margin and Phase Margin of a Polar Plot,Problem Learning Outcomes: 8 min duration. PLO1: Explain Gain Margin and Phase Margin using Polar Plot PLO2: Calculate the Gain Margin and Phase Margin of a Polar Plot,U4S2T2,PSM,PLO1: Explain Gain Margin and Phase Margin using Polar Plot PLO2: Calculate the Gain Margin and Phase Margin of a Polar Plot,8
V2L-CS,ALM 4.2.2-1      DBST,<b><u>Active Learning Outcomes: 17 min duration.</u></b><br>ALO 4.2.2-1: Recall the Gain Margin and Phase Margin using Polar Plot,Active Learning Outcomes: 17 min duration. ALO 4.2.2-1: Recall the Gain Margin and Phase Margin using Polar Plot,U4S2T2-1,ALM,ALO 4.2.2-1: Recall the Gain Margin and Phase Margin using Polar Plot,17
V2L-CS,ALM 4.2.2-2     DBST,<b><u>Active Learning Outcomes: 12 min duration.</u></b><br>ALO 4.2.2-2: Determine the Gain Margin and Phase Margin using Polar Plot,Active Learning Outcomes: 12 min duration. ALO 4.2.2-2: Determine the Gain Margin and Phase Margin using Polar Plot,U4S2T2-2,ALM,ALO 4.2.2-2: Determine the Gain Margin and Phase Margin using Polar Plot,12
V2L-CS,PSM 4.2.3,<b><u>Problem Learning Outcomes: 55 min duration.</u></b><br>PLO1: Explain Nyquist Stability Criteria<br>PLO2: Draw the Nyquist Plot for a given Transfer Function<br>PLO3: Determine the Stability of a System using Nyquist Criteria,Problem Learning Outcomes: 55 min duration. PLO1: Explain Nyquist Stability Criteria PLO2: Draw the Nyquist Plot for a given Transfer Function PLO3: Determine the Stability of a System using Nyquist Criteria,U4S2T3,PSM,PLO1: Explain Nyquist Stability Criteria PLO2: Draw the Nyquist Plot for a given Transfer Function PLO3: Determine the Stability of a System using Nyquist Criteria,55
V2L-CS,ALM 4.2.3-1     DBST,<b><u>Active Learning Outcomes: 25 min duration.</u></b><br>ALO 4.2.3-1: Recall Nyquist Stability Criteria,Active Learning Outcomes: 25 min duration. ALO 4.2.3-1: Recall Nyquist Stability Criteria,U4S2T3-1,ALM,ALO 4.2.3-1: Recall Nyquist Stability Criteria,25
V2L-CS,ALM 4.2.3-2     DBST,<b><u>Active Learning Outcomes: 32 min duration.</u></b><br>ALO 4.2.3-2: Determine the Stability of a System using Nyquist Criteria,Active Learning Outcomes: 32 min duration. ALO 4.2.3-2: Determine the Stability of a System using Nyquist Criteria,U4S2T3-2,ALM,ALO 4.2.3-2: Determine the Stability of a System using Nyquist Criteria,32
V2L-CS,ALM 4.2.3-3     DBST,<b><u>Active Learning Outcomes: 3 min duration.</u></b><br>ALO 4.2.3-3: Differentiate between Nyquist Criteria and Polar Plot,Active Learning Outcomes: 3 min duration. ALO 4.2.3-3: Differentiate between Nyquist Criteria and Polar Plot,U4S2T3-3,ALM,ALO 4.2.3-3: Differentiate between Nyquist Criteria and Polar Plot,3
V2L-CS,PSM 4.3.1,<b><u>Problem Learning Outcomes: 7 min duration.</u></b><br>PLO1: Explain Constant Magnitude Locus(M-Circle)<br>PLO2: Explain Constant Phase Angle Loci(N-Circle),Problem Learning Outcomes: 7 min duration. PLO1: Explain Constant Magnitude Locus(M-Circle) PLO2: Explain Constant Phase Angle Loci(N-Circle),U4S3T1,PSM,PLO1: Explain Constant Magnitude Locus(M-Circle) PLO2: Explain Constant Phase Angle Loci(N-Circle),7
V2L-CS,ALM 4.3.1-1          DBST,<b><u>Active Learning Outcomes: 6 min duration.</u></b><br>ALO 4.3.1-1: Recall Nichols Chart,Active Learning Outcomes: 6 min duration. ALO 4.3.1-1: Recall Nichols Chart,U4S3T1-1,ALM,ALO 4.3.1-1: Recall Nichols Chart,6
V2L-CS,ALM 4.3.1-2                   DBST,<b><u>Active Learning Outcomes: 15 min duration.</u></b><br>ALO 4.3.1-2: Describe Constant Magnitude Locus(M-Circle),Active Learning Outcomes: 15 min duration. ALO 4.3.1-2: Describe Constant Magnitude Locus(M-Circle),U4S3T1-2,ALM,ALO 4.3.1-2: Describe Constant Magnitude Locus(M-Circle),15
V2L-CS,ALM4.3.1-3              DBST,<b><u>Active Learning Outcomes: 8 min duration.</u></b><br>ALO 4.3.1-3: Describe Constant Phase Angle Loci(N-Circle),Active Learning Outcomes: 8 min duration. ALO 4.3.1-3: Describe Constant Phase Angle Loci(N-Circle),U4S3T1-3,ALM,ALO 4.3.1-3: Describe Constant Phase Angle Loci(N-Circle),8
V2L-CS,PSM 4.3.2,<b><u>Problem Learning Outcomes: 4 min duration.</u></b><br>PLO1: Explain Minimum and Non-minimum Phase Systems<br>PLO2: Explain the All-Pass System,Problem Learning Outcomes: 4 min duration. PLO1: Explain Minimum and Non-minimum Phase Systems PLO2: Explain the All-Pass System,U4S3T2,PSM,PLO1: Explain Minimum and Non-minimum Phase Systems PLO2: Explain the All-Pass System,4
V2L-CS,ALM 4.3.2-1    DBST,"<b><u>Active Learning Outcomes: 23 min duration.</u></b><br>ALO 4.3.2-1: Recall the following Transfer Functions:&nbsp;Minimum Phase Transfer Function,&nbsp;Non-Minimum Phase Transfer Function, and&nbsp;All-Pass Transfer Function","Active Learning Outcomes: 23 min duration. ALO 4.3.2-1: Recall the following Transfer Functions:Minimum Phase Transfer Function,Non-Minimum Phase Transfer Function, andAll-Pass Transfer Function",U4S3T2-1,ALM,"ALO 4.3.2-1: Recall the following Transfer Functions:Minimum Phase Transfer Function,Non-Minimum Phase Transfer Function, andAll-Pass Transfer Function",23
V2L-CS,GPSM 5.1,<b><u>GATE Learning Outcomes: 22 min duration.</u></b><br>GLO1: Determine the response of a State-variable representation of a system<br>GLO2: Find the State-transition matrix of a System<br>GLO3: Determine the Coefficient Matrix which  satisfy the given Transfer Function,GATE Learning Outcomes: 22 min duration. GLO1: Determine the response of a State-variable representation of a system GLO2: Find the State-transition matrix of a System GLO3: Determine the Coefficient Matrix which  satisfy the given Transfer Function,U5S1,GPSM,GLO1: Determine the response of a State-variable representation of a system GLO2: Find the State-transition matrix of a System GLO3: Determine the Coefficient Matrix which  satisfy the given Transfer Function,22
V2L-CS,PSM 5.1.1,<b><u>Problem Learning Outcomes: 53 min duration.</u></b><br>PLO1: Explain the State-Space Variables and State Space Representation<br>PLO2: Construct the State Model from the Transfer Functions<br>PLO3: Construct a State Model from the RLC Network<br>PLO4: Show the State-Space Representation of the System,Problem Learning Outcomes: 53 min duration. PLO1: Explain the State-Space Variables and State Space Representation PLO2: Construct the State Model from the Transfer Functions PLO3: Construct a State Model from the RLC Network PLO4: Show the State-Space Representation of the System,U5S1T1,PSM,PLO1: Explain the State-Space Variables and State Space Representation PLO2: Construct the State Model from the Transfer Functions PLO3: Construct a State Model from the RLC Network PLO4: Show the State-Space Representation of the System,53
V2L-CS,ALM 5.1.1-1       DBST,"<b><u>Active Learning Outcomes: 37 min duration.</u></b><br>ALO 5.1.1-1: Recall the following terms: State, State Variables, and State Vector","Active Learning Outcomes: 37 min duration. ALO 5.1.1-1: Recall the following terms: State, State Variables, and State Vector",U5S1T1-1,ALM,"ALO 5.1.1-1: Recall the following terms: State, State Variables, and State Vector",37
V2L-CS,ALM 5.1.1-2      DBST,<b><u>Active Learning Outcomes: 38 min duration.</u></b><br>ALO 5.1.1-2: Describe State Model with the help of suitable example,Active Learning Outcomes: 38 min duration. ALO 5.1.1-2: Describe State Model with the help of suitable example,U5S1T1-2,ALM,ALO 5.1.1-2: Describe State Model with the help of suitable example,38
V2L-CS,ALM 5.1.1-3       DBST,<b><u>Active Learning Outcomes: 42 min duration.</u></b><br>ALO 5.1.1-3: Recall State Diagram and explain the methods for the derivation of State Model,Active Learning Outcomes: 42 min duration. ALO 5.1.1-3: Recall State Diagram and explain the methods for the derivation of State Model,U5S1T1-3,ALM,ALO 5.1.1-3: Recall State Diagram and explain the methods for the derivation of State Model,42
V2L-CS,PSM 5.1.2,<b><u>Problem Learning Outcomes: 55 min duration.</u></b><br>PLO1: Explain the methods of Decomposition of Transfer Function<br>PLO2: Determine the State Models from the Transfer Functions<br>PLO3: Determine the State Models by using Foster’s Form and Jordan Canonical Form,Problem Learning Outcomes: 55 min duration. PLO1: Explain the methods of Decomposition of Transfer Function PLO2: Determine the State Models from the Transfer Functions PLO3: Determine the State Models by using Foster’s Form and Jordan Canonical Form,U5S1T2,PSM,PLO1: Explain the methods of Decomposition of Transfer Function PLO2: Determine the State Models from the Transfer Functions PLO3: Determine the State Models by using Foster’s Form and Jordan Canonical Form,55
V2L-CS,ALM 5.1.2-1       DBST,"<b><u>Active Learning Outcomes: 42 min duration.</u></b><br>ALO 5.1.2-1: Recall the following methods of Decomposition of Transfer Function: Direct Decomposition, Cascade Decomposition, Parallel Decomposition, and Jordan’s Canonical Form","Active Learning Outcomes: 42 min duration. ALO 5.1.2-1: Recall the following methods of Decomposition of Transfer Function: Direct Decomposition, Cascade Decomposition, Parallel Decomposition, and Jordan’s Canonical Form",U5S1T2-1,ALM,"ALO 5.1.2-1: Recall the following methods of Decomposition of Transfer Function: Direct Decomposition, Cascade Decomposition, Parallel Decomposition, and Jordan’s Canonical Form",42
V2L-CS,PSM 5.1.3,<b><u>Problem Learning Outcomes: 23 min duration.</u></b><br>PLO1: Find the Diagonal of a Matrix<br>PLO2: Find the Eigen-values and determine the stability of a System<br>PLO3: Determine the Similarity Transformation of a Matrix,Problem Learning Outcomes: 23 min duration. PLO1: Find the Diagonal of a Matrix PLO2: Find the Eigen-values and determine the stability of a System PLO3: Determine the Similarity Transformation of a Matrix,U5S1T3,PSM,PLO1: Find the Diagonal of a Matrix PLO2: Find the Eigen-values and determine the stability of a System PLO3: Determine the Similarity Transformation of a Matrix,23
V2L-CS,ALM 5.1.3-1      DBST,<b><u>Active Learning Outcomes: 6 min duration.</u></b><br>ALO 5.1.3-1: Recall Diagonalization of a Matrix,Active Learning Outcomes: 6 min duration. ALO 5.1.3-1: Recall Diagonalization of a Matrix,U5S1T3-1,ALM,ALO 5.1.3-1: Recall Diagonalization of a Matrix,6
V2L-CS,ALM 5.1.3-2     DBST,<b><u>Active Learning Outcomes: 11 min duration.</u></b><br>ALO 5.1.3-2: Recall the Eigen-values and the Stability of a Transfer Function,Active Learning Outcomes: 11 min duration. ALO 5.1.3-2: Recall the Eigen-values and the Stability of a Transfer Function,U5S1T3-2,ALM,ALO 5.1.3-2: Recall the Eigen-values and the Stability of a Transfer Function,11
V2L-CS,ALM 5.1.3-3     DBST,<b><u>Active Learning Outcomes: 5 min duration.</u></b><br>ALO 5.1.3-3: Describe the Similarity Transformation of a Matrix,Active Learning Outcomes: 5 min duration. ALO 5.1.3-3: Describe the Similarity Transformation of a Matrix,U5S1T3-3,ALM,ALO 5.1.3-3: Describe the Similarity Transformation of a Matrix,5
V2L-CS,PSM 5.1.4,"<b><u>Problem Learning Outcomes: 53 min duration.</u></b><br>PLO1: Explain State Equation, State Transition Matrix and the properties of State Transition Matrix<br>PLO2: Relate State Equation and Transfer Functions<br>PLO3: Find the Transfer Function from the State Model of a System<br>PLO4: Determine the State Transition Matrix of the Systems","Problem Learning Outcomes: 53 min duration. PLO1: Explain State Equation, State Transition Matrix and the properties of State Transition Matrix PLO2: Relate State Equation and Transfer Functions PLO3: Find the Transfer Function from the State Model of a System PLO4: Determine the State Transition Matrix of the Systems",U5S1T4,PSM,"PLO1: Explain State Equation, State Transition Matrix and the properties of State Transition Matrix PLO2: Relate State Equation and Transfer Functions PLO3: Find the Transfer Function from the State Model of a System PLO4: Determine the State Transition Matrix of the Systems",53
V2L-CS,GPSM 5.2,<b><u>GATE Learning Outcomes: 15 min duration.</u></b><br>GLO1: Identify a System is Controllable and Observable or not<br>GLO2: Determine the condition for which a system is controllable,GATE Learning Outcomes: 15 min duration. GLO1: Identify a System is Controllable and Observable or not GLO2: Determine the condition for which a system is controllable,U5S2,GPSM,GLO1: Identify a System is Controllable and Observable or not GLO2: Determine the condition for which a system is controllable,15
V2L-CS,PSM 5.2.1,<b><u>Problem Learning Outcomes: 16 min duration.</u></b><br>PLO1: Determine whether the system is controllable,Problem Learning Outcomes: 16 min duration. PLO1: Determine whether the system is controllable,U5S2T1,PSM,PLO1: Determine whether the system is controllable,16
V2L-CS,ALM 5.2.1-1             DBST,<b><u>Active Learning Outcomes: 13 min duration.</u></b><br>ALO 5.2.1-1: Recall the concept of Controllability,Active Learning Outcomes: 13 min duration. ALO 5.2.1-1: Recall the concept of Controllability,U5S2T1-1,ALM,ALO 5.2.1-1: Recall the concept of Controllability,13
V2L-CS,ALM 5.2.1-2                  DBST,<b><u>Active Learning Outcomes: 17 min duration.</u></b><br>ALO 5.2.1-2: Verify the Controllbility of a Control System,Active Learning Outcomes: 17 min duration. ALO 5.2.1-2: Verify the Controllbility of a Control System,U5S2T1-2,ALM,ALO 5.2.1-2: Verify the Controllbility of a Control System,17
V2L-CS,PSM 5.2.2,<b><u>Problem Learning Outcomes: 18 min duration.</u></b><br>PLO1: Explain the concept of Controllability and Observability<br>PLO2: Determine whether the system is controllable and Observable,Problem Learning Outcomes: 18 min duration. PLO1: Explain the concept of Controllability and Observability PLO2: Determine whether the system is controllable and Observable,U5S2T2,PSM,PLO1: Explain the concept of Controllability and Observability PLO2: Determine whether the system is controllable and Observable,18
V2L-CS,ALM 5.2.2-1             DBST,<b><u>Active Learning Outcomes: 5 min duration.</u></b><br>ALO 5.2.2-1: Recall the Concept of Observability,Active Learning Outcomes: 5 min duration. ALO 5.2.2-1: Recall the Concept of Observability,U5S2T2-1,ALM,ALO 5.2.2-1: Recall the Concept of Observability,5
V2L-CS,ALM 5.2.2-2                 DBST,<b><u>Active Learning Outcomes: 16 min duration.</u></b><br>ALO 5.2.2-2: Verify the Observability of a Control System,Active Learning Outcomes: 16 min duration. ALO 5.2.2-2: Verify the Observability of a Control System,U5S2T2-2,ALM,ALO 5.2.2-2: Verify the Observability of a Control System,16
V2L-CS,GPSM 6.1,<b><u>GATE Learning Outcomes: 21 min duration.</u></b><br>GLO1: Identify the conditions for the Lead Compensators<br>GLO2: Find the value of RC in a Lead-compensator network<br>GLO3: Identify the pole-zero configuration of a Lag Compensator<br>GLO4: Determine the value of open loop gain for a Compensator,GATE Learning Outcomes: 21 min duration. GLO1: Identify the conditions for the Lead Compensators GLO2: Find the value of RC in a Lead-compensator network GLO3: Identify the pole-zero configuration of a Lag Compensator GLO4: Determine the value of open loop gain for a Compensator,U6S1,GPSM,GLO1: Identify the conditions for the Lead Compensators GLO2: Find the value of RC in a Lead-compensator network GLO3: Identify the pole-zero configuration of a Lag Compensator GLO4: Determine the value of open loop gain for a Compensator,21
V2L-CS,PSM 6.1.1,<b><u>Problem Learning Outcomes: 14 min duration.</u></b><br>PLO1: Explain Compensation and types of Compensation Circuits,Problem Learning Outcomes: 14 min duration. PLO1: Explain Compensation and types of Compensation Circuits,U6S1T1,PSM,PLO1: Explain Compensation and types of Compensation Circuits,14
V2L-CS,ALM 6.1.1-1         DBST,<b><u>Active Learning Outcomes: 19 min duration.</u></b><br>ALO 6.1.1-1: Recall the term Compensation and the types of Compensators,Active Learning Outcomes: 19 min duration. ALO 6.1.1-1: Recall the term Compensation and the types of Compensators,U6S1T1-1,ALM,ALO 6.1.1-1: Recall the term Compensation and the types of Compensators,19
V2L-CS,ALM 6.1.1-2        DBST,<b><u>Active Learning Outcomes: 23 min duration.</u></b><br>ALO 6.1.1-2: Describe Lead Compensator,Active Learning Outcomes: 23 min duration. ALO 6.1.1-2: Describe Lead Compensator,U6S1T1-2,ALM,ALO 6.1.1-2: Describe Lead Compensator,23
V2L-CS,ALM 6.1.1-3      DBST,<b><u>Active Learning Outcomes: 11 min duration.</u></b><br>ALO 6.1.1-3: Describe Lag Compensator,Active Learning Outcomes: 11 min duration. ALO 6.1.1-3: Describe Lag Compensator,U6S1T1-3,ALM,ALO 6.1.1-3: Describe Lag Compensator,11
V2L-CS,ALM 6.1.1-4        DBST,<b><u>Active Learning Outcomes: 8 min duration.</u></b><br>ALO 6.1.1-4: Describe Lead-Lag Compensator,Active Learning Outcomes: 8 min duration. ALO 6.1.1-4: Describe Lead-Lag Compensator,U6S1T1-4,ALM,ALO 6.1.1-4: Describe Lead-Lag Compensator,8
V2L-CS,PSM 6.1.2,<b><u>Problem Learning Outcomes: 74 min duration.</u></b><br>PLO1: Explain the method to design Compensation System<br>PLO2: Design Compensation System,Problem Learning Outcomes: 74 min duration. PLO1: Explain the method to design Compensation System PLO2: Design Compensation System,U6S1T2,PSM,PLO1: Explain the method to design Compensation System PLO2: Design Compensation System,74
V2L-CS,ALM 6.1.2-1      DBST,<b><u>Active Learning Outcomes: 14 min duration.</u></b><br>ALO 6.1.2-1: Recall Compensators using Op-Amp,Active Learning Outcomes: 14 min duration. ALO 6.1.2-1: Recall Compensators using Op-Amp,U6S1T2-1,ALM,ALO 6.1.2-1: Recall Compensators using Op-Amp,14
V2L-CS,ALM 6.1.2-2        DBST,<b><u>Active Learning Outcomes: 27 min duration.</u></b><br>ALO 6.1.2-2: Design Compensators using Bode-Plots,Active Learning Outcomes: 27 min duration. ALO 6.1.2-2: Design Compensators using Bode-Plots,U6S1T2-2,ALM,ALO 6.1.2-2: Design Compensators using Bode-Plots,27
V2L-CS,ALM 6.1.2-3       DBST,<b><u>Active Learning Outcomes: 23 min duration.</u></b><br>ALO 6.1.2-3: Design Compensators using Root-Locus method,Active Learning Outcomes: 23 min duration. ALO 6.1.2-3: Design Compensators using Root-Locus method,U6S1T2-3,ALM,ALO 6.1.2-3: Design Compensators using Root-Locus method,23
V2L-CS,ALM 6.1.2-4        DBST,<b><u>Active Learning Outcomes: 10 min duration.</u></b><br>ALO 6.1.2-4: Recall the advantages and disadvantages of Compensators,Active Learning Outcomes: 10 min duration. ALO 6.1.2-4: Recall the advantages and disadvantages of Compensators,U6S1T2-4,ALM,ALO 6.1.2-4: Recall the advantages and disadvantages of Compensators,10
V2L-CS,GPSM 6.2,<b><u>GATE Learning Outcomes: 10 min duration.</u></b><br>GLO1: Determine the T.F which gives minimum steady-state error<br>GLO2: Find the condition for which a Controller acts as a Phase-lead Compensator,GATE Learning Outcomes: 10 min duration. GLO1: Determine the T.F which gives minimum steady-state error GLO2: Find the condition for which a Controller acts as a Phase-lead Compensator,U6S2,GPSM,GLO1: Determine the T.F which gives minimum steady-state error GLO2: Find the condition for which a Controller acts as a Phase-lead Compensator,10
V2L-CS,PSM 6.2.1,<b><u>Problem Learning Outcomes: -- min duration.</u></b><br>PLO1: Explain Controllers<br>PLO2: Derive the parameters of Second-order Control System having Derivative Controller,Problem Learning Outcomes: -- min duration. PLO1: Explain Controllers PLO2: Derive the parameters of Second-order Control System having Derivative Controller,U6S2T1,PSM,PLO1: Explain Controllers PLO2: Derive the parameters of Second-order Control System having Derivative Controller,0
V2L-CS,ALM 6.2.1-1          DBST,<b><u>Active Learning Outcomes: 13 min duration.</u></b><br>ALO 6.2.1-1: Recall Controllers,Active Learning Outcomes: 13 min duration. ALO 6.2.1-1: Recall Controllers,U6S2T1-1,ALM,ALO 6.2.1-1: Recall Controllers,13
V2L-CS,ALM 6.2.1-2      DBST,<b><u>Active Learning Outcomes: 36 min duration.</u></b><br>ALO 6.2.1-2: Describe the Proportional Controllers,Active Learning Outcomes: 36 min duration. ALO 6.2.1-2: Describe the Proportional Controllers,U6S2T1-2,ALM,ALO 6.2.1-2: Describe the Proportional Controllers,36
V2L-CS,ALM 6.2.1-3      DBST,<b><u>Active Learning Outcomes: 9 min duration.</u></b><br>ALO 6.2.1-3: Describe the Derivative Controllers,Active Learning Outcomes: 9 min duration. ALO 6.2.1-3: Describe the Derivative Controllers,U6S2T1-3,ALM,ALO 6.2.1-3: Describe the Derivative Controllers,9
V2L-CS,ALM 6.2.1-4     DBST,<b><u>Active Learning Outcomes: 11 min duration.</u></b><br>ALO 6.2.1-4: Describe the Integral Controllers,Active Learning Outcomes: 11 min duration. ALO 6.2.1-4: Describe the Integral Controllers,U6S2T1-4,ALM,ALO 6.2.1-4: Describe the Integral Controllers,11
V2L-CS,ALM 6.2.2        DBST,"<b><u>Active Learning Outcomes: 23 min duration.</u></b><br>ALO 6.2.2-1: Describe the following Controllers:
<br>&nbsp; &nbsp; &nbsp; &nbsp; &nbsp; &nbsp; &nbsp; &nbsp; &nbsp; &nbsp; &nbsp; i. Proportional + Derivative Controller
<br>&nbsp; &nbsp; &nbsp; &nbsp; &nbsp; &nbsp; &nbsp; &nbsp; &nbsp; &nbsp; &nbsp; ii . Proportional + Integral Controller","Active Learning Outcomes: 23 min duration. ALO 6.2.2-1: Describe the following Controllers:
 i. Proportional + Derivative Controller
 ii . Proportional + Integral Controller",U6S2T2,ALM,"ALO 6.2.2-1: Describe the following Controllers:
 i. Proportional + Derivative Controller
 ii . Proportional + Integral Controller",23
V2L-CS,PSM 6.2.2,<b><u>Problem Learning Outcomes: 27 min duration.</u></b><br>PLO1: Explain the following Controllers: <br>&nbsp; &nbsp; &nbsp; &nbsp; &nbsp; i. Proportional + Derivative Controller<br>&nbsp; &nbsp; &nbsp; &nbsp; &nbsp; ii. Proportional + Integral Controller<br>PLO2: Determine the Controller constants<br>PLO3: Draw the controller output with respect to time for the given condition,Problem Learning Outcomes: 27 min duration. PLO1: Explain the following Controllers:  i. Proportional + Derivative Controller ii. Proportional + Integral Controller PLO2: Determine the Controller constants PLO3: Draw the controller output with respect to time for the given condition,U6S2T2,PSM,PLO1: Explain the following Controllers:  i. Proportional + Derivative Controller ii. Proportional + Integral Controller PLO2: Determine the Controller constants PLO3: Draw the controller output with respect to time for the given condition,27
V2L-CS,PSM 6.2.3,<b><u>Problem Learning Outcomes: 32 min duration.</u></b><br>PLO1: Explain the Proportional + Derivative + Integral (PID) Controller<br>PLO2: Draw the sketch of PID controller with respect to time<br>PLO3: Design a PID Controller,Problem Learning Outcomes: 32 min duration. PLO1: Explain the Proportional + Derivative + Integral (PID) Controller PLO2: Draw the sketch of PID controller with respect to time PLO3: Design a PID Controller,U6S2T3,PSM,PLO1: Explain the Proportional + Derivative + Integral (PID) Controller PLO2: Draw the sketch of PID controller with respect to time PLO3: Design a PID Controller,32
V2L-CS,ALM 6.2.3-1       DBST,<b><u>Active Learning Outcomes: 8 min duration.</u></b><br>ALO 6.2.3-1: Describe the Proportional + Derivative + Integral (PID) Controller,Active Learning Outcomes: 8 min duration. ALO 6.2.3-1: Describe the Proportional + Derivative + Integral (PID) Controller,U6S2T3-1,ALM,ALO 6.2.3-1: Describe the Proportional + Derivative + Integral (PID) Controller,8
V2L-CS,ALM 6.2.3-2     DBST,<b><u>Active Learning Outcomes: 14 min duration.</u></b><br>ALO 6.2.3-2: Recall the Tuning of Controllers,Active Learning Outcomes: 14 min duration. ALO 6.2.3-2: Recall the Tuning of Controllers,U6S2T3-2,ALM,ALO 6.2.3-2: Recall the Tuning of Controllers,14
V2L-CS,GPSM 7.1,<b><u>GATE Learning Outcomes: 30 min duration.</u></b><br>GLO1: Apply properties of Discrete-Time LTI Systems<br>GLO2: Calculate Impulse response of Discrete-Time LTI Systems using Convolution property,GATE Learning Outcomes: 30 min duration. GLO1: Apply properties of Discrete-Time LTI Systems GLO2: Calculate Impulse response of Discrete-Time LTI Systems using Convolution property,U7S1,GPSM,GLO1: Apply properties of Discrete-Time LTI Systems GLO2: Calculate Impulse response of Discrete-Time LTI Systems using Convolution property,30
V2L-CS,PSM 7.1.1,<b><u>Problem Learning Outcomes: 30 min duration.</u></b><br>PLO1: Describe Continuous-Time and Discrete-Time LTI Systems with Block Diagram<br>PLO2: Describe Impulse response of LTI Systems<br>PLO3: Determine the Impulse Response of LTI Systems,Problem Learning Outcomes: 30 min duration. PLO1: Describe Continuous-Time and Discrete-Time LTI Systems with Block Diagram PLO2: Describe Impulse response of LTI Systems PLO3: Determine the Impulse Response of LTI Systems,U7S1T1,PSM,PLO1: Describe Continuous-Time and Discrete-Time LTI Systems with Block Diagram PLO2: Describe Impulse response of LTI Systems PLO3: Determine the Impulse Response of LTI Systems,30
V2L-CS,ALM 7.1.1-1       DBST,<b><u>Active Learning Outcomes: 3 min duration.</u></b><br>ALO 7.1.1-1: Describe LTI System and its Block diagram,Active Learning Outcomes: 3 min duration. ALO 7.1.1-1: Describe LTI System and its Block diagram,U7S1T1-1,ALM,ALO 7.1.1-1: Describe LTI System and its Block diagram,3
V2L-CS,ALM 7.1.1-2                      DBST,"<b><u>Active Learning Outcomes: 2 min duration.
</u></b><br>ALO 7.1.1-2: Describe Continuous-Time and Discrete-Time LTI Systems","Active Learning Outcomes: 2 min duration.
 ALO 7.1.1-2: Describe Continuous-Time and Discrete-Time LTI Systems",U7S1T1-2,ALM, ALO 7.1.1-2: Describe Continuous-Time and Discrete-Time LTI Systems,2
V2L-CS,ALM 7.1.1-3                     DBST,<b><u>Active Learning Outcomes: 12 min duration.</u></b><br>ALO 7.1.1-3: Describe Impulse response of Continuous-Time and Discrete-Time LTI Systems,Active Learning Outcomes: 12 min duration. ALO 7.1.1-3: Describe Impulse response of Continuous-Time and Discrete-Time LTI Systems,U7S1T1-3,ALM,ALO 7.1.1-3: Describe Impulse response of Continuous-Time and Discrete-Time LTI Systems,12
V2L-CS,PSM 7.1.2,<b><u>Problem Learning Outcomes: 28 min duration.</u></b><br>PLO1: Explain Discrete-Time Convolution and its Properties<br>PLO2: Describe the Graphical method and General formula for Discrete-Time Convolution<br>PLO3: Determine the response of Discrete-Time LTI System using Convolution methods,Problem Learning Outcomes: 28 min duration. PLO1: Explain Discrete-Time Convolution and its Properties PLO2: Describe the Graphical method and General formula for Discrete-Time Convolution PLO3: Determine the response of Discrete-Time LTI System using Convolution methods,U7S1T2,PSM,PLO1: Explain Discrete-Time Convolution and its Properties PLO2: Describe the Graphical method and General formula for Discrete-Time Convolution PLO3: Determine the response of Discrete-Time LTI System using Convolution methods,28
V2L-CS,ALM 7.1.2-1                      DBST,<b><u>Active Learning Outcomes: 4 min duration.</u></b><br>ALO 7.1.2-1: Describe Discrete-Time Convolution and its properties,Active Learning Outcomes: 4 min duration. ALO 7.1.2-1: Describe Discrete-Time Convolution and its properties,U7S1T2-1,ALM,ALO 7.1.2-1: Describe Discrete-Time Convolution and its properties,4
V2L-CS,ALM 7.1.2-2                       DBST,<b><u>Active Learning Outcomes: 31 min duration.</u></b><br>ALO 7.1.2-2: Explain graphical method for Discrete-Time Convolution,Active Learning Outcomes: 31 min duration. ALO 7.1.2-2: Explain graphical method for Discrete-Time Convolution,U7S1T2-2,ALM,ALO 7.1.2-2: Explain graphical method for Discrete-Time Convolution,31
V2L-CS,ALM 7.1.2-3           DBST,<b><u>Active Learning Outcomes: 14 min duration.</u></b><br>ALO 7.1.2-3: Explain the matrix method for Discrete-Time Convolution,Active Learning Outcomes: 14 min duration. ALO 7.1.2-3: Explain the matrix method for Discrete-Time Convolution,U7S1T2-3,ALM,ALO 7.1.2-3: Explain the matrix method for Discrete-Time Convolution,14
V2L-CS,ALM 7.1.2-4,<b><u>Active Learning Outcomes: 21 min duration.</u></b><br>ALO 7.1.2-4: Explain the general formula for Discrete-Time Convolution,Active Learning Outcomes: 21 min duration. ALO 7.1.2-4: Explain the general formula for Discrete-Time Convolution,U7S1T2-4,ALM,ALO 7.1.2-4: Explain the general formula for Discrete-Time Convolution,21
V2L-CS,ALM 7.1.2-5                      DBST,<b><u>Active Learning Outcomes: 6 min duration.</u></b><br>ALO 7.1.2-5: Explain Discrete-Time LTI System described by the Difference equation,Active Learning Outcomes: 6 min duration. ALO 7.1.2-5: Explain Discrete-Time LTI System described by the Difference equation,U7S1T2-5,ALM,ALO 7.1.2-5: Explain Discrete-Time LTI System described by the Difference equation,6
V2L-CS,ALM 8.1.1-1      DBST,<b><u>Active Learning Outcomes: 15 min duration.</u></b><br>ALO 8.1.1-1: Define the term Measurement,Active Learning Outcomes: 15 min duration. ALO 8.1.1-1: Define the term Measurement,U8S1T1-1,ALM,ALO 8.1.1-1: Define the term Measurement,15
V2L-CS,ALM 8.1.1-2        DBST,<b><u>Active Learning Outcomes: 17 min duration.</u></b><br>ALO 8.1.1-2: Recall the Significance of Measurement,Active Learning Outcomes: 17 min duration. ALO 8.1.1-2: Recall the Significance of Measurement,U8S1T1-2,ALM,ALO 8.1.1-2: Recall the Significance of Measurement,17
V2L-CS,ALM 8.1.1-3        DBST,<b><u>Active Learning Outcomes: 11 min duration.</u></b><br>ALO 8.1.1-3: Recall the Methods of Measurement,Active Learning Outcomes: 11 min duration. ALO 8.1.1-3: Recall the Methods of Measurement,U8S1T1-3,ALM,ALO 8.1.1-3: Recall the Methods of Measurement,11
V2L-CS,ALM 8.1.2-1    DBST,<b><u>Active Learning Outcomes: 37 min duration.</u></b><br>ALO 8.1.2-1: Recall types and functions of the Instruments,Active Learning Outcomes: 37 min duration. ALO 8.1.2-1: Recall types and functions of the Instruments,U8S1T2-1,ALM,ALO 8.1.2-1: Recall types and functions of the Instruments,37
V2L-CS,ALM 8.1.2-2       DBST,<b><u>Active Learning Outcomes: 7 min duration.</u></b><br>ALO 8.1.2-2: Describe the Measurement System Performance,Active Learning Outcomes: 7 min duration. ALO 8.1.2-2: Describe the Measurement System Performance,U8S1T2-2,ALM,ALO 8.1.2-2: Describe the Measurement System Performance,7
V2L-CS,ALM 8.1.2-3        DBST,"<b><u>Active Learning Outcomes: 37 min duration.</u></b><br>ALO 8.1.2-3: Define the following terms in Measuring Instruments: Accuracy, Precision, Calibration, Repeatability, Scale Range, Scale Span, Linearity and Hysteresis","Active Learning Outcomes: 37 min duration. ALO 8.1.2-3: Define the following terms in Measuring Instruments: Accuracy, Precision, Calibration, Repeatability, Scale Range, Scale Span, Linearity and Hysteresis",U8S1T2-3,ALM,"ALO 8.1.2-3: Define the following terms in Measuring Instruments: Accuracy, Precision, Calibration, Repeatability, Scale Range, Scale Span, Linearity and Hysteresis",37
V2L-CS,ALM 8.1.3-1         DBST,"<b><u>Active Learning Outcomes: 32 min duration.</u></b><br>ALO 8.1.3-1: Define the following terms used in Measuring Instruments:
<br>&nbsp; &nbsp; &nbsp; &nbsp; &nbsp; &nbsp; &nbsp; &nbsp; &nbsp; &nbsp; &nbsp;i. Dead Time<br>&nbsp; &nbsp; &nbsp; &nbsp; &nbsp; &nbsp; &nbsp; &nbsp; &nbsp; &nbsp; &nbsp;ii. Dead Zone<br>&nbsp; &nbsp; &nbsp; &nbsp; &nbsp; &nbsp; &nbsp; &nbsp; &nbsp; &nbsp; &nbsp;iii. Resolution<br>&nbsp; &nbsp; &nbsp; &nbsp; &nbsp; &nbsp; &nbsp; &nbsp; &nbsp; &nbsp; &nbsp;iv. Threshold<br>&nbsp; &nbsp; &nbsp; &nbsp; &nbsp; &nbsp; &nbsp; &nbsp; &nbsp; &nbsp; &nbsp;v. Sensitivity<br>&nbsp; &nbsp; &nbsp; &nbsp; &nbsp; &nbsp; &nbsp; &nbsp; &nbsp; &nbsp; &nbsp;vi. Loading Effect","Active Learning Outcomes: 32 min duration. ALO 8.1.3-1: Define the following terms used in Measuring Instruments:
 i. Dead Time ii. Dead Zone iii. Resolution iv. Threshold v. Sensitivity vi. Loading Effect",U8S1T3-1,ALM,"ALO 8.1.3-1: Define the following terms used in Measuring Instruments:
 i. Dead Time ii. Dead Zone iii. Resolution iv. Threshold v. Sensitivity vi. Loading Effect",32
V2L-CS,ALM 9.1.1-1                   DBST,<b><u>Active Learning Outcomes: 13 min duration.</u></b><br>ALO 9.1.1-1: Define and classify Resistance,Active Learning Outcomes: 13 min duration. ALO 9.1.1-1: Define and classify Resistance,U9S1T1-1,ALM,ALO 9.1.1-1: Define and classify Resistance,13
V2L-CS,ALM 9.1.1-2         DBST,<b><u>Active Learning Outcomes: 26 min duration.</u></b><br>ALO 9.1.1-2: Recall the factors affecting the value of Resistance,Active Learning Outcomes: 26 min duration. ALO 9.1.1-2: Recall the factors affecting the value of Resistance,U9S1T1-2,ALM,ALO 9.1.1-2: Recall the factors affecting the value of Resistance,26
V2L-CS,ALM 9.1.1-3     DBST,<b><u>Active Learning Outcomes: 13 min duration.</u></b><br>ALO 9.1.1-3 Recall the methods of measuring Resistances,Active Learning Outcomes: 13 min duration. ALO 9.1.1-3 Recall the methods of measuring Resistances,U9S1T1-3,ALM,ALO 9.1.1-3 Recall the methods of measuring Resistances,13
V2L-CS,ALM 9.1.2-1A           DBST,<b><u>Active Learning Outcomes: 58 min duration.</u></b><br>ALO 9.1.2-1: Recall the following methods of measuring Medium Resistances:<br>&nbsp; &nbsp; &nbsp; &nbsp; &nbsp; &nbsp; &nbsp; &nbsp; &nbsp; &nbsp; &nbsp;i. V-I Method,Active Learning Outcomes: 58 min duration. ALO 9.1.2-1: Recall the following methods of measuring Medium Resistances: i. V-I Method,U9S1T2-1,ALM,ALO 9.1.2-1: Recall the following methods of measuring Medium Resistances: i. V-I Method,58
V2L-CS,ALM 9.1.2-1B         DBST,"<b><u>Active Learning Outcomes: 42 min duration.</u></b><br>ALO 9.1.2-1: Recall the following methods of measuring Medium Resistances:
<br>&nbsp; &nbsp; &nbsp; &nbsp; &nbsp; &nbsp; &nbsp; &nbsp; &nbsp; &nbsp; &nbsp;ii. Substitution Method
<br>&nbsp; &nbsp; &nbsp; &nbsp; &nbsp; &nbsp; &nbsp; &nbsp; &nbsp; &nbsp; &nbsp;iii. Wheatstone’s Bridge Method
<br>&nbsp; &nbsp; &nbsp; &nbsp; &nbsp; &nbsp; &nbsp; &nbsp; &nbsp; &nbsp; &nbsp;iv. Ohmmeter Method","Active Learning Outcomes: 42 min duration. ALO 9.1.2-1: Recall the following methods of measuring Medium Resistances:
 ii. Substitution Method
 iii. Wheatstone’s Bridge Method
 iv. Ohmmeter Method",U9S1T2-1,ALM,"ALO 9.1.2-1: Recall the following methods of measuring Medium Resistances:
 ii. Substitution Method
 iii. Wheatstone’s Bridge Method
 iv. Ohmmeter Method",42
V2L-CS,ALM 9.1.2-2    DBST,<b><u>Active Learning Outcomes: 4 min duration.</u></b><br>ALO 9.1.2-2: Recall Multimeters,Active Learning Outcomes: 4 min duration. ALO 9.1.2-2: Recall Multimeters,U9S1T2-2,ALM,ALO 9.1.2-2: Recall Multimeters,4
V2L-CS,ALM 9.1.3-1             DBST,"<b><u>Active Learning Outcomes: 27 min duration.</u></b><br>ALO 9.1.3-1: Recall the following methods to measure Low Resistances:
<br>&nbsp; &nbsp; &nbsp; &nbsp; &nbsp; &nbsp; &nbsp; &nbsp; &nbsp; &nbsp; &nbsp;i. Kelvin’s Double Bridge Method<br>&nbsp; &nbsp; &nbsp; &nbsp; &nbsp; &nbsp; &nbsp; &nbsp; &nbsp; &nbsp; &nbsp;ii. Potentiometer Method","Active Learning Outcomes: 27 min duration. ALO 9.1.3-1: Recall the following methods to measure Low Resistances:
 i. Kelvin’s Double Bridge Method ii. Potentiometer Method",U9S1T3-1,ALM,"ALO 9.1.3-1: Recall the following methods to measure Low Resistances:
 i. Kelvin’s Double Bridge Method ii. Potentiometer Method",27
V2L-CS,ALM 9.1.4                DBST,"<b><u>Active Learning Outcomes: 62 min duration.</u></b><br>ALO 9.1.4-1: Recall the following methods to measure High Resistances:
<br>&nbsp; &nbsp; &nbsp; &nbsp; &nbsp; &nbsp; &nbsp; &nbsp; &nbsp; &nbsp; &nbsp;i. Loss of Charge Method<br>&nbsp; &nbsp; &nbsp; &nbsp; &nbsp; &nbsp; &nbsp; &nbsp; &nbsp; &nbsp; &nbsp;ii. Megger<br>&nbsp; &nbsp; &nbsp; &nbsp; &nbsp; &nbsp; &nbsp; &nbsp; &nbsp; &nbsp; &nbsp;iii. Direct Deflection Method<br>&nbsp; &nbsp; &nbsp; &nbsp; &nbsp; &nbsp; &nbsp; &nbsp; &nbsp; &nbsp; &nbsp;iv. Mega-Ohm Bridge Method","Active Learning Outcomes: 62 min duration. ALO 9.1.4-1: Recall the following methods to measure High Resistances:
 i. Loss of Charge Method ii. Megger iii. Direct Deflection Method iv. Mega-Ohm Bridge Method",U9S1T4,ALM,"ALO 9.1.4-1: Recall the following methods to measure High Resistances:
 i. Loss of Charge Method ii. Megger iii. Direct Deflection Method iv. Mega-Ohm Bridge Method",62
