course,activity,lo_unformatted,lo_formatted,activity_formatted,activity_type,lo_formatted_duration_removed,duration
V2L-HMT,GPSM 1.1,"<b><u>GATE Learning Outcomes: 19 Min Duration.
</u></b><br>GLO1: Explain the Modes of Heat Transfer
<br>GLO2: Explain the concept of Conduction
<br>GLO3: State and explain Fourier’s Law of Conduction
<br>GLO4: Define Thermal conductivity and explain the Factors on which the Thermal Conductivity of material depends
<br>GLO5: Define Convection and explain the 'Newton’s Law of Cooling
<br>GLO6: Define Radiation and explain Stefan's Boltzmann Law","GATE Learning Outcomes: 19 Min Duration.
 GLO1: Explain the Modes of Heat Transfer
 GLO2: Explain the concept of Conduction
 GLO3: State and explain Fourier’s Law of Conduction
 GLO4: Define Thermal conductivity and explain the Factors on which the Thermal Conductivity of material depends
 GLO5: Define Convection and explain the 'Newton’s Law of Cooling
 GLO6: Define Radiation and explain Stefan's Boltzmann Law",U1S1,GPSM,"GATE Learning Outcomes: 19 Min Duration.
 GLO1: Explain the Modes of Heat Transfer
 GLO2: Explain the concept of Conduction
 GLO3: State and explain Fourier’s Law of Conduction
 GLO4: Define Thermal conductivity and explain the Factors on which the Thermal Conductivity of material depends
 GLO5: Define Convection and explain the 'Newton’s Law of Cooling
 GLO6: Define Radiation and explain Stefan's Boltzmann Law",0
V2L-HMT,PSM 1.1.1,"<b><u>Problem Learning Outcomes: 14 min duration.
</u></b><br>PLO1: Explain the significance of Heat Transfer
<br>PLO2: Describe the Mechanism of Heat Conduction in Solids","Problem Learning Outcomes: 14 min duration.
 PLO1: Explain the significance of Heat Transfer
 PLO2: Describe the Mechanism of Heat Conduction in Solids",U1S1T1,PSM," PLO1: Explain the significance of Heat Transfer
 PLO2: Describe the Mechanism of Heat Conduction in Solids",14
V2L-HMT,ALM 1.1.1-1                                      DBST,"<b><u>Active Learning Outcomes: 4 min duration.
</u></b><br>ALO 1.1.1-1: Define Heat","Active Learning Outcomes: 4 min duration.
 ALO 1.1.1-1: Define Heat",U1S1T1-1,ALM, ALO 1.1.1-1: Define Heat,4
V2L-HMT,ALM 1.1.1-2                                         DBST,"<b><u>Active Learning Outcomes: 20 min duration.
</u></b><br>ALO 1.1.1-2: Explain the importance of Heat Transfer","Active Learning Outcomes: 20 min duration.
 ALO 1.1.1-2: Explain the importance of Heat Transfer",U1S1T1-2,ALM, ALO 1.1.1-2: Explain the importance of Heat Transfer,20
V2L-HMT,ALM 1.1.1-3                                                  DBST,"<b><u>Active Learning Outcomes: 13 min duration.
</u></b><br>ALO 1.1.1-3: Differentiate between Thermodynamics and Heat Transfer","Active Learning Outcomes: 13 min duration.
 ALO 1.1.1-3: Differentiate between Thermodynamics and Heat Transfer",U1S1T1-3,ALM, ALO 1.1.1-3: Differentiate between Thermodynamics and Heat Transfer,13
V2L-HMT,ALM 1.1.1-4                                     DBST,"<b><u>Active Learning Outcomes: 14 min duration.
</u></b><br>ALO 1.1.1-4: Explain the modes of heat transfer","Active Learning Outcomes: 14 min duration.
 ALO 1.1.1-4: Explain the modes of heat transfer",U1S1T1-4,ALM, ALO 1.1.1-4: Explain the modes of heat transfer,14
V2L-HMT,PSM 1.1.2,"<b><u>Problem Learning Outcomes: 35 min duration.
</u></b><br>PLO1: Explain Conduction Heat Transfer
<br>PLO2: Explain the Fourier Law of Conduction and give the assumptions on which Law is based
<br>PLO3: Define Thermal Conductivity of material defined
<br>PLO4: Define the term Thermal Resistance","Problem Learning Outcomes: 35 min duration.
 PLO1: Explain Conduction Heat Transfer
 PLO2: Explain the Fourier Law of Conduction and give the assumptions on which Law is based
 PLO3: Define Thermal Conductivity of material defined
 PLO4: Define the term Thermal Resistance",U1S1T2,PSM," PLO1: Explain Conduction Heat Transfer
 PLO2: Explain the Fourier Law of Conduction and give the assumptions on which Law is based
 PLO3: Define Thermal Conductivity of material defined
 PLO4: Define the term Thermal Resistance",35
V2L-HMT,ALM 1.1.2-1                                                   DBST,"<b><u>Active Learning Outcomes: 13 min duration.
</u></b><br>ALO 1.1.2-1: State and explain Fourier’s Law of Conduction","Active Learning Outcomes: 13 min duration.
 ALO 1.1.2-1: State and explain Fourier’s Law of Conduction",U1S1T2-1,ALM, ALO 1.1.2-1: State and explain Fourier’s Law of Conduction,13
V2L-HMT,ALM 1.1.2-2                                                     DBST,"<b><u>Active Learning Outcomes: 22 min duration.
</u></b><br>ALO 1.1.2-2: Define Thermal Conductivity","Active Learning Outcomes: 22 min duration.
 ALO 1.1.2-2: Define Thermal Conductivity",U1S1T2-2,ALM, ALO 1.1.2-2: Define Thermal Conductivity,22
V2L-HMT,ALM 1.1.2-3                                               DBST,"<b><u>Active Learning Outcomes: 8 min duration.
</u></b><br>ALO 1.1.2-3: Explain the factors on which the thermal conductivity of material depends","Active Learning Outcomes: 8 min duration.
 ALO 1.1.2-3: Explain the factors on which the thermal conductivity of material depends",U1S1T2-3,ALM, ALO 1.1.2-3: Explain the factors on which the thermal conductivity of material depends,8
V2L-HMT,ALM 1.1.2-4                                               DBST,"<b><u>Active Learning Outcomes: 21 min duration.
</u></b><br>ALO 1.1.2-4: Explain the effect of temperature on thermal conductivity","Active Learning Outcomes: 21 min duration.
 ALO 1.1.2-4: Explain the effect of temperature on thermal conductivity",U1S1T2-4,ALM, ALO 1.1.2-4: Explain the effect of temperature on thermal conductivity,21
V2L-HMT,PSM 1.2.1,"<b><u>Problem Learning Outcomes: 29 min duration.
</u></b><br>PLO1: Differentiate between Natural and Forced Convection
<br>PLO2: State Stefan’s Boltzmann Law
<br>PLO3: Define the term Thermal Diffusivity and write its units","Problem Learning Outcomes: 29 min duration.
 PLO1: Differentiate between Natural and Forced Convection
 PLO2: State Stefan’s Boltzmann Law
 PLO3: Define the term Thermal Diffusivity and write its units",U1S2T1,PSM," PLO1: Differentiate between Natural and Forced Convection
 PLO2: State Stefan’s Boltzmann Law
 PLO3: Define the term Thermal Diffusivity and write its units",29
V2L-HMT,ALM 1.2.1-1                                        DBST,"<b><u>Active Learning Outcomes: 27 min duration.
</u></b><br>ALO 1.2.1-1: Define Convection and explain Newton Law of Cooling","Active Learning Outcomes: 27 min duration.
 ALO 1.2.1-1: Define Convection and explain Newton Law of Cooling",U1S2T1-1,ALM, ALO 1.2.1-1: Define Convection and explain Newton Law of Cooling,27
V2L-HMT,ALM 1.2.1-2                                                     DBST,"<b><u>Active Learning Outcomes: 20 min duration.
</u></b><br>ALO 1.2.1-2: Define Radiation and explain Stefan's Boltzmann Law","Active Learning Outcomes: 20 min duration.
 ALO 1.2.1-2: Define Radiation and explain Stefan's Boltzmann Law",U1S2T1-2,ALM, ALO 1.2.1-2: Define Radiation and explain Stefan's Boltzmann Law,20
V2L-HMT,ALM 1.2.1-3                                                    DBST,"<b><u>Active Learning Outcomes: 6 min duration.
</u></b><br>ALO 1.2.1-3: Explain the concept of Thermal Diffusivity","Active Learning Outcomes: 6 min duration.
 ALO 1.2.1-3: Explain the concept of Thermal Diffusivity",U1S2T1-3,ALM, ALO 1.2.1-3: Explain the concept of Thermal Diffusivity,6
V2L-HMT,GPSM 10.1,"<b><u>GATE Learning Outcomes: 12 Min Duration.
</u></b><br>GLO1: Calculate the Mass Flux for Diffusion through various Geometries
<br>GLO2: Calculate the value of Sherwood Number and Schmidt Number
<br>GLO3: Illustrate the Analogy between Heat and Mass Transfer","GATE Learning Outcomes: 12 Min Duration.
 GLO1: Calculate the Mass Flux for Diffusion through various Geometries
 GLO2: Calculate the value of Sherwood Number and Schmidt Number
 GLO3: Illustrate the Analogy between Heat and Mass Transfer",U10S1,GPSM,"GATE Learning Outcomes: 12 Min Duration.
 GLO1: Calculate the Mass Flux for Diffusion through various Geometries
 GLO2: Calculate the value of Sherwood Number and Schmidt Number
 GLO3: Illustrate the Analogy between Heat and Mass Transfer",0
V2L-HMT,PSM 10.1.1,"<b><u>Problem Learning Outcomes: 25 min duration.
</u></b><br>PLO1: Explain the term Mass Transfer
<br>PLO2: Enumerate applications of Mass Transfer
<br>PLO3: List various Modes of Mass Transfer","Problem Learning Outcomes: 25 min duration.
 PLO1: Explain the term Mass Transfer
 PLO2: Enumerate applications of Mass Transfer
 PLO3: List various Modes of Mass Transfer",U10S1T1,PSM," PLO1: Explain the term Mass Transfer
 PLO2: Enumerate applications of Mass Transfer
 PLO3: List various Modes of Mass Transfer",25
V2L-HMT,ALM 10.1.1-1                                             DBST,"<b><u>Active Learning Outcomes: 19 min duration.
</u></b><br>ALO 10.1.1-1:  Recall the Modes of Mass Transfer","Active Learning Outcomes: 19 min duration.
 ALO 10.1.1-1:  Recall the Modes of Mass Transfer",U10S1T1-1,ALM, ALO 10.1.1-1:  Recall the Modes of Mass Transfer,19
V2L-HMT,ALM 10.1.1-2                                                       DBST,"<b><u>Active Learning Outcomes: 19 min duration.
</u></b><br>ALO 10.1.1-2: Define and classify the Concentration, Velocity, and Flux","Active Learning Outcomes: 19 min duration.
 ALO 10.1.1-2: Define and classify the Concentration, Velocity, and Flux",U10S1T1-2,ALM," ALO 10.1.1-2: Define and classify the Concentration, Velocity, and Flux",19
V2L-HMT,PSM 10.1.2,"<b><u>Problem Learning Outcomes: 26 min duration.
</u></b><br>PLO1: Explain Fick’s Law of Diffusion
<br>PLO2: Give a comparison of Newton’s Law of Viscosity, Fourier’s Law of Heat Conduction, and Fick’s Law of Diffusion
<br>PLO3: Explain Mass Diffusivity Constant","Problem Learning Outcomes: 26 min duration.
 PLO1: Explain Fick’s Law of Diffusion
 PLO2: Give a comparison of Newton’s Law of Viscosity, Fourier’s Law of Heat Conduction, and Fick’s Law of Diffusion
 PLO3: Explain Mass Diffusivity Constant",U10S1T2,PSM," PLO1: Explain Fick’s Law of Diffusion
 PLO2: Give a comparison of Newton’s Law of Viscosity, Fourier’s Law of Heat Conduction, and Fick’s Law of Diffusion
 PLO3: Explain Mass Diffusivity Constant",26
V2L-HMT,ALM 10.1.2-1                                             DBST,"<b><u>Active Learning Outcomes: 21 min duration.
</u></b><br>ALO 10.1.2-1:  State Fick’s Law of Diffusion","Active Learning Outcomes: 21 min duration.
 ALO 10.1.2-1:  State Fick’s Law of Diffusion",U10S1T2-1,ALM, ALO 10.1.2-1:  State Fick’s Law of Diffusion,21
V2L-HMT,ALM 10.1.2-2                                                 DBST,"<b><u>Active Learning Outcomes: 10 min duration.
</u></b><br>ALO 10.1.2-2: Describe the Steady-state diffusion through plain membrane","Active Learning Outcomes: 10 min duration.
 ALO 10.1.2-2: Describe the Steady-state diffusion through plain membrane",U10S1T2-2,ALM, ALO 10.1.2-2: Describe the Steady-state diffusion through plain membrane,10
V2L-HMT,ALM 10.1.2-3                                                    DBST,"<b><u>Active Learning Outcomes: 8 min duration.
</u></b><br>ALO 10.1.2-3: Describe the Steady-state diffusion through cylindrical shell","Active Learning Outcomes: 8 min duration.
 ALO 10.1.2-3: Describe the Steady-state diffusion through cylindrical shell",U10S1T2-3,ALM, ALO 10.1.2-3: Describe the Steady-state diffusion through cylindrical shell,8
V2L-HMT,ALM 10.1.2-4                                              DBST,"<b><u>Active Learning Outcomes: 6 min duration.
</u></b><br>ALO 10.1.2-4: Describe the Steady-state diffusion through spherical shell","Active Learning Outcomes: 6 min duration.
 ALO 10.1.2-4: Describe the Steady-state diffusion through spherical shell",U10S1T2-4,ALM, ALO 10.1.2-4: Describe the Steady-state diffusion through spherical shell,6
V2L-HMT,PSM 10.2.1,"<b><u>Problem Learning Outcomes: 22 min duration.
</u></b><br>PLO1: Explain Equimolar Counter Diffusion
<br>PLO2: Derive the expression for Diffusion Flux the rate for Binary Gas mixture
<br>PLO3: Explain the Significance of Schmidt Number, Lewis Number, and Prandtl Number","Problem Learning Outcomes: 22 min duration.
 PLO1: Explain Equimolar Counter Diffusion
 PLO2: Derive the expression for Diffusion Flux the rate for Binary Gas mixture
 PLO3: Explain the Significance of Schmidt Number, Lewis Number, and Prandtl Number",U10S2T1,PSM," PLO1: Explain Equimolar Counter Diffusion
 PLO2: Derive the expression for Diffusion Flux the rate for Binary Gas mixture
 PLO3: Explain the Significance of Schmidt Number, Lewis Number, and Prandtl Number",22
V2L-HMT,ALM 10.2.1-1                                                 DBST,"<b><u>Active Learning Outcomes: 15 min duration.
</u></b><br>ALO 10.2.1-1: Describe the Steady-state equimolar counter diffusion","Active Learning Outcomes: 15 min duration.
 ALO 10.2.1-1: Describe the Steady-state equimolar counter diffusion",U10S2T1-1,ALM, ALO 10.2.1-1: Describe the Steady-state equimolar counter diffusion,15
V2L-HMT,ALM 10.2.1-2                                                      DBST,"<b><u>Active Learning Outcomes: 19 min duration.
</u></b><br>ALO 10.2.1-2: Describe the Steady-state diffusion through stagnant gas film","Active Learning Outcomes: 19 min duration.
 ALO 10.2.1-2: Describe the Steady-state diffusion through stagnant gas film",U10S2T1-2,ALM, ALO 10.2.1-2: Describe the Steady-state diffusion through stagnant gas film,19
V2L-HMT,ALM 10.2.1-3                                                    DBST,"<b><u>Active Learning Outcomes: 16 min duration.
</u></b><br>ALO 10.2.1-3: Recall the Correlations for Convective mass transfer","Active Learning Outcomes: 16 min duration.
 ALO 10.2.1-3: Recall the Correlations for Convective mass transfer",U10S2T1-3,ALM, ALO 10.2.1-3: Recall the Correlations for Convective mass transfer,16
V2L-HMT,ALM 10.2.1-4                                                DBST,"<b><u>Active Learning Outcomes: 9 min duration.
</u></b><br>ALO 10.2.1-4: Recall Reynold and Column analogies for mass transfer","Active Learning Outcomes: 9 min duration.
 ALO 10.2.1-4: Recall Reynold and Column analogies for mass transfer",U10S2T1-4,ALM, ALO 10.2.1-4: Recall Reynold and Column analogies for mass transfer,9
V2L-HMT,GPSM 2.1,"<b><u>GATE Learning Outcomes: 41 Min Duration.
</u></b><br>GLO1: Describe the General Heat Conduction equation in Cartesian, Cylindrical, and Spherical Coordinates
<br>GLO2: Derive the Heat Conduction equation through Plane Wall (without heat generation) and Composite Wall
<br>GLO3: What do you understand the term Overall Heat Transfer Coefficient?
<br>GLO4: Explain the concept of Equivalent Thermal Resistance","GATE Learning Outcomes: 41 Min Duration.
 GLO1: Describe the General Heat Conduction equation in Cartesian, Cylindrical, and Spherical Coordinates
 GLO2: Derive the Heat Conduction equation through Plane Wall (without heat generation) and Composite Wall
 GLO3: What do you understand the term Overall Heat Transfer Coefficient?
 GLO4: Explain the concept of Equivalent Thermal Resistance",U2S1,GPSM,"GATE Learning Outcomes: 41 Min Duration.
 GLO1: Describe the General Heat Conduction equation in Cartesian, Cylindrical, and Spherical Coordinates
 GLO2: Derive the Heat Conduction equation through Plane Wall (without heat generation) and Composite Wall
 GLO3: What do you understand the term Overall Heat Transfer Coefficient?
 GLO4: Explain the concept of Equivalent Thermal Resistance",0
V2L-HMT,PSM 2.1.1,"<b><u>Problem Learning Outcomes: 19 min duration.
</u></b><br>PLO1: Derive the General Heat Conduction Equation in Cartesian Coordinates
<br>PLO2: Obtain the General Heat Conduction Equation in Cylindrical Coordinates
<br>PLO3: Explain Thermal Diffusivity and its Significance","Problem Learning Outcomes: 19 min duration.
 PLO1: Derive the General Heat Conduction Equation in Cartesian Coordinates
 PLO2: Obtain the General Heat Conduction Equation in Cylindrical Coordinates
 PLO3: Explain Thermal Diffusivity and its Significance",U2S1T1,PSM," PLO1: Derive the General Heat Conduction Equation in Cartesian Coordinates
 PLO2: Obtain the General Heat Conduction Equation in Cylindrical Coordinates
 PLO3: Explain Thermal Diffusivity and its Significance",19
V2L-HMT,ALM 2.1.1-1                                       DBST,"<b><u>Active Learning Outcomes: 43 min duration.
</u></b><br>ALO 2.1.1-1: Describe the general heat conduction equation in cartesian coordinates","Active Learning Outcomes: 43 min duration.
 ALO 2.1.1-1: Describe the general heat conduction equation in cartesian coordinates",U2S1T1-1,ALM, ALO 2.1.1-1: Describe the general heat conduction equation in cartesian coordinates,43
V2L-HMT,ALM 2.1.1-2                                          DBST,"<b><u>Active Learning Outcomes: 34 min duration.
</u></b><br>ALO 2.1.1-2: Explain the general heat conduction equation in cylindrical coordinates","Active Learning Outcomes: 34 min duration.
 ALO 2.1.1-2: Explain the general heat conduction equation in cylindrical coordinates",U2S1T1-2,ALM, ALO 2.1.1-2: Explain the general heat conduction equation in cylindrical coordinates,34
V2L-HMT,ALM 2.1.1-3                                            DBST,"<b><u>Active Learning Outcomes: 27 min duration.
</u></b><br>ALO 2.1.1-3: Explain the general heat conduction equation in spherical coordinates","Active Learning Outcomes: 27 min duration.
 ALO 2.1.1-3: Explain the general heat conduction equation in spherical coordinates",U2S1T1-3,ALM, ALO 2.1.1-3: Explain the general heat conduction equation in spherical coordinates,27
V2L-HMT,PSM 2.1.2,"<b><u>Problem Learning Outcomes: 52 min duration.
</u></b><br>PLO1: Derive the Heat Conduction equation through Plane Wall (without heat generation)
PLO2: Describe the Heat Conduction equation through Composite Wall
<br>PLO3: Explain Overall Heat Transfer Coefficient","Problem Learning Outcomes: 52 min duration.
 PLO1: Derive the Heat Conduction equation through Plane Wall (without heat generation)
PLO2: Describe the Heat Conduction equation through Composite Wall
 PLO3: Explain Overall Heat Transfer Coefficient",U2S1T2,PSM," PLO1: Derive the Heat Conduction equation through Plane Wall (without heat generation)
PLO2: Describe the Heat Conduction equation through Composite Wall
 PLO3: Explain Overall Heat Transfer Coefficient",52
V2L-HMT,ALM 2.1.2-1                                         DBST,"<b><u>Active Learning Outcomes: 24 min duration.
</u></b><br>ALO 2.1.2-1: Describe the Heat Conduction through Plane Wall (without heat generation)","Active Learning Outcomes: 24 min duration.
 ALO 2.1.2-1: Describe the Heat Conduction through Plane Wall (without heat generation)",U2S1T2-1,ALM, ALO 2.1.2-1: Describe the Heat Conduction through Plane Wall (without heat generation),24
V2L-HMT,ALM 2.1.2-2                                                   DBST,"<b><u>Active Learning Outcomes: 28 min duration.
</u></b><br>ALO 2.1.2-2: Explain the Heat Conduction through Composite Wall","Active Learning Outcomes: 28 min duration.
 ALO 2.1.2-2: Explain the Heat Conduction through Composite Wall",U2S1T2-2,ALM, ALO 2.1.2-2: Explain the Heat Conduction through Composite Wall,28
V2L-HMT,ALM 2.1.2-3                                       DBST,"<b><u>Active Learning Outcomes: 24 min duration.
</u></b><br>ALO 2.1.2-3: Explain the Overall Heat transfer Coefficient","Active Learning Outcomes: 24 min duration.
 ALO 2.1.2-3: Explain the Overall Heat transfer Coefficient",U2S1T2-3,ALM, ALO 2.1.2-3: Explain the Overall Heat transfer Coefficient,24
V2L-HMT,ALM 2.1.2-4                                           DBST,"<b><u>Active Learning Outcomes: 9 min duration.
</u></b><br>ALO 2.1.2-4: Explain the concept of Equivalent Thermal Resistance","Active Learning Outcomes: 9 min duration.
 ALO 2.1.2-4: Explain the concept of Equivalent Thermal Resistance",U2S1T2-4,ALM, ALO 2.1.2-4: Explain the concept of Equivalent Thermal Resistance,9
V2L-HMT,ALM 2.1.2-5                                              DBST,"<b><u>Active Learning Outcomes: 38 min duration.
</u></b><br>ALO 2.1.2-5: Describe the Heat Conduction in Plane Wall (with uniform Heat Generation)","Active Learning Outcomes: 38 min duration.
 ALO 2.1.2-5: Describe the Heat Conduction in Plane Wall (with uniform Heat Generation)",U2S1T2-5,ALM, ALO 2.1.2-5: Describe the Heat Conduction in Plane Wall (with uniform Heat Generation),38
V2L-HMT,GPSM 2.2,"<b><u>GATE Learning Outcomes: 41 Min Duration.
</u></b><br>GLO1: Describe the Conduction Heat Transfer through Hollow Cylinder
<br>GLO2: Explain the Conduction Heat Transfer through Composite Cylinder
<br>GLO3: Explain the Conduction-Convection Heat Transfer through Composite Cylinder","GATE Learning Outcomes: 41 Min Duration.
 GLO1: Describe the Conduction Heat Transfer through Hollow Cylinder
 GLO2: Explain the Conduction Heat Transfer through Composite Cylinder
 GLO3: Explain the Conduction-Convection Heat Transfer through Composite Cylinder",U2S2,GPSM,"GATE Learning Outcomes: 41 Min Duration.
 GLO1: Describe the Conduction Heat Transfer through Hollow Cylinder
 GLO2: Explain the Conduction Heat Transfer through Composite Cylinder
 GLO3: Explain the Conduction-Convection Heat Transfer through Composite Cylinder",0
V2L-HMT,PSM 2.2.1,"<b><u>Problem Learning Outcomes: 67 min duration.
</u></b><br>PLO1: Obtain an expression for the Conduction Heat Transfer through Hollow Cylinder
<br>PLO2: Derive the expression for Conduction Heat Transfer through Composite Cylinder","Problem Learning Outcomes: 67 min duration.
 PLO1: Obtain an expression for the Conduction Heat Transfer through Hollow Cylinder
 PLO2: Derive the expression for Conduction Heat Transfer through Composite Cylinder",U2S2T1,PSM," PLO1: Obtain an expression for the Conduction Heat Transfer through Hollow Cylinder
 PLO2: Derive the expression for Conduction Heat Transfer through Composite Cylinder",67
V2L-HMT,ALM 2.2.1-1                                          DBST,"<b><u>Active Learning Outcomes: 35 min duration.
</u></b><br>ALO 2.2.1-1: Describe the conduction heat transfer through hollow cylinder","Active Learning Outcomes: 35 min duration.
 ALO 2.2.1-1: Describe the conduction heat transfer through hollow cylinder",U2S2T1-1,ALM, ALO 2.2.1-1: Describe the conduction heat transfer through hollow cylinder,35
V2L-HMT,ALM 2.2.1-2                                        DBST,"<b><u>Active Learning Outcomes: 18 min duration.
</u></b><br>ALO 2.2.1-2: Explain the Conduction Heat Transfer through Composite Cylinder","Active Learning Outcomes: 18 min duration.
 ALO 2.2.1-2: Explain the Conduction Heat Transfer through Composite Cylinder",U2S2T1-2,ALM, ALO 2.2.1-2: Explain the Conduction Heat Transfer through Composite Cylinder,18
V2L-HMT,ALM 2.2.1-3                                                  DBST,"<b><u>Active Learning Outcomes: 15 min duration.
</u></b><br>ALO 2.2.1-3: Explain the Conduction-Convection Heat Transfer through Composite Cylinder","Active Learning Outcomes: 15 min duration.
 ALO 2.2.1-3: Explain the Conduction-Convection Heat Transfer through Composite Cylinder",U2S2T1-3,ALM, ALO 2.2.1-3: Explain the Conduction-Convection Heat Transfer through Composite Cylinder,15
V2L-HMT,PSM 2.2.2,"<b><u>Problem Learning Outcomes: 55 min duration.
</u></b><br>PLO1: Derive the expression for Logarithmic Mean Area for Hollow Cylinder
<br>PLO2: Explain Critical Thickness of Insulation, How it is related to Thermal Resistance","Problem Learning Outcomes: 55 min duration.
 PLO1: Derive the expression for Logarithmic Mean Area for Hollow Cylinder
 PLO2: Explain Critical Thickness of Insulation, How it is related to Thermal Resistance",U2S2T2,PSM," PLO1: Derive the expression for Logarithmic Mean Area for Hollow Cylinder
 PLO2: Explain Critical Thickness of Insulation, How it is related to Thermal Resistance",55
V2L-HMT,ALM 2.2.2-1                                           DBST,"<b><u>Active Learning Outcomes: 11 min duration.
</u></b><br>ALO 2.2.2-1: Describe the Logarithmic Mean Area for Hollow Cylinder","Active Learning Outcomes: 11 min duration.
 ALO 2.2.2-1: Describe the Logarithmic Mean Area for Hollow Cylinder",U2S2T2-1,ALM, ALO 2.2.2-1: Describe the Logarithmic Mean Area for Hollow Cylinder,11
V2L-HMT,ALM 2.2.2-2                                      DBST,"<b><u>Active Learning Outcomes: 38 min duration.
</u></b><br>ALO 2.2.2-2: Explain the Heat Conduction in Cylinder with Internal Heat Generation","Active Learning Outcomes: 38 min duration.
 ALO 2.2.2-2: Explain the Heat Conduction in Cylinder with Internal Heat Generation",U2S2T2-2,ALM, ALO 2.2.2-2: Explain the Heat Conduction in Cylinder with Internal Heat Generation,38
V2L-HMT,ALM 2.2.2-3                                                 DBST,"<b><u>Active Learning Outcomes: 32 min duration.
</u></b><br>ALO 2.3.2-3: Define the critical thickness of insulation","Active Learning Outcomes: 32 min duration.
 ALO 2.3.2-3: Define the critical thickness of insulation",U2S2T2-3,ALM, ALO 2.3.2-3: Define the critical thickness of insulation,32
V2L-HMT,GPSM 2.3,"<b><u>GATE Learning Outcomes: 20 Min Duration.
</u></b><br>GLO1: Describe the Radial Heat Conduction through Hollow Sphere
<br>GLO2: Explain the Conduction Heat Transfer through Composite Sphere
<br>GLO3: Describe the Logarithmic Mean Area for Hollow Sphere
<br>GLO4: Explain and calculate the Critical The thickness of Insulation for Sphere","GATE Learning Outcomes: 20 Min Duration.
 GLO1: Describe the Radial Heat Conduction through Hollow Sphere
 GLO2: Explain the Conduction Heat Transfer through Composite Sphere
 GLO3: Describe the Logarithmic Mean Area for Hollow Sphere
 GLO4: Explain and calculate the Critical The thickness of Insulation for Sphere",U2S3,GPSM,"GATE Learning Outcomes: 20 Min Duration.
 GLO1: Describe the Radial Heat Conduction through Hollow Sphere
 GLO2: Explain the Conduction Heat Transfer through Composite Sphere
 GLO3: Describe the Logarithmic Mean Area for Hollow Sphere
 GLO4: Explain and calculate the Critical The thickness of Insulation for Sphere",0
V2L-HMT,PSM 2.3.1,"<b><u>Problem Learning Outcomes: 32 min duration.
</u></b><br>PLO1: Explain the Radial Heat Conduction through Hollow Sphere
<br>PLO2: Derive the expression for the Conduction Heat Transfer through Composite Sphere","Problem Learning Outcomes: 32 min duration.
 PLO1: Explain the Radial Heat Conduction through Hollow Sphere
 PLO2: Derive the expression for the Conduction Heat Transfer through Composite Sphere",U2S3T1,PSM," PLO1: Explain the Radial Heat Conduction through Hollow Sphere
 PLO2: Derive the expression for the Conduction Heat Transfer through Composite Sphere",32
V2L-HMT,ALM-2.3.1-1                                           DBST,"<b><u>Active Learning Outcomes: 33 min duration.
</u></b><br>ALO 2.3.1-1: Describe the Radial Heat Conduction through Hollow Sphere","Active Learning Outcomes: 33 min duration.
 ALO 2.3.1-1: Describe the Radial Heat Conduction through Hollow Sphere",U2S3T1-1,ALM, ALO 2.3.1-1: Describe the Radial Heat Conduction through Hollow Sphere,33
V2L-HMT,ALM-2.3.1-2                       DBST,"<b><u>Active Learning Outcomes: 13 min duration.
</u></b><br>ALO 2.3.1-2: Explain the Conduction Heat Transfer through Composite Sphere","Active Learning Outcomes: 13 min duration.
 ALO 2.3.1-2: Explain the Conduction Heat Transfer through Composite Sphere",U2S3T1-2,ALM, ALO 2.3.1-2: Explain the Conduction Heat Transfer through Composite Sphere,13
V2L-HMT,PSM 2.3.2,"<u>Problem&nbsp;<u style=""font-size: 0.9375rem;"">Learning Outcomes: 24 min duration.</u><br></u><div>PLO1: Derive the expression for Logarithmic Mean Area for Hollow Sphere</div><div>PLO2: Explain the Critical Thickness of Insulation for Sphere</div><div>PLO3: Derive an expression for the Heat Conduction in Sphere with Uniform Heat Generation</div>","Problem<u style=""font-size: 0.9375rem;"">Learning Outcomes: 24 min duration. PLO1: Derive the expression for Logarithmic Mean Area for Hollow SpherePLO2: Explain the Critical Thickness of Insulation for SpherePLO3: Derive an expression for the Heat Conduction in Sphere with Uniform Heat Generation",U2S3T2,PSM,PLO1: Derive the expression for Logarithmic Mean Area for Hollow SpherePLO2: Explain the Critical Thickness of Insulation for SpherePLO3: Derive an expression for the Heat Conduction in Sphere with Uniform Heat Generation,24
V2L-HMT,ALM 2.3.2-1                                           DBST,"<b><u>Active Learning Outcomes: 51 min duration.
</u></b><br>ALO 2.3.2-1: Describe the Logarithmic Mean Area for Hollow Sphere","Active Learning Outcomes: 51 min duration.
 ALO 2.3.2-1: Describe the Logarithmic Mean Area for Hollow Sphere",U2S3T2-1,ALM, ALO 2.3.2-1: Describe the Logarithmic Mean Area for Hollow Sphere,51
V2L-HMT,ALM 2.3.2-2                                        DBST,"<b><u>Active Learning Outcomes: 38 min duration.
</u></b><br>ALO 2.3.2-2: Explain the Critical Thickness of Insulation for Sphere","Active Learning Outcomes: 38 min duration.
 ALO 2.3.2-2: Explain the Critical Thickness of Insulation for Sphere",U2S3T2-2,ALM, ALO 2.3.2-2: Explain the Critical Thickness of Insulation for Sphere,38
V2L-HMT,GPSM 3.1,"<b><u>GATE Learning Outcomes: 46 Min Duration.
</u></b><br>GLO1: Calculate Rate of Heat dissipation from the Rectangular Fin and Temperature at the Fin Tip
<br>GLO2: Calculate Rate of Heat dissipation from the Fin Insulated at the Tip
<br>GLO3: Calculate the Rate of Heat dissipation from Fin losing Heat at the Tip","GATE Learning Outcomes: 46 Min Duration.
 GLO1: Calculate Rate of Heat dissipation from the Rectangular Fin and Temperature at the Fin Tip
 GLO2: Calculate Rate of Heat dissipation from the Fin Insulated at the Tip
 GLO3: Calculate the Rate of Heat dissipation from Fin losing Heat at the Tip",U3S1,GPSM,"GATE Learning Outcomes: 46 Min Duration.
 GLO1: Calculate Rate of Heat dissipation from the Rectangular Fin and Temperature at the Fin Tip
 GLO2: Calculate Rate of Heat dissipation from the Fin Insulated at the Tip
 GLO3: Calculate the Rate of Heat dissipation from Fin losing Heat at the Tip",0
V2L-HMT,PSM 3.1.1,"<b><u>Problem Learning Outcomes: 7 min duration.
</u></b><br>PLO1: Define the term Fins and also explain types of Fins
<br>PLO2: Differentiate between Rectangular Fin and Cylindrical Fin","Problem Learning Outcomes: 7 min duration.
 PLO1: Define the term Fins and also explain types of Fins
 PLO2: Differentiate between Rectangular Fin and Cylindrical Fin",U3S1T1,PSM," PLO1: Define the term Fins and also explain types of Fins
 PLO2: Differentiate between Rectangular Fin and Cylindrical Fin",7
V2L-HMT,ALM 3.1.1-1                                                     DBST,"<b><u>Active Learning Outcomes: 10 min duration.
</u></b><br>ALO 3.1.1-1: Recall the Basic concept of Fins","Active Learning Outcomes: 10 min duration.
 ALO 3.1.1-1: Recall the Basic concept of Fins",U3S1T1-1,ALM, ALO 3.1.1-1: Recall the Basic concept of Fins,10
V2L-HMT,ALM 3.1.1-2                                                     DBST,"<b><u>Active Learning Outcomes: 4 min duration.
</u></b><br>ALO 3.1.1-2: List various types of Fins","Active Learning Outcomes: 4 min duration.
 ALO 3.1.1-2: List various types of Fins",U3S1T1-2,ALM, ALO 3.1.1-2: List various types of Fins,4
V2L-HMT,PSM 3.1.2,"<b><u>Problem Learning Outcomes: 59 min duration.
</u></b><br>PLO1: Derive the expression for One Dimensional Differential Equation for Fins of Uniform Cross-section and also give expression including Boundary Conditions<br>PLO2: Derive the expression for Heat Dissipation from an Infinitely LongFin. Write assumptions also","Problem Learning Outcomes: 59 min duration.
 PLO1: Derive the expression for One Dimensional Differential Equation for Fins of Uniform Cross-section and also give expression including Boundary Conditions PLO2: Derive the expression for Heat Dissipation from an Infinitely LongFin. Write assumptions also",U3S1T2,PSM, PLO1: Derive the expression for One Dimensional Differential Equation for Fins of Uniform Cross-section and also give expression including Boundary Conditions PLO2: Derive the expression for Heat Dissipation from an Infinitely LongFin. Write assumptions also,59
V2L-HMT,ALM 3.1.2-1                     DBST,"<b><u>Active Learning Outcomes: 29 min duration.
</u></b><br>ALO 3.1.2-1: Describe the phenomena of heat dissipation from rectangular fin","Active Learning Outcomes: 29 min duration.
 ALO 3.1.2-1: Describe the phenomena of heat dissipation from rectangular fin",U3S1T2-1,ALM, ALO 3.1.2-1: Describe the phenomena of heat dissipation from rectangular fin,29
V2L-HMT,ALM 3.1.2-2 and 3                                          DBST,"<b><u>Active Learning Outcomes: 20 min duration.
</u></b><br>ALO2: Describe the phenomena of heat dissipation from an infinitely long fin
<br>ALO3: Calculate the rate of heat dissipation from the rectangular fin and temperature at the fin tip","Active Learning Outcomes: 20 min duration.
 ALO2: Describe the phenomena of heat dissipation from an infinitely long fin
 ALO3: Calculate the rate of heat dissipation from the rectangular fin and temperature at the fin tip",U3S1T2-23,ALM," ALO2: Describe the phenomena of heat dissipation from an infinitely long fin
 ALO3: Calculate the rate of heat dissipation from the rectangular fin and temperature at the fin tip",20
V2L-HMT,PSM 3.1.3,"<b><u>Problem Learning Outcomes: 47 min duration.
</u></b><br>PLO1: Derive an expression for the Temperature Distribution and Heat Loss from Fin Insulated at the Tip","Problem Learning Outcomes: 47 min duration.
 PLO1: Derive an expression for the Temperature Distribution and Heat Loss from Fin Insulated at the Tip",U3S1T3,PSM, PLO1: Derive an expression for the Temperature Distribution and Heat Loss from Fin Insulated at the Tip,47
V2L-HMT,GPSM 3.2,"<b><u>GATE Learning Outcomes: 28 Min Duration.
</u></b><br>GLO1: Find out the Efficiency and Effectiveness of the Fins
<br>GLO2: Calculate the Rate of Heat dissipation from the Straight Triangular Fin
<br>GLO3: How to find out the Error in Measurement of Temperature by Thermometer well","GATE Learning Outcomes: 28 Min Duration.
 GLO1: Find out the Efficiency and Effectiveness of the Fins
 GLO2: Calculate the Rate of Heat dissipation from the Straight Triangular Fin
 GLO3: How to find out the Error in Measurement of Temperature by Thermometer well",U3S2,GPSM,"GATE Learning Outcomes: 28 Min Duration.
 GLO1: Find out the Efficiency and Effectiveness of the Fins
 GLO2: Calculate the Rate of Heat dissipation from the Straight Triangular Fin
 GLO3: How to find out the Error in Measurement of Temperature by Thermometer well",0
V2L-HMT,PSM 3.2.1,"<b><u>Problem Learning Outcomes: 34 min duration.
</u></b><br>PLO1: Explain the Efficiency of the Fins
<br>PLO2: Describe the Effectiveness of the Fins","Problem Learning Outcomes: 34 min duration.
 PLO1: Explain the Efficiency of the Fins
 PLO2: Describe the Effectiveness of the Fins",U3S2T1,PSM," PLO1: Explain the Efficiency of the Fins
 PLO2: Describe the Effectiveness of the Fins",34
V2L-HMT,ALM 3.2.1-1 and 2                                                   DBST,"<b><u>Active Learning Outcomes: 48 min duration.
</u></b><br>ALO1: Recall the significance of fins efficiency and fins effectiveness
<br>ALO2: Calculate the efficiency and effectiveness of the fins","Active Learning Outcomes: 48 min duration.
 ALO1: Recall the significance of fins efficiency and fins effectiveness
 ALO2: Calculate the efficiency and effectiveness of the fins",U3S2T1-12,ALM," ALO1: Recall the significance of fins efficiency and fins effectiveness
 ALO2: Calculate the efficiency and effectiveness of the fins",48
V2L-HMT,ALM 3.2.2-1                                              DBST,"<b><u>Active Learning Outcomes: 33 min duration.
</u></b><br>ALO 3.2.2-1:  Describe the phenomena of heat dissipation from straight triangular fin","Active Learning Outcomes: 33 min duration.
 ALO 3.2.2-1:  Describe the phenomena of heat dissipation from straight triangular fin",U3S2T2-1,ALM, ALO 3.2.2-1:  Describe the phenomena of heat dissipation from straight triangular fin,33
V2L-HMT,ALM 3.2.2-2                                     DBST,"<b><u>Active Learning Outcomes: 7 min duration.
</u></b><br>ALO 3.2.2-2: Calculate Rate of heat dissipation from the straight triangular fin (wrong video)","Active Learning Outcomes: 7 min duration.
 ALO 3.2.2-2: Calculate Rate of heat dissipation from the straight triangular fin (wrong video)",U3S2T2-2,ALM, ALO 3.2.2-2: Calculate Rate of heat dissipation from the straight triangular fin (wrong video),7
V2L-HMT,PSM 3.2.3,"<b><u>Problem Learning Outcomes: 15 min duration.
</u></b><br>PLO1: Explain the phenomena of “Error in Measurement of Temperature by Thermometer Well”","Problem Learning Outcomes: 15 min duration.
 PLO1: Explain the phenomena of “Error in Measurement of Temperature by Thermometer Well”",U3S2T3,PSM, PLO1: Explain the phenomena of “Error in Measurement of Temperature by Thermometer Well”,15
V2L-HMT,ALM 3.2.3-1                                          DBST,"<b><u>Active Learning Outcomes: 31 min duration.
</u></b><br>ALO 3.2.3-1: Recall the error in measurement of temperature by thermometer well","Active Learning Outcomes: 31 min duration.
 ALO 3.2.3-1: Recall the error in measurement of temperature by thermometer well",U3S2T3-1,ALM, ALO 3.2.3-1: Recall the error in measurement of temperature by thermometer well,31
V2L-HMT,GPSM 4.1,"<b><u>GATE Learning Outcomes: 37 Min Duration.
</u></b><br>GLO1: Explain the Transient Heat Conduction
<br>GLO2: Describe the Lumped Heat Capacity Analysis with negligible internal thermal Resistance
<br>GLO3: What are Fourier and Biot numbers? What is the physical significance of these numbers","GATE Learning Outcomes: 37 Min Duration.
 GLO1: Explain the Transient Heat Conduction
 GLO2: Describe the Lumped Heat Capacity Analysis with negligible internal thermal Resistance
 GLO3: What are Fourier and Biot numbers? What is the physical significance of these numbers",U4S1,GPSM,"GATE Learning Outcomes: 37 Min Duration.
 GLO1: Explain the Transient Heat Conduction
 GLO2: Describe the Lumped Heat Capacity Analysis with negligible internal thermal Resistance
 GLO3: What are Fourier and Biot numbers? What is the physical significance of these numbers",0
V2L-HMT,PSM 4.1.1,"<b><u>Problem Learning Outcomes: 5 min duration.
</u></b><br>PLO1: Difference between the Steady and Unsteady state
<br>PLO2: Explain briefly Periodic and Non-Periodic Temperature Variation","Problem Learning Outcomes: 5 min duration.
 PLO1: Difference between the Steady and Unsteady state
 PLO2: Explain briefly Periodic and Non-Periodic Temperature Variation",U4S1T1,PSM," PLO1: Difference between the Steady and Unsteady state
 PLO2: Explain briefly Periodic and Non-Periodic Temperature Variation",5
V2L-HMT,ALM 4.1.1-1                                            DBST,"<b><u>Active Learning Outcomes: 11 min duration.
</u></b><br>ALO 4.1.1-1: Define steady and unsteady/transient heat conduction","Active Learning Outcomes: 11 min duration.
 ALO 4.1.1-1: Define steady and unsteady/transient heat conduction",U4S1T1-1,ALM, ALO 4.1.1-1: Define steady and unsteady/transient heat conduction,11
V2L-HMT,ALM 4.1.1-2                                                   DBST,"<b><u>Active Learning Outcomes: 8 min duration.
</u></b><br>ALO 4.1.1-2: Explain the Periodic and Non-periodic temperature variation","Active Learning Outcomes: 8 min duration.
 ALO 4.1.1-2: Explain the Periodic and Non-periodic temperature variation",U4S1T1-2,ALM, ALO 4.1.1-2: Explain the Periodic and Non-periodic temperature variation,8
V2L-HMT,PSM 4.1.2,"<b><u>Problem Learning Outcomes: 56 min duration.
</u></b><br>PLO1: Define the term Lumped Capacity
<br>PLO2: Describe Fourier and Biot numbers and explain the physical significance of these numbers","Problem Learning Outcomes: 56 min duration.
 PLO1: Define the term Lumped Capacity
 PLO2: Describe Fourier and Biot numbers and explain the physical significance of these numbers",U4S1T2,PSM," PLO1: Define the term Lumped Capacity
 PLO2: Describe Fourier and Biot numbers and explain the physical significance of these numbers",56
V2L-HMT,ALM 4.1.2-1                                         DBST,"<b><u>Active Learning Outcomes: 37 min duration.
</u></b><br>ALO 4.1.2-1: Describe Lumped Heat Capacity Analysis with negligible internal thermal resistance","Active Learning Outcomes: 37 min duration.
 ALO 4.1.2-1: Describe Lumped Heat Capacity Analysis with negligible internal thermal resistance",U4S1T2-1,ALM, ALO 4.1.2-1: Describe Lumped Heat Capacity Analysis with negligible internal thermal resistance,37
V2L-HMT,ALM 4.1.2-2                                   DBST,"<b><u>Active Learning Outcomes: 27 min duration.
</u></b><br>ALO 4.1.2-2: Explain Biot and Fourier number","Active Learning Outcomes: 27 min duration.
 ALO 4.1.2-2: Explain Biot and Fourier number",U4S1T2-2,ALM, ALO 4.1.2-2: Explain Biot and Fourier number,27
V2L-HMT,ALM 4.1.2-3                                               DBST,"<b><u>Active Learning Outcomes: 13 min duration.
</u></b><br>ALO 4.1.2-3: Describe instantaneous heat flow and total heat transfer rate","Active Learning Outcomes: 13 min duration.
 ALO 4.1.2-3: Describe instantaneous heat flow and total heat transfer rate",U4S1T2-3,ALM, ALO 4.1.2-3: Describe instantaneous heat flow and total heat transfer rate,13
V2L-HMT,GPSM 4.2,"<b><u>GATE Learning Outcomes: 17 Min Duration.
</u></b><br>GLO1: Describe Time Constant and its Significance
<br>GLO2: Define Response time and Sensitivity of Thermocouple
<br>GLO3: What are the Heisler Chart. Explain its Significance","GATE Learning Outcomes: 17 Min Duration.
 GLO1: Describe Time Constant and its Significance
 GLO2: Define Response time and Sensitivity of Thermocouple
 GLO3: What are the Heisler Chart. Explain its Significance",U4S2,GPSM,"GATE Learning Outcomes: 17 Min Duration.
 GLO1: Describe Time Constant and its Significance
 GLO2: Define Response time and Sensitivity of Thermocouple
 GLO3: What are the Heisler Chart. Explain its Significance",0
V2L-HMT,PSM 4.2.1,"<b><u>Problem Learning Outcomes: 31 min duration.
</u></b><br>PLO1: Define Response Time of Thermocouple
<br>PLO2: Define Sensitivity of Thermocouple
<br>PLO3: Explain the favorable Conditions to achieve the low value of Time Constant","Problem Learning Outcomes: 31 min duration.
 PLO1: Define Response Time of Thermocouple
 PLO2: Define Sensitivity of Thermocouple
 PLO3: Explain the favorable Conditions to achieve the low value of Time Constant",U4S2T1,PSM," PLO1: Define Response Time of Thermocouple
 PLO2: Define Sensitivity of Thermocouple
 PLO3: Explain the favorable Conditions to achieve the low value of Time Constant",31
V2L-HMT,ALM 4.2.1-1 and 2                                            DBST,"<b><u>Active Learning Outcomes: 26 min duration.
</u></b><br>ALO 4.2.1-1: Explain the concept of Time Constant
<br>ALO 4.2.1-2: Explain the response time of temperature measuring instruments","Active Learning Outcomes: 26 min duration.
 ALO 4.2.1-1: Explain the concept of Time Constant
 ALO 4.2.1-2: Explain the response time of temperature measuring instruments",U4S2T1-12,ALM," ALO 4.2.1-1: Explain the concept of Time Constant
 ALO 4.2.1-2: Explain the response time of temperature measuring instruments",26
V2L-HMT,PSM 4.2.2,"<b><u>Problem Learning Outcomes: 21 min duration.
</u></b><br>PLO1: Explain “Heisler Charts” in detail
<br>PLO2: Describe the Transient Heat Conduction for a plane wall can be analyzed with the help of the Heisler chart","Problem Learning Outcomes: 21 min duration.
 PLO1: Explain “Heisler Charts” in detail
 PLO2: Describe the Transient Heat Conduction for a plane wall can be analyzed with the help of the Heisler chart",U4S2T2,PSM," PLO1: Explain “Heisler Charts” in detail
 PLO2: Describe the Transient Heat Conduction for a plane wall can be analyzed with the help of the Heisler chart",21
V2L-HMT,ALM 4.2.2-1                          DBST,"<b><u>Active Learning Outcomes: 11 min duration.
</u></b><br>ALO 4.2.2-1:  Explain the Transient heat conduction in solids with finite conduction and convective resistance","Active Learning Outcomes: 11 min duration.
 ALO 4.2.2-1:  Explain the Transient heat conduction in solids with finite conduction and convective resistance",U4S2T2-1,ALM, ALO 4.2.2-1:  Explain the Transient heat conduction in solids with finite conduction and convective resistance,11
V2L-HMT,ALM 4.2.2-2                                              DBST,"<b><u>Active Learning Outcomes: 12 min duration.
</u></b><br>ALO 4.2.2-2: Explain the utility of Heisler Chart in transient heat conduction problem","Active Learning Outcomes: 12 min duration.
 ALO 4.2.2-2: Explain the utility of Heisler Chart in transient heat conduction problem",U4S2T2-2,ALM, ALO 4.2.2-2: Explain the utility of Heisler Chart in transient heat conduction problem,12
V2L-HMT,GPSM 5.1,"<b><u>GATE Learning Outcomes: 20 Min Duration.
</u></b><br>GLO1: Calculate the value of Grashoff and Rayleigh number
<br>GLO2: Calculate the value of Heat transfer coefficient and Rate of Heat transfer for Free Convection
<br>GLO3: Calculate the value of Nusselt the number for Natural Convection","GATE Learning Outcomes: 20 Min Duration.
 GLO1: Calculate the value of Grashoff and Rayleigh number
 GLO2: Calculate the value of Heat transfer coefficient and Rate of Heat transfer for Free Convection
 GLO3: Calculate the value of Nusselt the number for Natural Convection",U5S1,GPSM,"GATE Learning Outcomes: 20 Min Duration.
 GLO1: Calculate the value of Grashoff and Rayleigh number
 GLO2: Calculate the value of Heat transfer coefficient and Rate of Heat transfer for Free Convection
 GLO3: Calculate the value of Nusselt the number for Natural Convection",0
V2L-HMT,PSM 5.1.1,"<b><u>Problem Learning Outcomes: 41 min duration.
</u></b><br>PLO1: Discuss different Characteristic Parameters used in Free Convection Heat Transfer
PLO2: Explain the Physical Significance of Grashoff Number with reference to Heat Transfer by Natural Convection
<br>PLO3: Describe Rayleigh Number and explain the Critical value of Rayleigh number","Problem Learning Outcomes: 41 min duration.
 PLO1: Discuss different Characteristic Parameters used in Free Convection Heat Transfer
PLO2: Explain the Physical Significance of Grashoff Number with reference to Heat Transfer by Natural Convection
 PLO3: Describe Rayleigh Number and explain the Critical value of Rayleigh number",U5S1T1,PSM," PLO1: Discuss different Characteristic Parameters used in Free Convection Heat Transfer
PLO2: Explain the Physical Significance of Grashoff Number with reference to Heat Transfer by Natural Convection
 PLO3: Describe Rayleigh Number and explain the Critical value of Rayleigh number",41
V2L-HMT,ALM 5.1.1-1                                DBST,"<b><u>Active Learning Outcomes: 17 min duration.
</u></b><br>ALO 5.1.1-1: Recall the physical mechanism of free convection","Active Learning Outcomes: 17 min duration.
 ALO 5.1.1-1: Recall the physical mechanism of free convection",U5S1T1-1,ALM, ALO 5.1.1-1: Recall the physical mechanism of free convection,17
V2L-HMT,ALM 5.1.1-2                                   DBST,"<b><u>Active Learning Outcomes: 23 min duration.
</u></b><br>ALO 5.1.1-2: Describe the Dimensional Analysis applied to free convection heat transfer","Active Learning Outcomes: 23 min duration.
 ALO 5.1.1-2: Describe the Dimensional Analysis applied to free convection heat transfer",U5S1T1-2,ALM, ALO 5.1.1-2: Describe the Dimensional Analysis applied to free convection heat transfer,23
V2L-HMT,ALM 5.1.1-3                                                      DBST,"<b><u>Active Learning Outcomes: 10 min duration.
</u></b><br>ALO 5.1.1-3: Recall the characteristic parameters in free convection","Active Learning Outcomes: 10 min duration.
 ALO 5.1.1-3: Recall the characteristic parameters in free convection",U5S1T1-3,ALM, ALO 5.1.1-3: Recall the characteristic parameters in free convection,10
V2L-HMT,ALM 5.1.1-4                                                     DBST,"<b><u>Active Learning Outcomes: 11 min duration.
</u></b><br>ALO 5.1.1-4: Describe the momentum and energy equation for laminar free convection heat transfer on vertical flat plate","Active Learning Outcomes: 11 min duration.
 ALO 5.1.1-4: Describe the momentum and energy equation for laminar free convection heat transfer on vertical flat plate",U5S1T1-4,ALM, ALO 5.1.1-4: Describe the momentum and energy equation for laminar free convection heat transfer on vertical flat plate,11
V2L-HMT,PSM 5.1.2,"<b><u>Problem Learning Outcomes: 42 min duration.
</u></b><br>PLO1: Explain the Recommended Correlation for Natural Convection over Vertical Plate or The cylinder in Tubular Flow Region
<br>PLO2: Explain the Significance of Combined Forced and Natural Convection. What is the role of the Parameter Gr/Re² in this regard","Problem Learning Outcomes: 42 min duration.
 PLO1: Explain the Recommended Correlation for Natural Convection over Vertical Plate or The cylinder in Tubular Flow Region
 PLO2: Explain the Significance of Combined Forced and Natural Convection. What is the role of the Parameter Gr/Re² in this regard",U5S1T2,PSM," PLO1: Explain the Recommended Correlation for Natural Convection over Vertical Plate or The cylinder in Tubular Flow Region
 PLO2: Explain the Significance of Combined Forced and Natural Convection. What is the role of the Parameter Gr/Re² in this regard",42
V2L-HMT,ALM 5.1.2-1                                   DBST,"<b><u>Active Learning Outcomes: 26 min duration.
</u></b><br>ALO 5.1.2-1: Recall the velocity and temperature profile on a vertical flat plate","Active Learning Outcomes: 26 min duration.
 ALO 5.1.2-1: Recall the velocity and temperature profile on a vertical flat plate",U5S1T2-1,ALM, ALO 5.1.2-1: Recall the velocity and temperature profile on a vertical flat plate,26
V2L-HMT,ALM 5.1.2-3                                                        DBST,"<b><u>Active Learning Outcomes: 6 min duration.
</u></b><br>ALO 5.1.2-3: Recall the concept of combined free and forced convection","Active Learning Outcomes: 6 min duration.
 ALO 5.1.2-3: Recall the concept of combined free and forced convection",U5S1T2-3,ALM, ALO 5.1.2-3: Recall the concept of combined free and forced convection,6
V2L-HMT,ALM 5.1.3-2                                       DBST,"<b><u>Active Learning Outcomes: 12 min duration.
</u></b><br>ALO 5.1.2-2: Describe correlation for free convection","Active Learning Outcomes: 12 min duration.
 ALO 5.1.2-2: Describe correlation for free convection",U5S1T3-2,ALM, ALO 5.1.2-2: Describe correlation for free convection,12
V2L-HMT,GPSM 5.2,"<b><u>GATE Learning Outcomes: 17 Min Duration.
</u></b><br>GLO1: Explain the concept of Dimensional Analysis
<br>GLO2: What are the Methods of Dimensional Analysis? Describe the Rayleigh’s Method for Dimensional Analysis
<br>GLO3: State Buckingham’s π Theorem. Why this Theorem is considered superior to Rayleigh’s Method for Dimensional Analysis","GATE Learning Outcomes: 17 Min Duration.
 GLO1: Explain the concept of Dimensional Analysis
 GLO2: What are the Methods of Dimensional Analysis? Describe the Rayleigh’s Method for Dimensional Analysis
 GLO3: State Buckingham’s π Theorem. Why this Theorem is considered superior to Rayleigh’s Method for Dimensional Analysis",U5S2,GPSM,"GATE Learning Outcomes: 17 Min Duration.
 GLO1: Explain the concept of Dimensional Analysis
 GLO2: What are the Methods of Dimensional Analysis? Describe the Rayleigh’s Method for Dimensional Analysis
 GLO3: State Buckingham’s π Theorem. Why this Theorem is considered superior to Rayleigh’s Method for Dimensional Analysis",0
V2L-HMT,PSM 5.2.1,"<b><u>Problem Learning Outcomes: 11 min duration.
</u></b><br>PLO1: Explain the Dimensional Analysis
<br>PLO2: List and explain uses of Dimensional Analysis","Problem Learning Outcomes: 11 min duration.
 PLO1: Explain the Dimensional Analysis
 PLO2: List and explain uses of Dimensional Analysis",U5S2T1,PSM," PLO1: Explain the Dimensional Analysis
 PLO2: List and explain uses of Dimensional Analysis",11
V2L-HMT,ALM 5.2.1-1 and 2                                              DBST,"<b><u>Active Learning Outcomes: 23 min duration.
</u></b><br>ALO 5.2.1-1: Explain the concept of Dimensional Analysis
<br>ALO 5.2.1-2: Define the Fundamental and Derived units","Active Learning Outcomes: 23 min duration.
 ALO 5.2.1-1: Explain the concept of Dimensional Analysis
 ALO 5.2.1-2: Define the Fundamental and Derived units",U5S2T1-12,ALM," ALO 5.2.1-1: Explain the concept of Dimensional Analysis
 ALO 5.2.1-2: Define the Fundamental and Derived units",23
V2L-HMT,ALM 5.2.1-3                                    DBST,"<b><u>Active Learning Outcomes: 3 min duration.
</u></b><br>ALO 5.2.1-3: List the uses of dimensional analysis","Active Learning Outcomes: 3 min duration.
 ALO 5.2.1-3: List the uses of dimensional analysis",U5S2T1-3,ALM, ALO 5.2.1-3: List the uses of dimensional analysis,3
V2L-HMT,ALM 5.2.1-4                                   DBST,"<b><u>Active Learning Outcomes: 5 min duration.
</u></b><br>ALO 5.2.1-4: List the advantages and limitations of dimensional analysis","Active Learning Outcomes: 5 min duration.
 ALO 5.2.1-4: List the advantages and limitations of dimensional analysis",U5S2T1-4,ALM, ALO 5.2.1-4: List the advantages and limitations of dimensional analysis,5
V2L-HMT,PSM 5.2.2,"<b><u>Problem Learning Outcomes: 16 min duration.
</u></b><br>PLO1: Describe the Rayleigh’s Method for Dimensional Analysis","Problem Learning Outcomes: 16 min duration.
 PLO1: Describe the Rayleigh’s Method for Dimensional Analysis",U5S2T2,PSM, PLO1: Describe the Rayleigh’s Method for Dimensional Analysis,16
V2L-HMT,ALM 5.2.2-1 and 2                                                  DBST,"<b><u>Active Learning Outcomes: 21 min duration.
</u></b><br>ALO 5.2.2-1: List the methods of dimensional analysis
<br>ALO 5.2.2-2: Explain Rayleigh’s method for dimensional analysis","Active Learning Outcomes: 21 min duration.
 ALO 5.2.2-1: List the methods of dimensional analysis
 ALO 5.2.2-2: Explain Rayleigh’s method for dimensional analysis",U5S2T2-12,ALM," ALO 5.2.2-1: List the methods of dimensional analysis
 ALO 5.2.2-2: Explain Rayleigh’s method for dimensional analysis",21
V2L-HMT,PSM 5.2.3,"<b><u>Problem Learning Outcomes: 36 min duration.
</u></b><br>PLO1: State Buckingham’s π Theorem. Why this Theorem is considered superior over Rayleigh’s Method for Dimensional Analysis","Problem Learning Outcomes: 36 min duration.
 PLO1: State Buckingham’s π Theorem. Why this Theorem is considered superior over Rayleigh’s Method for Dimensional Analysis",U5S2T3,PSM, PLO1: State Buckingham’s π Theorem. Why this Theorem is considered superior over Rayleigh’s Method for Dimensional Analysis,36
V2L-HMT,ALM 5.2.3-1                                       DBST,"<b><u>Active Learning Outcomes: 26 min duration.
</u></b><br>ALO 5.2.3-1: Explain Buckingham’s π method for dimensional analysis","Active Learning Outcomes: 26 min duration.
 ALO 5.2.3-1: Explain Buckingham’s π method for dimensional analysis",U5S2T3-1,ALM, ALO 5.2.3-1: Explain Buckingham’s π method for dimensional analysis,26
V2L-HMT,PSM 6.1.1,"<b><u>Problem Learning Outcomes: 9 min duration.
</u></b><br>PLO1: Define the terms  Boundary Layer and Boundary Layer theory
<br>PLO2: Differentiate between Laminar Boundary layer, Turbulent Boundary Layer, and Laminar Sub-layer","Problem Learning Outcomes: 9 min duration.
 PLO1: Define the terms  Boundary Layer and Boundary Layer theory
 PLO2: Differentiate between Laminar Boundary layer, Turbulent Boundary Layer, and Laminar Sub-layer",U6S1T1,PSM," PLO1: Define the terms  Boundary Layer and Boundary Layer theory
 PLO2: Differentiate between Laminar Boundary layer, Turbulent Boundary Layer, and Laminar Sub-layer",9
V2L-HMT,ALM 6.1.1-1                                           DBST,"<b><u>Active Learning Outcomes: 11 min duration.
</u></b><br>ALO 6.1.1-1: Explain the Boundary layer concept","Active Learning Outcomes: 11 min duration.
 ALO 6.1.1-1: Explain the Boundary layer concept",U6S1T1-1,ALM, ALO 6.1.1-1: Explain the Boundary layer concept,11
V2L-HMT,ALM 6.1.1-2                                           DBST,"<b><u>Active Learning Outcomes: 8 min duration.
</u></b><br>ALO 6.1.1-2: Explain the laminar boundary layer, turbulent boundary layer, and laminar sub-Layer","Active Learning Outcomes: 8 min duration.
 ALO 6.1.1-2: Explain the laminar boundary layer, turbulent boundary layer, and laminar sub-Layer",U6S1T1-2,ALM," ALO 6.1.1-2: Explain the laminar boundary layer, turbulent boundary layer, and laminar sub-Layer",8
V2L-HMT,PSM 6.1.2,"<b><u>Problem Learning Outcomes: 23 min duration.
</u></b><br>PLO1: Define the term Boundary Layer Thickness
<br>PLO2: Define the Displacement Thickness. Derive an expression for the Displacement Thickness
<br>PLO3: Prove that the Momentum Thickness and Energy Thickness for Boundary Layer","Problem Learning Outcomes: 23 min duration.
 PLO1: Define the term Boundary Layer Thickness
 PLO2: Define the Displacement Thickness. Derive an expression for the Displacement Thickness
 PLO3: Prove that the Momentum Thickness and Energy Thickness for Boundary Layer",U6S1T2,PSM," PLO1: Define the term Boundary Layer Thickness
 PLO2: Define the Displacement Thickness. Derive an expression for the Displacement Thickness
 PLO3: Prove that the Momentum Thickness and Energy Thickness for Boundary Layer",23
V2L-HMT,ALM 6.1.2-1                                    DBST,"<b><u>Active Learning Outcomes: 8 min duration.
</u></b><br>ALO 6.1.2-1: Describe the Boundary layer thickness","Active Learning Outcomes: 8 min duration.
 ALO 6.1.2-1: Describe the Boundary layer thickness",U6S1T2-1,ALM, ALO 6.1.2-1: Describe the Boundary layer thickness,8
V2L-HMT,ALM 6.1.2-2                                     DBST,"<b><u>Active Learning Outcomes: 18 min duration.
</u></b><br>ALO 6.1.2-2: Explain the displacement thickness, momentum thickness, and energy thickness","Active Learning Outcomes: 18 min duration.
 ALO 6.1.2-2: Explain the displacement thickness, momentum thickness, and energy thickness",U6S1T2-2,ALM," ALO 6.1.2-2: Explain the displacement thickness, momentum thickness, and energy thickness",18
V2L-HMT,ALM 6.1.2-3 and 4                                             DBST,"<b><u>Active Learning Outcomes: 20 min duration.
</u></b><br>ALO 6.1.2-3: Define the Shape Factor
<br>ALO 6.1.2-4 Compute the Boundary layer thickness","Active Learning Outcomes: 20 min duration.
 ALO 6.1.2-3: Define the Shape Factor
 ALO 6.1.2-4 Compute the Boundary layer thickness",U6S1T2-34,ALM," ALO 6.1.2-3: Define the Shape Factor
 ALO 6.1.2-4 Compute the Boundary layer thickness",20
V2L-HMT,PSM 6.1.3,"<b><u>Problem Learning Outcomes: 38 min duration.
</u></b><br>PLO1: Obtain the Von-Karman Momentum Integral Equation
<br>PLO2: Derive an expression for the Blasius equation","Problem Learning Outcomes: 38 min duration.
 PLO1: Obtain the Von-Karman Momentum Integral Equation
 PLO2: Derive an expression for the Blasius equation",U6S1T3,PSM," PLO1: Obtain the Von-Karman Momentum Integral Equation
 PLO2: Derive an expression for the Blasius equation",38
V2L-HMT,ALM 6.1.3-1                                            DBST,"<b><u>Active Learning Outcomes: 36 min duration.
</u></b><br>ALO 6.1.3-1: Describe the Momentum integral equation for the boundary layer (Von-Karman)","Active Learning Outcomes: 36 min duration.
 ALO 6.1.3-1: Describe the Momentum integral equation for the boundary layer (Von-Karman)",U6S1T3-1,ALM, ALO 6.1.3-1: Describe the Momentum integral equation for the boundary layer (Von-Karman),36
V2L-HMT,ALM 6.1.3-2                                          DBST,"<b><u>Active Learning Outcomes: 8 min duration.
</u></b><br>ALO 6.1.3-2: Explain the essential features of the Blasius method of solving laminar boundary layer equations for a flat plate","Active Learning Outcomes: 8 min duration.
 ALO 6.1.3-2: Explain the essential features of the Blasius method of solving laminar boundary layer equations for a flat plate",U6S1T3-2,ALM, ALO 6.1.3-2: Explain the essential features of the Blasius method of solving laminar boundary layer equations for a flat plate,8
V2L-HMT,GPSM 6.2,"<b><u>GATE Learning Outcomes: 25 Min Duration.
</u></b><br>GLO1: Calculate the value of convective heat transfer coefficient
<br>GLO2: Calculate the Value of Prandtl and Nusselt Number
<br>GLO3: Calculate Hydrodynamic  and Thermal Boundary Layer Thickness
<br>GLO4: Calculate Heat Transfer Rate for Forced Convection in Flat Plate and Circular Tube","GATE Learning Outcomes: 25 Min Duration.
 GLO1: Calculate the value of convective heat transfer coefficient
 GLO2: Calculate the Value of Prandtl and Nusselt Number
 GLO3: Calculate Hydrodynamic  and Thermal Boundary Layer Thickness
 GLO4: Calculate Heat Transfer Rate for Forced Convection in Flat Plate and Circular Tube",U6S2,GPSM,"GATE Learning Outcomes: 25 Min Duration.
 GLO1: Calculate the value of convective heat transfer coefficient
 GLO2: Calculate the Value of Prandtl and Nusselt Number
 GLO3: Calculate Hydrodynamic  and Thermal Boundary Layer Thickness
 GLO4: Calculate Heat Transfer Rate for Forced Convection in Flat Plate and Circular Tube",0
V2L-HMT,PSM 6.2.1,"<b><u>Problem Learning Outcomes: 21 min duration.
</u></b><br>PLO1: Prove that Dimensional Analysis for Forced Convection, Nu = f(Re, Pr)
<br>PLO2: Explain the significance of Nusselt and Prandtl Number","Problem Learning Outcomes: 21 min duration.
 PLO1: Prove that Dimensional Analysis for Forced Convection, Nu = f(Re, Pr)
 PLO2: Explain the significance of Nusselt and Prandtl Number",U6S2T1,PSM," PLO1: Prove that Dimensional Analysis for Forced Convection, Nu = f(Re, Pr)
 PLO2: Explain the significance of Nusselt and Prandtl Number",21
V2L-HMT,ALM 6.2.1-3                                    DBST,"<b><u>Active Learning Outcomes: 23 min duration.
</u></b><br>ALO 6.2.1-3: Describe thermal boundary layer over the flat plate","Active Learning Outcomes: 23 min duration.
 ALO 6.2.1-3: Describe thermal boundary layer over the flat plate",U6S2T1-3,ALM, ALO 6.2.1-3: Describe thermal boundary layer over the flat plate,23
V2L-HMT,ALM 6.2.1-4                                               DBST,"<b><u>Active Learning Outcomes: 29 min duration.
</u></b><br>ALO 6.2.1-4: Recall the physical significance of Nusselt number and Prandtl number","Active Learning Outcomes: 29 min duration.
 ALO 6.2.1-4: Recall the physical significance of Nusselt number and Prandtl number",U6S2T1-4,ALM, ALO 6.2.1-4: Recall the physical significance of Nusselt number and Prandtl number,29
V2L-HMT,ALM 6.2.1-5                                           DBST,"<b><u>Active Learning Outcomes: 22 min duration.
</u></b><br>ALO 6.2.1-5: Describe Energy equation of Thermal boundary layer over flat plate","Active Learning Outcomes: 22 min duration.
 ALO 6.2.1-5: Describe Energy equation of Thermal boundary layer over flat plate",U6S2T1-5,ALM, ALO 6.2.1-5: Describe Energy equation of Thermal boundary layer over flat plate,22
V2L-HMT,PSM 6.2.2,"<b><u>Problem Learning Outcomes: 53 min duration.
<br></u></b>PLO1: Explain the phenomena Mixing Cup Temperature of Fluid flowing through the tube
PLO2: Explain the values of Nusselt Number for Laminar Flow through a tube when the Boundary condition is <br>&nbsp; &nbsp; &nbsp; &nbsp; &nbsp; &nbsp;i. Constant Heat Flux
<br>&nbsp; &nbsp; &nbsp; &nbsp; &nbsp; &nbsp;ii. Constant wall temperature
<br>PLO3: Explain the significance of Stanton Number","Problem Learning Outcomes: 53 min duration.
 PLO1: Explain the phenomena Mixing Cup Temperature of Fluid flowing through the tube
PLO2: Explain the values of Nusselt Number for Laminar Flow through a tube when the Boundary condition is  i. Constant Heat Flux
 ii. Constant wall temperature
 PLO3: Explain the significance of Stanton Number",U6S2T2,PSM," PLO1: Explain the phenomena Mixing Cup Temperature of Fluid flowing through the tube
PLO2: Explain the values of Nusselt Number for Laminar Flow through a tube when the Boundary condition is  i. Constant Heat Flux
 ii. Constant wall temperature
 PLO3: Explain the significance of Stanton Number",53
V2L-HMT,ALM 6.2.2-1                                         DBST,"<b><u>Active Learning Outcomes: 26 min duration.
<br></u></b>ALO 6.2.2-1: Recall the Local and Average heat transfer coefficient over the flat plate","Active Learning Outcomes: 26 min duration.
 ALO 6.2.2-1: Recall the Local and Average heat transfer coefficient over the flat plate",U6S2T2-1,ALM, ALO 6.2.2-1: Recall the Local and Average heat transfer coefficient over the flat plate,26
V2L-HMT,ALM 6.2.2-2                                               DBST,"<b><u>Active Learning Outcomes: 12 min duration.
</u></b><br>ALO 6.2.2-2: Describe Reynold’s and Colbum Analogy","Active Learning Outcomes: 12 min duration.
 ALO 6.2.2-2: Describe Reynold’s and Colbum Analogy",U6S2T2-2,ALM, ALO 6.2.2-2: Describe Reynold’s and Colbum Analogy,12
V2L-HMT,ALM 6.2.2-3 and 4                                               DBST,"<b><u>Active Learning Outcomes: 32 min duration.
</u></b><br>ALO 6.2.2-3:  Recall the Forced Convection in Flow through Pipe
<br>ALO 6.2.2-4: Describe Temperature Distribution and Bulk Mean Temperature for Laminar Flow","Active Learning Outcomes: 32 min duration.
 ALO 6.2.2-3:  Recall the Forced Convection in Flow through Pipe
 ALO 6.2.2-4: Describe Temperature Distribution and Bulk Mean Temperature for Laminar Flow",U6S2T2-34,ALM," ALO 6.2.2-3:  Recall the Forced Convection in Flow through Pipe
 ALO 6.2.2-4: Describe Temperature Distribution and Bulk Mean Temperature for Laminar Flow",32
V2L-HMT,GPSM 6.3,"<b><u>GATE Learning Outcomes: 19 Min Duration.
</u></b><br>GLO1: Explain the characteristics of Turbulent Flow
<br>GLO2: Explain the significance of Reynold’s Stress in Turbulent Flow
<br>GLO3: Describe the significance of Prandtl’s Mixing Length theory in the Turbulent Flow","GATE Learning Outcomes: 19 Min Duration.
 GLO1: Explain the characteristics of Turbulent Flow
 GLO2: Explain the significance of Reynold’s Stress in Turbulent Flow
 GLO3: Describe the significance of Prandtl’s Mixing Length theory in the Turbulent Flow",U6S3,GPSM,"GATE Learning Outcomes: 19 Min Duration.
 GLO1: Explain the characteristics of Turbulent Flow
 GLO2: Explain the significance of Reynold’s Stress in Turbulent Flow
 GLO3: Describe the significance of Prandtl’s Mixing Length theory in the Turbulent Flow",0
V2L-HMT,PSM 6.3.1,"<b><u>Problem Learning Outcomes: 9 min duration.
</u></b><br>PLO1: Describe some Characteristics of Turbulent Flow
<br>PLO2: Explain the term Eddy Viscosity","Problem Learning Outcomes: 9 min duration.
 PLO1: Describe some Characteristics of Turbulent Flow
 PLO2: Explain the term Eddy Viscosity",U6S3T1,PSM," PLO1: Describe some Characteristics of Turbulent Flow
 PLO2: Explain the term Eddy Viscosity",9
V2L-HMT,ALM 6.3.1-1                                           DBST,"<b><u>Active Learning Outcomes: 9 min duration.
</u></b><br>ALO 6.3.1-1: Explain the characteristics of turbulent flow","Active Learning Outcomes: 9 min duration.
 ALO 6.3.1-1: Explain the characteristics of turbulent flow",U6S3T1-1,ALM, ALO 6.3.1-1: Explain the characteristics of turbulent flow,9
V2L-HMT,ALM 6.3.1-2                                          DBST,"<b><u>Active Learning Outcomes: 8 min duration.
</u></b><br>ALO 6.3.1-2:  Explain the significance of Reynolds stress in turbulent flow","Active Learning Outcomes: 8 min duration.
 ALO 6.3.1-2:  Explain the significance of Reynolds stress in turbulent flow",U6S3T1-2,ALM, ALO 6.3.1-2:  Explain the significance of Reynolds stress in turbulent flow,8
V2L-HMT,PSM 6.3.2,"<b><u>Problem Learning Outcomes: 8 min duration.
</u></b><br>PLO1: Explain the Prandtl’s Mixing Length concept to describe the Turbulent during the Fluid Flows at High Reynold’s Number","Problem Learning Outcomes: 8 min duration.
 PLO1: Explain the Prandtl’s Mixing Length concept to describe the Turbulent during the Fluid Flows at High Reynold’s Number",U6S3T2,PSM, PLO1: Explain the Prandtl’s Mixing Length concept to describe the Turbulent during the Fluid Flows at High Reynold’s Number,8
V2L-HMT,ALM 6.3.2-1                                    DBST,"<b><u>Active Learning Outcomes: 14 min duration.
</u></b><br>ALO 6.3.2-1: Describe the significance of Prandtl’s Mixing Length theory in the turbulent flow","Active Learning Outcomes: 14 min duration.
 ALO 6.3.2-1: Describe the significance of Prandtl’s Mixing Length theory in the turbulent flow",U6S3T2-1,ALM, ALO 6.3.2-1: Describe the significance of Prandtl’s Mixing Length theory in the turbulent flow,14
V2L-HMT,GPSM 7.1,"<b><u>GATE Learning Outcomes: 16 min Duration.
</u></b><br>GLO1: Explain Radiation Heat Transfer.
<br>GLO2: Define and calculate the Absorptivity, Reflectivity, and Transmissivity.
<br>GLO3: Explain the concept of Black Body and Gray Body.
<br>GLO4: Describe various Laws of Thermal Radiation.","GATE Learning Outcomes: 16 min Duration.
 GLO1: Explain Radiation Heat Transfer.
 GLO2: Define and calculate the Absorptivity, Reflectivity, and Transmissivity.
 GLO3: Explain the concept of Black Body and Gray Body.
 GLO4: Describe various Laws of Thermal Radiation.",U7S1,GPSM,"GATE Learning Outcomes: 16 min Duration.
 GLO1: Explain Radiation Heat Transfer.
 GLO2: Define and calculate the Absorptivity, Reflectivity, and Transmissivity.
 GLO3: Explain the concept of Black Body and Gray Body.
 GLO4: Describe various Laws of Thermal Radiation.",0
V2L-HMT,PSM 7.1.1,"<b><u>Problem Learning Outcomes: 10 min duration.
</u></b><br>PLO1: Define Radiation Heat Transfer
<br>PLO2: Define the following:
<br>&nbsp; &nbsp; &nbsp; &nbsp; &nbsp; &nbsp;i. Total Emissive Power
<br>&nbsp; &nbsp; &nbsp; &nbsp; &nbsp; &nbsp;ii. Emissivity
<br>PLO3: Define ‘Black body and give its examples","Problem Learning Outcomes: 10 min duration.
 PLO1: Define Radiation Heat Transfer
 PLO2: Define the following:
 i. Total Emissive Power
 ii. Emissivity
 PLO3: Define ‘Black body and give its examples",U7S1T1,PSM," PLO1: Define Radiation Heat Transfer
 PLO2: Define the following:
 i. Total Emissive Power
 ii. Emissivity
 PLO3: Define ‘Black body and give its examples",10
V2L-HMT,ALM 7.1.1-1                      DBST,"<b><u>Active Learning Outcomes: 11 min duration.
</u></b><br>ALO 7.1.1-1: Explain Radiative Heat Transfer","Active Learning Outcomes: 11 min duration.
 ALO 7.1.1-1: Explain Radiative Heat Transfer",U7S1T1-1,ALM, ALO 7.1.1-1: Explain Radiative Heat Transfer,11
V2L-HMT,ALM-7.1.1-2   DBST,"<b><u>Active Learning Outcomes: 20 min duration.
</u></b><br>ALO 7.1.1-2: Explain the radiation properties of surfaces","Active Learning Outcomes: 20 min duration.
 ALO 7.1.1-2: Explain the radiation properties of surfaces",U7S1T1-2,ALM, ALO 7.1.1-2: Explain the radiation properties of surfaces,20
V2L-HMT,ALM 7.1.1-3 and 4                                       DBST,"<b><u>Active Learning Outcomes: 23 min duration.
</u></b><br>ALO 7.1.1-3: Define Absorptivity, Reflectivity, and Transmissivity
<br>ALO 7.1.1-4: Explain the concept of the Black Body and Gray Body","Active Learning Outcomes: 23 min duration.
 ALO 7.1.1-3: Define Absorptivity, Reflectivity, and Transmissivity
 ALO 7.1.1-4: Explain the concept of the Black Body and Gray Body",U7S1T1-34,ALM," ALO 7.1.1-3: Define Absorptivity, Reflectivity, and Transmissivity
 ALO 7.1.1-4: Explain the concept of the Black Body and Gray Body",23
V2L-HMT,PSM 7.1.2,"<b><u>Problem Learning Outcomes: 36 min duration.
</u></b><br>PLO1: State and prove Kirchhoff’s Law of Radiation
<br>PLO2: State and explain Wien’s Displacement Law
<br>PLO3: State Stefan Boltzmann Law. What is the value of Stefan Boltzmann constant
<br>PLO4: Define Intensity of Radiation","Problem Learning Outcomes: 36 min duration.
 PLO1: State and prove Kirchhoff’s Law of Radiation
 PLO2: State and explain Wien’s Displacement Law
 PLO3: State Stefan Boltzmann Law. What is the value of Stefan Boltzmann constant
 PLO4: Define Intensity of Radiation",U7S1T2,PSM," PLO1: State and prove Kirchhoff’s Law of Radiation
 PLO2: State and explain Wien’s Displacement Law
 PLO3: State Stefan Boltzmann Law. What is the value of Stefan Boltzmann constant
 PLO4: Define Intensity of Radiation",36
V2L-HMT,ALM 7.1.2-1                                           DBST,"<b><u>Active Learning Outcomes: 73 min duration.
</u></b><br>ALO 7.1.2-1: Describe the following
<br>&nbsp; &nbsp; &nbsp; &nbsp; &nbsp; &nbsp; &nbsp; &nbsp; &nbsp; &nbsp; &nbsp;i. Kirchhoff’s Law
<br>&nbsp; &nbsp; &nbsp; &nbsp; &nbsp; &nbsp; &nbsp; &nbsp; &nbsp; &nbsp; &nbsp;ii. Planck’s Law
<br>&nbsp; &nbsp; &nbsp; &nbsp; &nbsp; &nbsp; &nbsp; &nbsp; &nbsp; &nbsp; &nbsp;iii. Wien’s Displacement Law
<br>&nbsp; &nbsp; &nbsp; &nbsp; &nbsp; &nbsp; &nbsp; &nbsp; &nbsp; &nbsp; &nbsp;iv. Boltzmann Law
<br>&nbsp; &nbsp; &nbsp; &nbsp; &nbsp; &nbsp; &nbsp; &nbsp; &nbsp; &nbsp; &nbsp; v. Lambert’s Cosine Law","Active Learning Outcomes: 73 min duration.
 ALO 7.1.2-1: Describe the following
 i. Kirchhoff’s Law
 ii. Planck’s Law
 iii. Wien’s Displacement Law
 iv. Boltzmann Law
 v. Lambert’s Cosine Law",U7S1T2-1,ALM," ALO 7.1.2-1: Describe the following
 i. Kirchhoff’s Law
 ii. Planck’s Law
 iii. Wien’s Displacement Law
 iv. Boltzmann Law
 v. Lambert’s Cosine Law",73
V2L-HMT,ALM 7.1.2-2                                       DBST,"<b><u>Active Learning Outcomes: 16 min duration.
</u></b><br>ALO 7.1.2-2: Explain the Intensity of Radiation","Active Learning Outcomes: 16 min duration.
 ALO 7.1.2-2: Explain the Intensity of Radiation",U7S1T2-2,ALM, ALO 7.1.2-2: Explain the Intensity of Radiation,16
V2L-HMT,GPSM 7.2,"<b><u>GATE Learning Outcomes: 31 Min Duration.
</u></b><br>GLO1: Calculate Shape Factor for various Configurations
<br>GLO2: Calculate Radiation Heat Transfer Rate between Infinitely Long Parallel Plates
<br>GLO3: Calculate the value of Radiosity and Irradiation
<br>GLO4: Calculate the percentage of Heat Reduction by using Radiation Shield","GATE Learning Outcomes: 31 Min Duration.
 GLO1: Calculate Shape Factor for various Configurations
 GLO2: Calculate Radiation Heat Transfer Rate between Infinitely Long Parallel Plates
 GLO3: Calculate the value of Radiosity and Irradiation
 GLO4: Calculate the percentage of Heat Reduction by using Radiation Shield",U7S2,GPSM,"GATE Learning Outcomes: 31 Min Duration.
 GLO1: Calculate Shape Factor for various Configurations
 GLO2: Calculate Radiation Heat Transfer Rate between Infinitely Long Parallel Plates
 GLO3: Calculate the value of Radiosity and Irradiation
 GLO4: Calculate the percentage of Heat Reduction by using Radiation Shield",0
V2L-HMT,PSM 7.2.1,"<b><u>Problem Learning Outcomes: 29 min duration.
</u></b><br>PLO1: Explain Shape Factor with respect to itself, if the surface is Concave, Convex, and Flat
PLO2: Define the term Radiosity and Irradiation
<br>PLO3: Explain the ‘Surface Resistance’ and ‘Space Resistance’","Problem Learning Outcomes: 29 min duration.
 PLO1: Explain Shape Factor with respect to itself, if the surface is Concave, Convex, and Flat
PLO2: Define the term Radiosity and Irradiation
 PLO3: Explain the ‘Surface Resistance’ and ‘Space Resistance’",U7S2T1,PSM," PLO1: Explain Shape Factor with respect to itself, if the surface is Concave, Convex, and Flat
PLO2: Define the term Radiosity and Irradiation
 PLO3: Explain the ‘Surface Resistance’ and ‘Space Resistance’",29
V2L-HMT,ALM 7.2.1-1                                             DBST,"<b><u>Active Learning Outcomes: 42 min duration.
</u></b><br>ALO 7.2.1-1: Define Shape Factor and explain its salient features","Active Learning Outcomes: 42 min duration.
 ALO 7.2.1-1: Define Shape Factor and explain its salient features",U7S2T1-1,ALM, ALO 7.2.1-1: Define Shape Factor and explain its salient features,42
V2L-HMT,ALM 7.2.1-2                                        DBST,"<b><u>Active Learning Outcomes: 10 min duration.
</u></b><br>ALO 7.2.1-2: Define Irradiation and Radiosity","Active Learning Outcomes: 10 min duration.
 ALO 7.2.1-2: Define Irradiation and Radiosity",U7S2T1-2,ALM, ALO 7.2.1-2: Define Irradiation and Radiosity,10
V2L-HMT,ALM 7.2.1-3                                                        DBST,"<b><u>Active Learning Outcomes: 26 min duration.
</u></b><br>ALO 7.2.1-3: Describe the Electrical network analogy for thermal radiation system","Active Learning Outcomes: 26 min duration.
 ALO 7.2.1-3: Describe the Electrical network analogy for thermal radiation system",U7S2T1-3,ALM, ALO 7.2.1-3: Describe the Electrical network analogy for thermal radiation system,26
V2L-HMT,PSM 7.2.2,"<b><u>Problem Learning Outcomes: 47 min duration.
</u></b><br>PLO1: Define Radiation Shield and Where it is used
<br>PLO2: Draw the Radiation Network diagram for two Infinite Parallel Gray Planes exchanging Radiation Energy
<br>PLO3: By using one Radiation Shield between two surfaces and if all the three surfaces have the same emissivity, shows that net radiant heat transfer is reduced by 50%","Problem Learning Outcomes: 47 min duration.
 PLO1: Define Radiation Shield and Where it is used
 PLO2: Draw the Radiation Network diagram for two Infinite Parallel Gray Planes exchanging Radiation Energy
 PLO3: By using one Radiation Shield between two surfaces and if all the three surfaces have the same emissivity, shows that net radiant heat transfer is reduced by 50%",U7S2T2,PSM," PLO1: Define Radiation Shield and Where it is used
 PLO2: Draw the Radiation Network diagram for two Infinite Parallel Gray Planes exchanging Radiation Energy
 PLO3: By using one Radiation Shield between two surfaces and if all the three surfaces have the same emissivity, shows that net radiant heat transfer is reduced by 50%",47
V2L-HMT,ALM 7.2.2-1                                 DBST,"<b><u>Active Learning Outcomes: 9 min duration.
</u></b><br>ALO 7.2.2-1: Recall Heat Exchanger between non-black bodies","Active Learning Outcomes: 9 min duration.
 ALO 7.2.2-1: Recall Heat Exchanger between non-black bodies",U7S2T2-1,ALM, ALO 7.2.2-1: Recall Heat Exchanger between non-black bodies,9
V2L-HMT,ALM 7.2.2-2                                               DBST,"<b><u>Active Learning Outcomes: 17 min duration.
</u></b><br>ALO 7.2.2-2: Describe the Heat Exchanger between infinite parallel plates","Active Learning Outcomes: 17 min duration.
 ALO 7.2.2-2: Describe the Heat Exchanger between infinite parallel plates",U7S2T2-2,ALM, ALO 7.2.2-2: Describe the Heat Exchanger between infinite parallel plates,17
V2L-HMT,ALM 7.2.2-3                                                  DBST,"<b><u>Active Learning Outcomes: 29 min duration.
</u></b><br>ALO 7.2.2-3: Describe the Heat Exchanger between infinitely long concentric cylinders","Active Learning Outcomes: 29 min duration.
 ALO 7.2.2-3: Describe the Heat Exchanger between infinitely long concentric cylinders",U7S2T2-3,ALM, ALO 7.2.2-3: Describe the Heat Exchanger between infinitely long concentric cylinders,29
V2L-HMT,ALM 7.2.2-4                                              DBST,"<b><u>Active Learning Outcomes: 50 min duration.
</u></b><br>ALO 7.2.2-4: Recall Radiation Shields","Active Learning Outcomes: 50 min duration.
 ALO 7.2.2-4: Recall Radiation Shields",U7S2T2-4,ALM, ALO 7.2.2-4: Recall Radiation Shields,50
V2L-HMT,GPSM 8.1,"<b><u>GATE Learning Outcomes: 13 Min Duration.
</u></b><br>GLO1: What is Heat Exchanger? Give the general classification of Heat Exchanger
<br>GLO2: Classify Heat Exchanger according to the Nature and Relative direction of fluid
<br>GLO3: Classify Heat Exchanger according to the Design and Constructional features
<br>GLO4: Classify Heat Exchanger according to the Physical state of Fluids","GATE Learning Outcomes: 13 Min Duration.
 GLO1: What is Heat Exchanger? Give the general classification of Heat Exchanger
 GLO2: Classify Heat Exchanger according to the Nature and Relative direction of fluid
 GLO3: Classify Heat Exchanger according to the Design and Constructional features
 GLO4: Classify Heat Exchanger according to the Physical state of Fluids",U8S1,GPSM,"GATE Learning Outcomes: 13 Min Duration.
 GLO1: What is Heat Exchanger? Give the general classification of Heat Exchanger
 GLO2: Classify Heat Exchanger according to the Nature and Relative direction of fluid
 GLO3: Classify Heat Exchanger according to the Design and Constructional features
 GLO4: Classify Heat Exchanger according to the Physical state of Fluids",0
V2L-HMT,PSM 8.1.1,"<b><u>Problem Learning Outcomes: 9 min duration.
</u></b><br>PLO1: Explain Heat Exchanger and give the general classification of Heat Exchanger
<br>PLO2: Differentiate between Direct contact and Indirect contact Heat exchanger
<br>PLO3: Define Parallel, Counter, and, Cross Flow Heat Exchanger","Problem Learning Outcomes: 9 min duration.
 PLO1: Explain Heat Exchanger and give the general classification of Heat Exchanger
 PLO2: Differentiate between Direct contact and Indirect contact Heat exchanger
 PLO3: Define Parallel, Counter, and, Cross Flow Heat Exchanger",U8S1T1,PSM," PLO1: Explain Heat Exchanger and give the general classification of Heat Exchanger
 PLO2: Differentiate between Direct contact and Indirect contact Heat exchanger
 PLO3: Define Parallel, Counter, and, Cross Flow Heat Exchanger",9
V2L-HMT,ALM 8.1.1-1 and 2                                                   DBST,"<b><u>Active Learning Outcomes: 39 min duration.
</u></b><br>ALO 8.1.1-1: Define Heat Exchanger
<br>ALO 8.1.1-2: List various types of heat exchanger","Active Learning Outcomes: 39 min duration.
 ALO 8.1.1-1: Define Heat Exchanger
 ALO 8.1.1-2: List various types of heat exchanger",U8S1T1-12,ALM," ALO 8.1.1-1: Define Heat Exchanger
 ALO 8.1.1-2: List various types of heat exchanger",39
V2L-HMT,ALM 8.1.1-3                                     DBST,"<b><u>Active Learning Outcomes: 16 min duration.
</u></b><br>ALO 8.1.1-3: Classify Heat Exchanger according to nature","Active Learning Outcomes: 16 min duration.
 ALO 8.1.1-3: Classify Heat Exchanger according to nature",U8S1T1-3,ALM, ALO 8.1.1-3: Classify Heat Exchanger according to nature,16
V2L-HMT,ALM 8.1.1-4                                 DBST,"<b><u>Active Learning Outcomes: 27 min duration.
</u></b><br>ALO 8.1.1-4:  Classify Heat Exchanger according to the Relative direction of Fluid","Active Learning Outcomes: 27 min duration.
 ALO 8.1.1-4:  Classify Heat Exchanger according to the Relative direction of Fluid",U8S1T1-4,ALM, ALO 8.1.1-4:  Classify Heat Exchanger according to the Relative direction of Fluid,27
V2L-HMT,PSM 8.1.2,"<b><u>Problem Learning Outcomes: 7 min duration.
</u></b><br>PLO1: Explain the working of the Shell and Tube type Heat Exchanger
<br>PLO2: Differentiate between Concentric Tube and Multiple Shell type Heat Exchanger
<br>PLO3: Define the terms Condenser and Evaporator","Problem Learning Outcomes: 7 min duration.
 PLO1: Explain the working of the Shell and Tube type Heat Exchanger
 PLO2: Differentiate between Concentric Tube and Multiple Shell type Heat Exchanger
 PLO3: Define the terms Condenser and Evaporator",U8S1T2,PSM," PLO1: Explain the working of the Shell and Tube type Heat Exchanger
 PLO2: Differentiate between Concentric Tube and Multiple Shell type Heat Exchanger
 PLO3: Define the terms Condenser and Evaporator",7
V2L-HMT,ALM 8.1.2-1 and 2                                         DBST,"<b><u>Active Learning Outcomes: 38 min duration.
</u></b><br>ALO 8.1.2-1: Classify Heat Exchanger according to the design and constructional features
ALO 8.1.2-2: Classify Heat Exchanger according to the physical state of fluids","Active Learning Outcomes: 38 min duration.
 ALO 8.1.2-1: Classify Heat Exchanger according to the design and constructional features
ALO 8.1.2-2: Classify Heat Exchanger according to the physical state of fluids",U8S1T2-12,ALM," ALO 8.1.2-1: Classify Heat Exchanger according to the design and constructional features
ALO 8.1.2-2: Classify Heat Exchanger according to the physical state of fluids",38
V2L-HMT,GPSM 8.2,"<b><u>GATE Learning Outcomes: 47 Min Duration.
</u></b><br>GLO1: What do you understand the term Fouling Factor
<br>GLO2: Explain in detail Overall Heat Transfer Coefficient of Heat Exchanger
<br>GLO3: Derive the expression for Log Mean Temperature Difference (LMTD) for the Parallel Flow Heat Exchanger and the Counter Flow Heat Exchanger","GATE Learning Outcomes: 47 Min Duration.
 GLO1: What do you understand the term Fouling Factor
 GLO2: Explain in detail Overall Heat Transfer Coefficient of Heat Exchanger
 GLO3: Derive the expression for Log Mean Temperature Difference (LMTD) for the Parallel Flow Heat Exchanger and the Counter Flow Heat Exchanger",U8S2,GPSM,"GATE Learning Outcomes: 47 Min Duration.
 GLO1: What do you understand the term Fouling Factor
 GLO2: Explain in detail Overall Heat Transfer Coefficient of Heat Exchanger
 GLO3: Derive the expression for Log Mean Temperature Difference (LMTD) for the Parallel Flow Heat Exchanger and the Counter Flow Heat Exchanger",0
V2L-HMT,PSM 8.2.1,"<b><u>Problem Learning Outcomes: 32 min duration.
</u></b><br>PLO1: Define the term Fouling Factor
<br>PLO2: Explain in detail Overall Heat Transfer Coefficient of Heat Exchanger","Problem Learning Outcomes: 32 min duration.
 PLO1: Define the term Fouling Factor
 PLO2: Explain in detail Overall Heat Transfer Coefficient of Heat Exchanger",U8S2T1,PSM," PLO1: Define the term Fouling Factor
 PLO2: Explain in detail Overall Heat Transfer Coefficient of Heat Exchanger",32
V2L-HMT,ALM 8.2.1-1                                             DBST,"<b><u>Active Learning Outcomes: 14 min duration.
</u></b><br>ALO 8.2.1-1: Explain overall heat transfer coefficient of heat exchanger","Active Learning Outcomes: 14 min duration.
 ALO 8.2.1-1: Explain overall heat transfer coefficient of heat exchanger",U8S2T1-1,ALM, ALO 8.2.1-1: Explain overall heat transfer coefficient of heat exchanger,14
V2L-HMT,ALM 8.2.1-2                                      DBST,"<b><u>Active Learning Outcomes: 22 min duration.
</u></b><br>ALO 8.2.1-2: Explain the significance of Fouling Factor in heat exchanger","Active Learning Outcomes: 22 min duration.
 ALO 8.2.1-2: Explain the significance of Fouling Factor in heat exchanger",U8S2T1-2,ALM, ALO 8.2.1-2: Explain the significance of Fouling Factor in heat exchanger,22
V2L-HMT,PSM 8.2.2 A,"<b><u>Problem Learning Outcomes: 37 min duration.
</u></b><br>PLO1: Derive the expression for Log Mean Temperature Difference (LMTD) for the Parallel Flow Heat Exchanger
<br>PLO2: Derive the expression for Log Mean Temperature Difference (LMTD) for the Counter Flow Heat Exchanger","Problem Learning Outcomes: 37 min duration.
 PLO1: Derive the expression for Log Mean Temperature Difference (LMTD) for the Parallel Flow Heat Exchanger
 PLO2: Derive the expression for Log Mean Temperature Difference (LMTD) for the Counter Flow Heat Exchanger",U8S2T2,PSM," PLO1: Derive the expression for Log Mean Temperature Difference (LMTD) for the Parallel Flow Heat Exchanger
 PLO2: Derive the expression for Log Mean Temperature Difference (LMTD) for the Counter Flow Heat Exchanger",37
V2L-HMT,PSM 8.2.2 B,"<b><u>Problem Learning Outcomes: 50 min duration.
</u></b><br>PLO1: Derive the expression for Log Mean Temperature Difference (LMTD) for the Parallel Flow Heat Exchanger
<br>PLO2: Derive the expression for Log Mean Temperature Difference (LMTD) for the Counter Flow Heat Exchanger","Problem Learning Outcomes: 50 min duration.
 PLO1: Derive the expression for Log Mean Temperature Difference (LMTD) for the Parallel Flow Heat Exchanger
 PLO2: Derive the expression for Log Mean Temperature Difference (LMTD) for the Counter Flow Heat Exchanger",U8S2T2,PSM," PLO1: Derive the expression for Log Mean Temperature Difference (LMTD) for the Parallel Flow Heat Exchanger
 PLO2: Derive the expression for Log Mean Temperature Difference (LMTD) for the Counter Flow Heat Exchanger",50
V2L-HMT,ALM 8.2.2-1               DBST,"<b><u>Active Learning Outcomes: 53 min duration.
</u></b><br>ALO 8.2.2-1: Describe the expression for Log Mean Temperature Difference (LMTD) for the parallel flow heat exchanger","Active Learning Outcomes: 53 min duration.
 ALO 8.2.2-1: Describe the expression for Log Mean Temperature Difference (LMTD) for the parallel flow heat exchanger",U8S2T2-1,ALM, ALO 8.2.2-1: Describe the expression for Log Mean Temperature Difference (LMTD) for the parallel flow heat exchanger,53
V2L-HMT,ALM 8.2.2-2                      DBST,"<b><u>Active Learning Outcomes: 76 min duration.
</u></b><br>ALO 8.2.2-2: Describe the expression for Log Mean Temperature Difference (LMTD) for the counter-flow heat exchanger","Active Learning Outcomes: 76 min duration.
 ALO 8.2.2-2: Describe the expression for Log Mean Temperature Difference (LMTD) for the counter-flow heat exchanger",U8S2T2-2,ALM, ALO 8.2.2-2: Describe the expression for Log Mean Temperature Difference (LMTD) for the counter-flow heat exchanger,76
V2L-HMT,GPSM 8.3,"<b><u>GATE Learning Outcomes: 32 Min Duration.
</u></b><br>GLO1: Explain the Effectiveness of Heat Exchanger
<br>GLO2: Describe the expression for the Effectiveness of Parallel Flow and Counter Flow Heat Exchanger in terms of Number of Transfer Units (NTU
<br>GLO3: Explain the basic Principle and Working phenomena of Heat Pipe
<br>GLO4: List various Application of Heat Pipe","GATE Learning Outcomes: 32 Min Duration.
 GLO1: Explain the Effectiveness of Heat Exchanger
 GLO2: Describe the expression for the Effectiveness of Parallel Flow and Counter Flow Heat Exchanger in terms of Number of Transfer Units (NTU
 GLO3: Explain the basic Principle and Working phenomena of Heat Pipe
 GLO4: List various Application of Heat Pipe",U8S3,GPSM,"GATE Learning Outcomes: 32 Min Duration.
 GLO1: Explain the Effectiveness of Heat Exchanger
 GLO2: Describe the expression for the Effectiveness of Parallel Flow and Counter Flow Heat Exchanger in terms of Number of Transfer Units (NTU
 GLO3: Explain the basic Principle and Working phenomena of Heat Pipe
 GLO4: List various Application of Heat Pipe",0
V2L-HMT,ALM 8.3.1-1                                        DBST,"<b><u>Active Learning Outcomes: 15 min duration.
</u></b><br>ALO 8.3.1-1: Explain the Effectiveness of heat exchanger","Active Learning Outcomes: 15 min duration.
 ALO 8.3.1-1: Explain the Effectiveness of heat exchanger",U8S3T1-1,ALM, ALO 8.3.1-1: Explain the Effectiveness of heat exchanger,15
V2L-HMT,PSM 8.3.2,"<b><u>Problem Learning Outcomes: 41 min duration.
</u></b><br>PLO1: Derive the expression for the Effectiveness of Parallel Flow Heat Exchanger in terms of Number of Transfer Units (NTU)
<br>PLO2: Derive the expression for the Effectiveness of Counter Flow Heat Exchanger in terms of Number of Transfer Units (NTU)","Problem Learning Outcomes: 41 min duration.
 PLO1: Derive the expression for the Effectiveness of Parallel Flow Heat Exchanger in terms of Number of Transfer Units (NTU)
 PLO2: Derive the expression for the Effectiveness of Counter Flow Heat Exchanger in terms of Number of Transfer Units (NTU)",U8S3T2,PSM," PLO1: Derive the expression for the Effectiveness of Parallel Flow Heat Exchanger in terms of Number of Transfer Units (NTU)
 PLO2: Derive the expression for the Effectiveness of Counter Flow Heat Exchanger in terms of Number of Transfer Units (NTU)",41
V2L-HMT,ALM 8.3.2-1                                                DBST,"<b><u>Active Learning Outcomes: 30 min duration.
</u></b><br>ALO 8.3.2-1: Describe the expression for the Effectiveness of parallel flow heat exchanger in terms of Number of Transfer Units (NTU)","Active Learning Outcomes: 30 min duration.
 ALO 8.3.2-1: Describe the expression for the Effectiveness of parallel flow heat exchanger in terms of Number of Transfer Units (NTU)",U8S3T2-1,ALM, ALO 8.3.2-1: Describe the expression for the Effectiveness of parallel flow heat exchanger in terms of Number of Transfer Units (NTU),30
V2L-HMT,ALM 8.3.2-2                                                     DBST,"<b><u>Active Learning Outcomes: 27 min duration.
</u></b><br>ALO 8.3.2-2: Describe the expression for the Effectiveness of counter flow heat exchanger in terms of Number of Transfer Units (NTU)","Active Learning Outcomes: 27 min duration.
 ALO 8.3.2-2: Describe the expression for the Effectiveness of counter flow heat exchanger in terms of Number of Transfer Units (NTU)",U8S3T2-2,ALM, ALO 8.3.2-2: Describe the expression for the Effectiveness of counter flow heat exchanger in terms of Number of Transfer Units (NTU),27
V2L-HMT,PSM 8.3.3,"<b><u>Problem Learning Outcomes: 7 min duration.
</u></b><br>PLO1: Write some applications of Heat Pipe
<br>PLO2: Explain in detail working phenomena of Heat Pipes","Problem Learning Outcomes: 7 min duration.
 PLO1: Write some applications of Heat Pipe
 PLO2: Explain in detail working phenomena of Heat Pipes",U8S3T3,PSM," PLO1: Write some applications of Heat Pipe
 PLO2: Explain in detail working phenomena of Heat Pipes",7
V2L-HMT,ALM 8.3.3-1                                              DBST,"<b><u>Active Learning Outcomes: 16 min duration.
</u></b><br>ALO 8.3.3-1:  Explain the basic principle and working phenomena of heat pipe","Active Learning Outcomes: 16 min duration.
 ALO 8.3.3-1:  Explain the basic principle and working phenomena of heat pipe",U8S3T3-1,ALM, ALO 8.3.3-1:  Explain the basic principle and working phenomena of heat pipe,16
V2L-HMT,ALM 8.3.3-2                                                  DBST,"<b><u>Active Learning Outcomes: 6 min duration.
</u></b><br>ALO 8.3.3-2: List various application of Heat Pipe","Active Learning Outcomes: 6 min duration.
 ALO 8.3.3-2: List various application of Heat Pipe",U8S3T3-2,ALM, ALO 8.3.3-2: List various application of Heat Pipe,6
V2L-HMT,GPSM 9.1,"<b><u>GATE Learning Outcomes: 13 Min Duration.
</u></b><br>GLO1: Calculate the value of Flim-thickness in Condensation Heat Transfer
<br>GLO2: Calculate the value of Heat Transfer Coefficient
<br>GLO3: Identify the salient Features of Boiling Curve","GATE Learning Outcomes: 13 Min Duration.
 GLO1: Calculate the value of Flim-thickness in Condensation Heat Transfer
 GLO2: Calculate the value of Heat Transfer Coefficient
 GLO3: Identify the salient Features of Boiling Curve",U9S1,GPSM,"GATE Learning Outcomes: 13 Min Duration.
 GLO1: Calculate the value of Flim-thickness in Condensation Heat Transfer
 GLO2: Calculate the value of Heat Transfer Coefficient
 GLO3: Identify the salient Features of Boiling Curve",0
V2L-HMT,PSM 9.1.1,"<b><u>Problem Learning Outcomes: 31 min duration.
</u></b><br>PLO1: Define the terms Subcooled Boiling and Saturated Boiling
<br>PLO2: Explain Nucleate Boiling
<br>PLO3: Explain Critical Heat Flux and write its importance
<br>PLO4: State the Regimes of Pool Boiling","Problem Learning Outcomes: 31 min duration.
 PLO1: Define the terms Subcooled Boiling and Saturated Boiling
 PLO2: Explain Nucleate Boiling
 PLO3: Explain Critical Heat Flux and write its importance
 PLO4: State the Regimes of Pool Boiling",U9S1T1,PSM," PLO1: Define the terms Subcooled Boiling and Saturated Boiling
 PLO2: Explain Nucleate Boiling
 PLO3: Explain Critical Heat Flux and write its importance
 PLO4: State the Regimes of Pool Boiling",31
V2L-HMT,ALM 9.1.1-1                                  DBST,"<b><u>Active Learning Outcomes: 39 min duration.
</u></b><br>ALO 9.1.1-1:  Define and classify Boiling heat transfer","Active Learning Outcomes: 39 min duration.
 ALO 9.1.1-1:  Define and classify Boiling heat transfer",U9S1T1-1,ALM, ALO 9.1.1-1:  Define and classify Boiling heat transfer,39
V2L-HMT,ALM 9.1.1-2                                        DBST,"<b><u>Active Learning Outcomes: 22 min duration.
</u></b><br>ALO 9.1.1-2: Describe Boiling Regimes","Active Learning Outcomes: 22 min duration.
 ALO 9.1.1-2: Describe Boiling Regimes",U9S1T1-2,ALM, ALO 9.1.1-2: Describe Boiling Regimes,22
V2L-HMT,ALM 9.1.1-3                                               DBST,"<b><u>Active Learning Outcomes: 6 min duration.
</u></b><br>ALO 9.1.1-3: Recall Nucleate Boiling","Active Learning Outcomes: 6 min duration.
 ALO 9.1.1-3: Recall Nucleate Boiling",U9S1T1-3,ALM, ALO 9.1.1-3: Recall Nucleate Boiling,6
V2L-HMT,ALM 9.1.1-4                                                      DBST,"<b><u>Active Learning Outcomes: 4 min duration.
</u></b><br>ALO 9.1.1-4: List the factors affecting Nucleate Boiling","Active Learning Outcomes: 4 min duration.
 ALO 9.1.1-4: List the factors affecting Nucleate Boiling",U9S1T1-4,ALM, ALO 9.1.1-4: List the factors affecting Nucleate Boiling,4
V2L-HMT,PSM 9.1.2,"<b><u>Problem Learning Outcomes: 21 min duration.
</u></b><br>PLO1: Explain the two modes in which Condensation take place on the cooling surface
<br>PLO2: Explain how the condensate film thickness on a  vertical plate is influenced by the different parameters
<br>PLO3: Discuss the effect of non-condensable gas on the rate of Condensation of steam","Problem Learning Outcomes: 21 min duration.
 PLO1: Explain the two modes in which Condensation take place on the cooling surface
 PLO2: Explain how the condensate film thickness on a  vertical plate is influenced by the different parameters
 PLO3: Discuss the effect of non-condensable gas on the rate of Condensation of steam",U9S1T2,PSM," PLO1: Explain the two modes in which Condensation take place on the cooling surface
 PLO2: Explain how the condensate film thickness on a  vertical plate is influenced by the different parameters
 PLO3: Discuss the effect of non-condensable gas on the rate of Condensation of steam",21
V2L-HMT,ALM 9.1.2-1                                                  DBST,"<b><u>Active Learning Outcomes: 9 min duration.
</u></b><br>ALO 9.1.2-1: Recall Condensation heat transfer","Active Learning Outcomes: 9 min duration.
 ALO 9.1.2-1: Recall Condensation heat transfer",U9S1T2-1,ALM, ALO 9.1.2-1: Recall Condensation heat transfer,9
V2L-HMT,ALM 9.1.2-2                                                  DBST,"<b><u>Active Learning Outcomes: 13 min duration.
</u></b><br>ALO 9.1.2-2: Describe Film-wise and Drop-wise condensation","Active Learning Outcomes: 13 min duration.
 ALO 9.1.2-2: Describe Film-wise and Drop-wise condensation",U9S1T2-2,ALM, ALO 9.1.2-2: Describe Film-wise and Drop-wise condensation,13
V2L-HMT,ALM 9.1.2-3                                                 DBST,"<b><u>Active Learning Outcomes: 49 min duration.
</u></b><br>ALO 9.1.2-3: Recall laminar film condensation on vertical plate","Active Learning Outcomes: 49 min duration.
 ALO 9.1.2-3: Recall laminar film condensation on vertical plate",U9S1T2-3,ALM, ALO 9.1.2-3: Recall laminar film condensation on vertical plate,49
V2L-HMT,ALM 9.1.2-4                                                   DBST,"<b><u>Active Learning Outcomes: 9 min duration.
</u></b><br>ALO 9.1.2-1: Describe the influence of non-condensable gases on condensation heat transfer","Active Learning Outcomes: 9 min duration.
 ALO 9.1.2-1: Describe the influence of non-condensable gases on condensation heat transfer",U9S1T2-4,ALM, ALO 9.1.2-1: Describe the influence of non-condensable gases on condensation heat transfer,9
