course,activity,lo_unformatted,lo_formatted,activity_formatted,activity_type,lo_formatted_duration_removed,duration
V2L-Thermo,PSM 1.1.1,"<b><u>Problem Learning outcomes: 8 min duration.</u></b><br>PLO1: Define the term Thermodynamics<br>PLO2: Describe the following terms:
<br>&nbsp; &nbsp; &nbsp; &nbsp; &nbsp; &nbsp;i. System and Surrounding<br>&nbsp; &nbsp; &nbsp; &nbsp; &nbsp; &nbsp;ii. Boundary and Control Volume<br>PLO3: Identity various Thermodynamic Systems","Problem Learning outcomes: 8 min duration. PLO1: Define the term Thermodynamics PLO2: Describe the following terms:
 i. System and Surrounding ii. Boundary and Control Volume PLO3: Identity various Thermodynamic Systems",U1S1T1,PSM,"PLO1: Define the term Thermodynamics PLO2: Describe the following terms:
 i. System and Surrounding ii. Boundary and Control Volume PLO3: Identity various Thermodynamic Systems",8
V2L-Thermo,ALM 1.1.1-1                               DBST,<b><u>Active Learning Outcomes: 12 min duration.</u></b><br>ALO 1.1.1-1: Recall Thermodynamics and its Applications,Active Learning Outcomes: 12 min duration. ALO 1.1.1-1: Recall Thermodynamics and its Applications,U1S1T1-1,ALM,ALO 1.1.1-1: Recall Thermodynamics and its Applications,12
V2L-Thermo,ALM 1.1.1-2                       DBST,"<b><u>Active Learning Outcomes: 8 min duration.</u></b><br>ALO 1.1.1-2: Describe the following terms:<br>&nbsp; &nbsp; &nbsp; &nbsp; &nbsp; &nbsp; &nbsp; &nbsp; &nbsp; &nbsp; i. System and Surrounding
<br>&nbsp; &nbsp; &nbsp; &nbsp; &nbsp; &nbsp; &nbsp; &nbsp; &nbsp; &nbsp; ii. Boundary and Control Volume","Active Learning Outcomes: 8 min duration. ALO 1.1.1-2: Describe the following terms: i. System and Surrounding
 ii. Boundary and Control Volume",U1S1T1-2,ALM,"ALO 1.1.1-2: Describe the following terms: i. System and Surrounding
 ii. Boundary and Control Volume",8
V2L-Thermo,ALM 1.1.1-3                          DBST,<b><u>Active Learning Outcomes: 25 min duration.</u></b><br>ALO 1.1.1-3: List and Identify various Thermodynamic Systems,Active Learning Outcomes: 25 min duration. ALO 1.1.1-3: List and Identify various Thermodynamic Systems,U1S1T1-3,ALM,ALO 1.1.1-3: List and Identify various Thermodynamic Systems,25
V2L-Thermo,ALM 1.1.1-4                                                      DBST,<b><u>Active Learning Outcomes: 12 min duration.</u></b><br>ALO 1.1.1-4: Define Homogeneous and Heterogeneous Systems,Active Learning Outcomes: 12 min duration. ALO 1.1.1-4: Define Homogeneous and Heterogeneous Systems,U1S1T1-4,ALM,ALO 1.1.1-4: Define Homogeneous and Heterogeneous Systems,12
V2L-Thermo,PSM 1.1.2,<b><u>Problem Learning Outcomes: 19 min duration.</u></b><br>PLO1: Distinguish between Intensive and extensive properties of Thermodynamics<br>PLO2: Distinguish between Microscopic and Macroscopic approaches of Thermodynamics,Problem Learning Outcomes: 19 min duration. PLO1: Distinguish between Intensive and extensive properties of Thermodynamics PLO2: Distinguish between Microscopic and Macroscopic approaches of Thermodynamics,U1S1T2,PSM,PLO1: Distinguish between Intensive and extensive properties of Thermodynamics PLO2: Distinguish between Microscopic and Macroscopic approaches of Thermodynamics,19
V2L-Thermo,ALM 1.1.2-1                                       DBST,<b><u>Active Learning Outcomes: 23 min duration.</u></b><br>ALO 1.1.2-1: Recall  Intensive and Extensive Properties of Thermodynamics,Active Learning Outcomes: 23 min duration. ALO 1.1.2-1: Recall  Intensive and Extensive Properties of Thermodynamics,U1S1T2-1,ALM,ALO 1.1.2-1: Recall  Intensive and Extensive Properties of Thermodynamics,23
V2L-Thermo,ALM 1.1.2-2                                    DBST,<b><u>Active Learning Outcomes: 17 min duration.</u></b><br>ALO 1.1.2-2: Recall Macroscopic and Microscopic viewpoint of Thermodynamics,Active Learning Outcomes: 17 min duration. ALO 1.1.2-2: Recall Macroscopic and Microscopic viewpoint of Thermodynamics,U1S1T2-2,ALM,ALO 1.1.2-2: Recall Macroscopic and Microscopic viewpoint of Thermodynamics,17
V2L-Thermo,ALM 1.1.2-3                                     DBST,<b><u>Active Learning Outcomes: 17 min duration.</u></b><br>ALO 1.1.2-3: Recall the concept of Continuum,Active Learning Outcomes: 17 min duration. ALO 1.1.2-3: Recall the concept of Continuum,U1S1T2-3,ALM,ALO 1.1.2-3: Recall the concept of Continuum,17
V2L-Thermo,GPSM 1.2,<b><u>GATE Learning Outcomes: 10 Min Duration.</u></b><br>GLO1: Explain Thermodynamic Equilibrium of the System<br>GLO2: Explain Point and Path Function<br>GLO3: Analyze the concept of Zeroth Law of thermodynamics and apply it to solve different problems,GATE Learning Outcomes: 10 Min Duration. GLO1: Explain Thermodynamic Equilibrium of the System GLO2: Explain Point and Path Function GLO3: Analyze the concept of Zeroth Law of thermodynamics and apply it to solve different problems,U1S2,GPSM,GATE Learning Outcomes: 10 Min Duration. GLO1: Explain Thermodynamic Equilibrium of the System GLO2: Explain Point and Path Function GLO3: Analyze the concept of Zeroth Law of thermodynamics and apply it to solve different problems,0
V2L-Thermo,PSM 1.2.1,<b><u>Problem Learning Outcomes: 17 min duration.</u></b><br>PLO1: Explain Thermodynamic Equilibrium of the System<br>PLO2: Describe the Quasi-Static Process<br>PLO3: Distinguish between Chemical Equilibrium and Mechanical Equilibrium,Problem Learning Outcomes: 17 min duration. PLO1: Explain Thermodynamic Equilibrium of the System PLO2: Describe the Quasi-Static Process PLO3: Distinguish between Chemical Equilibrium and Mechanical Equilibrium,U1S2T1,PSM,PLO1: Explain Thermodynamic Equilibrium of the System PLO2: Describe the Quasi-Static Process PLO3: Distinguish between Chemical Equilibrium and Mechanical Equilibrium,17
V2L-Thermo,ALM 1.2.1-1                       DBST,<b><u>Active Learning Outcomes: 23 min duration.</u></b><br>ALO 1.2.1-1: Recall Thermodynamic Equilibrium of the System,Active Learning Outcomes: 23 min duration. ALO 1.2.1-1: Recall Thermodynamic Equilibrium of the System,U1S2T1-1,ALM,ALO 1.2.1-1: Recall Thermodynamic Equilibrium of the System,23
V2L-Thermo,ALM 1.2.1-2                      DBST,"<b><u>Active Learning Outcomes: 37 min duration.</u></b><br>ALO 1.2.1-2: Describe the following terms:<br>&nbsp; &nbsp; &nbsp; &nbsp; &nbsp; &nbsp; &nbsp; &nbsp; &nbsp; &nbsp; &nbsp;i. State
<br>&nbsp; &nbsp; &nbsp; &nbsp; &nbsp; &nbsp; &nbsp; &nbsp; &nbsp; &nbsp; &nbsp;ii. Process and Cycle<br>&nbsp; &nbsp; &nbsp; &nbsp; &nbsp; &nbsp; &nbsp; &nbsp; &nbsp; &nbsp; &nbsp;iii. Reversible and Irreversible Process","Active Learning Outcomes: 37 min duration. ALO 1.2.1-2: Describe the following terms: i. State
 ii. Process and Cycle iii. Reversible and Irreversible Process",U1S2T1-2,ALM,"ALO 1.2.1-2: Describe the following terms: i. State
 ii. Process and Cycle iii. Reversible and Irreversible Process",37
V2L-Thermo,ALM 1.2.1-3                           DBST,<b><u>Active Learning Outcomes: 10 min duration.</u></b><br>ALO 1.2.1-3: Describe the Quasi-Static Process,Active Learning Outcomes: 10 min duration. ALO 1.2.1-3: Describe the Quasi-Static Process,U1S2T1-3,ALM,ALO 1.2.1-3: Describe the Quasi-Static Process,10
V2L-Thermo,ALM 1.2.1-4                             DBST,<b><u>Active Learning Outcomes: 14 min duration.</u></b><br>ALO 1.2.1-4: Recall the Point and Path Function,Active Learning Outcomes: 14 min duration. ALO 1.2.1-4: Recall the Point and Path Function,U1S2T1-4,ALM,ALO 1.2.1-4: Recall the Point and Path Function,14
V2L-Thermo,PSM 1.2.2,<b><u>Problem Learning Outcomes: 47 min duration.</u></b><br>PLO1: Explain the concept of Temperature Measurement<br>PLO2: Explain Zeroth law of thermodynamics for temperature measurement,Problem Learning Outcomes: 47 min duration. PLO1: Explain the concept of Temperature Measurement PLO2: Explain Zeroth law of thermodynamics for temperature measurement,U1S2T2,PSM,PLO1: Explain the concept of Temperature Measurement PLO2: Explain Zeroth law of thermodynamics for temperature measurement,47
V2L-Thermo,ALM 1.2.2-1                       DBST,<b><u>Active Learning Outcomes: 15 min duration.</u></b><br>ALO 1.2.2-1: Recall the concept of Temperature Measurement,Active Learning Outcomes: 15 min duration. ALO 1.2.2-1: Recall the concept of Temperature Measurement,U1S2T2-1,ALM,ALO 1.2.2-1: Recall the concept of Temperature Measurement,15
V2L-Thermo,ALM 1.2.2-2                                DBST,<b><u>Active Learning Outcomes: 16 min duration.</u></b><br>ALO 1.2.2-2: List types of Temperature Measurement,Active Learning Outcomes: 16 min duration. ALO 1.2.2-2: List types of Temperature Measurement,U1S2T2-2,ALM,ALO 1.2.2-2: List types of Temperature Measurement,16
V2L-Thermo,ALM 1.2.2-3                             DBST,<b><u>Active Learning Outcomes: 38 min duration.</u></b><br>ALO 1.2.2-3: State Zeroth Law of Thermodynamics,Active Learning Outcomes: 38 min duration. ALO 1.2.2-3: State Zeroth Law of Thermodynamics,U1S2T2-3,ALM,ALO 1.2.2-3: State Zeroth Law of Thermodynamics,38
V2L-Thermo,GPSM 1.3,<b><u>GATE Learning Outcomes: 27 Min Duration.</u></b><br>GLO1: Calculate the required work done and Heat<br>GLO2: Analyze the concept of Energy Interaction<br>GLO3: Analyze the concept of Ideal Gas equation,GATE Learning Outcomes: 27 Min Duration. GLO1: Calculate the required work done and Heat GLO2: Analyze the concept of Energy Interaction GLO3: Analyze the concept of Ideal Gas equation,U1S3,GPSM,GATE Learning Outcomes: 27 Min Duration. GLO1: Calculate the required work done and Heat GLO2: Analyze the concept of Energy Interaction GLO3: Analyze the concept of Ideal Gas equation,0
V2L-Thermo,PSM 1.3.1,<b><u>Problem Learning Outcomes: 35 min duration.</u></b><br>PLO1: Explain different types of Energy<br>PLO2: Define Internal Energy<br>PLO3: State Law of Conservation of Energy,Problem Learning Outcomes: 35 min duration. PLO1: Explain different types of Energy PLO2: Define Internal Energy PLO3: State Law of Conservation of Energy,U1S3T1,PSM,PLO1: Explain different types of Energy PLO2: Define Internal Energy PLO3: State Law of Conservation of Energy,35
V2L-Thermo,ALM 1.3.1-1                             DBST,<b><u>Active Learning Outcomes: 15 min duration.</u></b><br>ALO 1.3.1-1: Recall the concept of Energy,Active Learning Outcomes: 15 min duration. ALO 1.3.1-1: Recall the concept of Energy,U1S3T1-1,ALM,ALO 1.3.1-1: Recall the concept of Energy,15
V2L-Thermo,ALM 1.3.1-2 and 3                              DBST,<b><u>Active Learning Outcomes: 38 min duration.</u></b><br>ALO 1.3.1-2: Classify Energy<br>ALO 1.3.1-3: Describe the concept of Energy Interaction,Active Learning Outcomes: 38 min duration. ALO 1.3.1-2: Classify Energy ALO 1.3.1-3: Describe the concept of Energy Interaction,U1S3T1-23,ALM,ALO 1.3.1-2: Classify Energy ALO 1.3.1-3: Describe the concept of Energy Interaction,38
V2L-Thermo,PSM 1.3.2,<b><u>Problem Learning Outcomes: 38 min duration.</u></b><br>PLO1: Explain the concept of Work Interaction<br>PLO2: Describe the Work was done calculation,Problem Learning Outcomes: 38 min duration. PLO1: Explain the concept of Work Interaction PLO2: Describe the Work was done calculation,U1S3T2,PSM,PLO1: Explain the concept of Work Interaction PLO2: Describe the Work was done calculation,38
V2L-Thermo,ALM 1.3.2-1                               DBST,<b><u>Active Learning Outcomes: 26 min duration.</u></b><br>ALO 1.3.2-1:  Recall the concept of Work,Active Learning Outcomes: 26 min duration. ALO 1.3.2-1:  Recall the concept of Work,U1S3T2-1,ALM,ALO 1.3.2-1:  Recall the concept of Work,26
V2L-Thermo,ALM 1.3.2-2                                                 DBST,<b><u>Active Learning Outcomes: 33 min duration.</u></b><br>ALO 1.3.2-2: Describe the Work done calculation,Active Learning Outcomes: 33 min duration. ALO 1.3.2-2: Describe the Work done calculation,U1S3T2-2,ALM,ALO 1.3.2-2: Describe the Work done calculation,33
V2L-Thermo,ALM 1.3.2-3                                                     DBST,<b><u>Active Learning Outcomes: 51 min duration.</u></b><br>ALO 1.3.2-3: Recall the types of work done Interaction,Active Learning Outcomes: 51 min duration. ALO 1.3.2-3: Recall the types of work done Interaction,U1S3T2-3,ALM,ALO 1.3.2-3: Recall the types of work done Interaction,51
V2L-Thermo,PSM 1.3.3,<b><u>Problem Learning Outcomes: 46 min duration.</u></b><br>PLO1: Explain the concept of Heat<br>PLO2: Describe the Heat interation,Problem Learning Outcomes: 46 min duration. PLO1: Explain the concept of Heat PLO2: Describe the Heat interation,U1S3T3,PSM,PLO1: Explain the concept of Heat PLO2: Describe the Heat interation,46
V2L-Thermo,ALM 1.3.3-1 and 2                                            DBST,<b><u>Active Learning Outcomes: 20 min duration.</u></b><br>ALO 1.3.3-1: Recall the concept of Heat<br>ALO 1.3.3-2: Describe the heat interaction in various process,Active Learning Outcomes: 20 min duration. ALO 1.3.3-1: Recall the concept of Heat ALO 1.3.3-2: Describe the heat interaction in various process,U1S3T3-12,ALM,ALO 1.3.3-1: Recall the concept of Heat ALO 1.3.3-2: Describe the heat interaction in various process,20
V2L-Thermo,ALM 1.3.3-3                                                              DBST,<b><u>Active Learning Outcomes: 33 min duration.</u></b><br>ALO 1.3.3-3: Recall the concept of specific heat,Active Learning Outcomes: 33 min duration. ALO 1.3.3-3: Recall the concept of specific heat,U1S3T3-3,ALM,ALO 1.3.3-3: Recall the concept of specific heat,33
V2L-Thermo,PSM 1.3.4,"<b><u>Problem Learning Outcomes: 26 min duration.</u></b><br>PLO1: Explain the concept of Ideal Gas<br>PLO2: Explain the relationship between P, V &amp; T","Problem Learning Outcomes: 26 min duration. PLO1: Explain the concept of Ideal Gas PLO2: Explain the relationship between P, V &amp; T",U1S3T4,PSM,"PLO1: Explain the concept of Ideal Gas PLO2: Explain the relationship between P, V &amp; T",26
V2L-Thermo,ALM 1.3.4-1                                                       DBST,<b><u>Active Learning Outcomes: 17 min duration.</u></b><br>ALO 1.3.4-1: Recall the concept of Ideal Gas,Active Learning Outcomes: 17 min duration. ALO 1.3.4-1: Recall the concept of Ideal Gas,U1S3T4-1,ALM,ALO 1.3.4-1: Recall the concept of Ideal Gas,17
V2L-Thermo,ALM 1.3.4-2                                                    DBST,"<b><u>Active Learning Outcomes: 21 min duration.</u></b><br>ALO 1.3.4-2: Describe the Adiabatic relation between P, T, and V","Active Learning Outcomes: 21 min duration. ALO 1.3.4-2: Describe the Adiabatic relation between P, T, and V",U1S3T4-2,ALM,"ALO 1.3.4-2: Describe the Adiabatic relation between P, T, and V",21
V2L-Thermo,ALM 1.3.4-3                                                           DBST,<b><u>Active Learning Outcomes: 54 min duration.</u></b><br>ALO 1.3.4-3: Recall the representation of various processes in P-V diagram,Active Learning Outcomes: 54 min duration. ALO 1.3.4-3: Recall the representation of various processes in P-V diagram,U1S3T4-3,ALM,ALO 1.3.4-3: Recall the representation of various processes in P-V diagram,54
V2L-Thermo,GPSM 2.1,"<b><u>GATE Learning Outcomes: 38 Min Duration.</u></b><br>GLO1: State the First Law of Thermodynamics and apply First law of thermodynamics for closed systems and construct conservation of mass and energy equations<br>GLO2: Analyze the Steady Flow Energy Equation and apply it to the Nozzles, Diffusers, Turbines, Compressors","GATE Learning Outcomes: 38 Min Duration. GLO1: State the First Law of Thermodynamics and apply First law of thermodynamics for closed systems and construct conservation of mass and energy equations GLO2: Analyze the Steady Flow Energy Equation and apply it to the Nozzles, Diffusers, Turbines, Compressors",U2S1,GPSM,"GATE Learning Outcomes: 38 Min Duration. GLO1: State the First Law of Thermodynamics and apply First law of thermodynamics for closed systems and construct conservation of mass and energy equations GLO2: Analyze the Steady Flow Energy Equation and apply it to the Nozzles, Diffusers, Turbines, Compressors",0
V2L-Thermo,PSM 2.1.1,"<b><u>Problem Learning Outcomes: 60 min duration.</u></b><br>PLO1: Apply the concept of First Law for solving PYQs<br>PLO2: Define Perpetual Motion Machine of first kind
PLO3: Explain the concept of Internal Energy","Problem Learning Outcomes: 60 min duration. PLO1: Apply the concept of First Law for solving PYQs PLO2: Define Perpetual Motion Machine of first kind
PLO3: Explain the concept of Internal Energy",U2S1T1,PSM,"PLO1: Apply the concept of First Law for solving PYQs PLO2: Define Perpetual Motion Machine of first kind
PLO3: Explain the concept of Internal Energy",60
V2L-Thermo,ALM 2.1.1-1                                   DBST,<b><u>Active Learning Outcomes: 32 min duration.</u></b><br>ALO 2.1.1-1: Describe the First Law of Thermodynamics,Active Learning Outcomes: 32 min duration. ALO 2.1.1-1: Describe the First Law of Thermodynamics,U2S1T1-1,ALM,ALO 2.1.1-1: Describe the First Law of Thermodynamics,32
V2L-Thermo,ALM 2.1.1-2                                      DBST,<b><u>Active Learning Outcomes: 29 min duration.</u></b><br>ALO 2.1.1-1: Recall the concept of Internal Energy,Active Learning Outcomes: 29 min duration. ALO 2.1.1-1: Recall the concept of Internal Energy,U2S1T1-2,ALM,ALO 2.1.1-1: Recall the concept of Internal Energy,29
V2L-Thermo,ALM 2.1.1-3                                 DBST,<b><u>Active Learning Outcomes: 10 min duration.</u></b><br>ALO 2.1.1-3: Describe the Perpetual Motion Machine-1,Active Learning Outcomes: 10 min duration. ALO 2.1.1-3: Describe the Perpetual Motion Machine-1,U2S1T1-3,ALM,ALO 2.1.1-3: Describe the Perpetual Motion Machine-1,10
V2L-Thermo,PSM 2.1.2,<b><u>Problem Learning outcomes: 35 min duration.</u></b><br>PLO1: Explain Electric work done and Shaft work done<br>PLO2: Define the term Enthalpy<br>PLO3: Explain the Free Expansion process,Problem Learning outcomes: 35 min duration. PLO1: Explain Electric work done and Shaft work done PLO2: Define the term Enthalpy PLO3: Explain the Free Expansion process,U2S1T2,PSM,PLO1: Explain Electric work done and Shaft work done PLO2: Define the term Enthalpy PLO3: Explain the Free Expansion process,35
V2L-Thermo,ALM 2.1.2-1                                     DBET,<b><u>Active Learning Outcomes: 20 min duration.</u></b><br>ALO 2.1.2-1: Recall different types of Work done,Active Learning Outcomes: 20 min duration. ALO 2.1.2-1: Recall different types of Work done,U2S1T2-1,ALM,ALO 2.1.2-1: Recall different types of Work done,20
V2L-Thermo,ALM 2.1.2-2                                                              DBST,<b><u>Active Learning Outcomes: 8 min duration.</u></b><br>ALO 2.1.2-2: Recall the term Energy of Universe,Active Learning Outcomes: 8 min duration. ALO 2.1.2-2: Recall the term Energy of Universe,U2S1T2-2,ALM,ALO 2.1.2-2: Recall the term Energy of Universe,8
V2L-Thermo,ALM 2.1.2-3                                 DBST,<b><u>Active Learning Outcomes: 18 min duration.</u></b><br>ALO 2.1.2-3: Recall the concept of Enthalpy,Active Learning Outcomes: 18 min duration. ALO 2.1.2-3: Recall the concept of Enthalpy,U2S1T2-3,ALM,ALO 2.1.2-3: Recall the concept of Enthalpy,18
V2L-Thermo,ALM 2.1.2-4                                                             DBST,<b><u>Active Learning Outcomes: 19 min duration.</u></b><br>ALO 2.1.2-4: Describe the concept of Free Expansion,Active Learning Outcomes: 19 min duration. ALO 2.1.2-4: Describe the concept of Free Expansion,U2S1T2-4,ALM,ALO 2.1.2-4: Describe the concept of Free Expansion,19
V2L-Thermo,PSM 2.1.3,<b><u>Problem Learning Outcomes: 49 min duration.</u></b><br>PLO1: Apply the Steady Flow Energy Equation for solving PYQs<br>PLO2: Derive an expression for the comparison of SFEE with Euler and Bernoulli Equations,Problem Learning Outcomes: 49 min duration. PLO1: Apply the Steady Flow Energy Equation for solving PYQs PLO2: Derive an expression for the comparison of SFEE with Euler and Bernoulli Equations,U2S1T3,PSM,PLO1: Apply the Steady Flow Energy Equation for solving PYQs PLO2: Derive an expression for the comparison of SFEE with Euler and Bernoulli Equations,49
V2L-Thermo,ALM 2.1.3-1                                                            DBST,<b><u>Active Learning Outcomes: 15 min duration.</u></b><br>ALO 2.1.3-1: Recall the concept of Control Volume analysis,Active Learning Outcomes: 15 min duration. ALO 2.1.3-1: Recall the concept of Control Volume analysis,U2S1T3-1,ALM,ALO 2.1.3-1: Recall the concept of Control Volume analysis,15
V2L-Thermo,ALM 2.1.3-2                                                                  DBST,<b><u>Active Learning Outcomes: 39 min duration.</u></b><br>ALO 2.1.3-2: Derive the Steady Flow Energy Equation,Active Learning Outcomes: 39 min duration. ALO 2.1.3-2: Derive the Steady Flow Energy Equation,U2S1T3-2,ALM,ALO 2.1.3-2: Derive the Steady Flow Energy Equation,39
V2L-Thermo,ALM 2.1.3-3                                               DBST,<b><u>Active Learning Outcomes: 17 min duration.</u></b><br>ALO 2.1.3-3: Recall the application of Steady Flow process,Active Learning Outcomes: 17 min duration. ALO 2.1.3-3: Recall the application of Steady Flow process,U2S1T3-3,ALM,ALO 2.1.3-3: Recall the application of Steady Flow process,17
V2L-Thermo,ALM 2.1.3-4                                                   DBST,<b><u>Active Learning Outcomes: 21 min duration.</u></b><br>ALO 2.1.3-4:  Recall the comparison of SFEE with Euler and Bernoulli Equations,Active Learning Outcomes: 21 min duration. ALO 2.1.3-4:  Recall the comparison of SFEE with Euler and Bernoulli Equations,U2S1T3-4,ALM,ALO 2.1.3-4:  Recall the comparison of SFEE with Euler and Bernoulli Equations,21
V2L-Thermo,GPSM 3.1,<b><u>GATE Learning Outcomes: 19 Min Duration.</u></b><br>GLO1: Analyze the concept of the Second Law of Thermodynamic and apply it to determine different parameters of Heat pump and Refrigerator,GATE Learning Outcomes: 19 Min Duration. GLO1: Analyze the concept of the Second Law of Thermodynamic and apply it to determine different parameters of Heat pump and Refrigerator,U3S1,GPSM,GATE Learning Outcomes: 19 Min Duration. GLO1: Analyze the concept of the Second Law of Thermodynamic and apply it to determine different parameters of Heat pump and Refrigerator,0
V2L-Thermo,PSM 3.1.1,<b><u>Problem Learning Outcomes: 17 min duration.</u></b><br>PLO1: Explain the Quality of Energy<br>PLO2: State Second Law of Thermodynamics<br>PLO3: Explain the Perpetual Motion Machine of the second kind and its relevance,Problem Learning Outcomes: 17 min duration. PLO1: Explain the Quality of Energy PLO2: State Second Law of Thermodynamics PLO3: Explain the Perpetual Motion Machine of the second kind and its relevance,U3S1T1,PSM,PLO1: Explain the Quality of Energy PLO2: State Second Law of Thermodynamics PLO3: Explain the Perpetual Motion Machine of the second kind and its relevance,17
V2L-Thermo,ALM 3.1.1-1                               DBST,<b><u>Active Learning Outcomes: 34 min duration.</u></b><br>ALO 3.1.1-1: Recall the Quality of Energy,Active Learning Outcomes: 34 min duration. ALO 3.1.1-1: Recall the Quality of Energy,U3S1T1-1,ALM,ALO 3.1.1-1: Recall the Quality of Energy,34
V2L-Thermo,ALM 3.1.1-2                              DBST,<b><u>Active Learning Outcomes: 19 min duration.</u></b><br>ALO 3.1.1-2: Recall the following Statements of Second Law:<br>&nbsp; &nbsp; &nbsp; &nbsp; &nbsp; &nbsp; &nbsp; &nbsp; &nbsp; &nbsp; &nbsp;i. Kelvin Planck Statement<br>&nbsp; &nbsp; &nbsp; &nbsp; &nbsp; &nbsp; &nbsp; &nbsp; &nbsp; &nbsp; &nbsp;ii. Clausius Statement<br>ALO 3.1.1-3: Describe the Perpetual Motion Machine-2,Active Learning Outcomes: 19 min duration. ALO 3.1.1-2: Recall the following Statements of Second Law: i. Kelvin Planck Statement ii. Clausius Statement ALO 3.1.1-3: Describe the Perpetual Motion Machine-2,U3S1T1-2,ALM,ALO 3.1.1-2: Recall the following Statements of Second Law: i. Kelvin Planck Statement ii. Clausius Statement ALO 3.1.1-3: Describe the Perpetual Motion Machine-2,19
V2L-Thermo,PSM 3.1.2,"<b><u>Problem Learning Outcomes: 52 min duration.</u></b><br>PLO1: Define the following terms:
<br>&nbsp; &nbsp; &nbsp; &nbsp; &nbsp; i. Coefficients of Performance<br>&nbsp; &nbsp; &nbsp; &nbsp; &nbsp; ii. Heat Pump<br>&nbsp; &nbsp; &nbsp; &nbsp; &nbsp; iii. Refrigerator<br>PLO2: Calculate the COP of Heat Pump and Refrigeration","Problem Learning Outcomes: 52 min duration. PLO1: Define the following terms:
 i. Coefficients of Performance ii. Heat Pump iii. Refrigerator PLO2: Calculate the COP of Heat Pump and Refrigeration",U3S1T2,PSM,"PLO1: Define the following terms:
 i. Coefficients of Performance ii. Heat Pump iii. Refrigerator PLO2: Calculate the COP of Heat Pump and Refrigeration",52
V2L-Thermo,PSM 3.1.2,<b><u>Problem Learning Outcomes: 48 min duration.</u></b><br>PLO1: Explain the Carnot cycle and draw it on p-V diagram and T-s diagram<br>PLO2: Explain the concept of Clausius Inequality,Problem Learning Outcomes: 48 min duration. PLO1: Explain the Carnot cycle and draw it on p-V diagram and T-s diagram PLO2: Explain the concept of Clausius Inequality,U3S1T2,PSM,PLO1: Explain the Carnot cycle and draw it on p-V diagram and T-s diagram PLO2: Explain the concept of Clausius Inequality,48
V2L-Thermo,ALM 3.1.2-1                                              DBST,<b><u>Active Learning Outcomes: 24 min duration.</u></b><br>ALO 3.1.2-1: Recall the Coefficients of Performance of Heat Pump and Refrigerator,Active Learning Outcomes: 24 min duration. ALO 3.1.2-1: Recall the Coefficients of Performance of Heat Pump and Refrigerator,U3S1T2-1,ALM,ALO 3.1.2-1: Recall the Coefficients of Performance of Heat Pump and Refrigerator,24
V2L-Thermo,ALM 3.1.2-2                                        DBST,<b><u>Active Learning Outcomes: 45 min duration.</u></b><br>ALO 3.1.2-2: Describe the Equivalence of Kelvin Planck and Clausius Statement,Active Learning Outcomes: 45 min duration. ALO 3.1.2-2: Describe the Equivalence of Kelvin Planck and Clausius Statement,U3S1T2-2,ALM,ALO 3.1.2-2: Describe the Equivalence of Kelvin Planck and Clausius Statement,45
V2L-Thermo,ALM 3.2.1-1                                     DBST,<b><u>Active Learning Outcomes: 35 min duration.</u></b><br>ALO 3.2.1-1: Recall the Carnot cycle,Active Learning Outcomes: 35 min duration. ALO 3.2.1-1: Recall the Carnot cycle,U3S2T1-1,ALM,ALO 3.2.1-1: Recall the Carnot cycle,35
V2L-Thermo,ALM 3.2.1-2                             DBST,<b><u>Active Learning Outcomes: 49 min duration.</u></b><br>ALO 3.2.1-2:  Recall the concept of Clausius Inequality,Active Learning Outcomes: 49 min duration. ALO 3.2.1-2:  Recall the concept of Clausius Inequality,U3S2T1-2,ALM,ALO 3.2.1-2:  Recall the concept of Clausius Inequality,49
V2L-Thermo,PSM 3.2.2,<b><u>Problem Learning Outcomes: 31 min duration.</u></b><br>PLO1: Calculate the Second Law Efficiency<br>PLO2: Describe the Effect of Temperature on the performance of reversible devices,Problem Learning Outcomes: 31 min duration. PLO1: Calculate the Second Law Efficiency PLO2: Describe the Effect of Temperature on the performance of reversible devices,U3S2T2,PSM,PLO1: Calculate the Second Law Efficiency PLO2: Describe the Effect of Temperature on the performance of reversible devices,31
V2L-Thermo,ALM 3.2.2-1                                  DBST,<b><u>Active Learning Outcomes: 32 min duration.</u></b><br>ALO 3.2.2-1: Recall the Second Law Efficiency,Active Learning Outcomes: 32 min duration. ALO 3.2.2-1: Recall the Second Law Efficiency,U3S2T2-1,ALM,ALO 3.2.2-1: Recall the Second Law Efficiency,32
V2L-Thermo,ALM 3.2.2-2                                 DBST,<b><u>Active Learning Outcomes: 21 min duration.</u></b><br>ALO 3.2.2-2: Recall the Effect of Temperature on the performance of reversible devices,Active Learning Outcomes: 21 min duration. ALO 3.2.2-2: Recall the Effect of Temperature on the performance of reversible devices,U3S2T2-2,ALM,ALO 3.2.2-2: Recall the Effect of Temperature on the performance of reversible devices,21
V2L-Thermo,PSM 4.1.1,<b><u>Problem Learning Outcomes: 10 min duration.</u></b><br>PLO1: Explain that Entropy is a Point function<br>PLO2: Draw the Temperature-Entropy diagram and explain its applications,Problem Learning Outcomes: 10 min duration. PLO1: Explain that Entropy is a Point function PLO2: Draw the Temperature-Entropy diagram and explain its applications,U4S1T1,PSM,PLO1: Explain that Entropy is a Point function PLO2: Draw the Temperature-Entropy diagram and explain its applications,10
V2L-Thermo,ALM 4.1.1-1                                          DBST,<b><u>Active Learning Outcomes: 50 min duration.</u></b><br>ALO 4.1.1-1: Define the term Entropy,Active Learning Outcomes: 50 min duration. ALO 4.1.1-1: Define the term Entropy,U4S1T1-1,ALM,ALO 4.1.1-1: Define the term Entropy,50
V2L-Thermo,ALM : 4.1.1-2                                        DBST,<b><u>Active Learning Outcomes: 19 min duration.</u></b><br>ALO 4.1.1-2: Recall the properties of Entropy,Active Learning Outcomes: 19 min duration. ALO 4.1.1-2: Recall the properties of Entropy,U4S1T1-2,ALM,ALO 4.1.1-2: Recall the properties of Entropy,19
V2L-Thermo,ALM 4.1.1-3                                DBST,<b><u>Active Learning Outcomes: 36 min duration.</u></b><br>ALO 4.1.1-3: Describe the Temperature - Entropy diagram,Active Learning Outcomes: 36 min duration. ALO 4.1.1-3: Describe the Temperature - Entropy diagram,U4S1T1-3,ALM,ALO 4.1.1-3: Describe the Temperature - Entropy diagram,36
V2L-Thermo,PSM 4.1.2,<b><u>Problem Learning Outcomes: 6 min duration.</u></b><br>PLO1: State and prove Clausius Theorem of Entropy<br>PLO2: Explain the Reversible Adiabatic Path Analysis,Problem Learning Outcomes: 6 min duration. PLO1: State and prove Clausius Theorem of Entropy PLO2: Explain the Reversible Adiabatic Path Analysis,U4S1T2,PSM,PLO1: State and prove Clausius Theorem of Entropy PLO2: Explain the Reversible Adiabatic Path Analysis,6
V2L-Thermo,ALM 4.1.2-1                             DBST,<b><u>Active Learning Outcomes: 26 min duration.</u></b><br>ALO 4.1.2-1: Recall the Clausius Theorem,Active Learning Outcomes: 26 min duration. ALO 4.1.2-1: Recall the Clausius Theorem,U4S1T2-1,ALM,ALO 4.1.2-1: Recall the Clausius Theorem,26
V2L-Thermo,ALM 4.1.2-2                                     DBST,<b><u>Active Learning Outcomes: 8 min duration.</u></b><br>ALO 4.1.2-2: Describe the Reversible Adiabatic Path Analysis,Active Learning Outcomes: 8 min duration. ALO 4.1.2-2: Describe the Reversible Adiabatic Path Analysis,U4S1T2-2,ALM,ALO 4.1.2-2: Describe the Reversible Adiabatic Path Analysis,8
V2L-Thermo,PSM 4.2.1,<b><u>Problem Learning Outcomes: 38 min duration.</u></b><br>PLO1: Explain Available and Unavailable Energy<br>PLO2: Define High and Low-grade Energies<br>PLO3: Explain Reversible cycle with Finite Heat source,Problem Learning Outcomes: 38 min duration. PLO1: Explain Available and Unavailable Energy PLO2: Define High and Low-grade Energies PLO3: Explain Reversible cycle with Finite Heat source,U4S2T1,PSM,PLO1: Explain Available and Unavailable Energy PLO2: Define High and Low-grade Energies PLO3: Explain Reversible cycle with Finite Heat source,38
V2L-Thermo,PSM 4.2.2,<b><u>Problem Learning outcomes: 44 min duration.</u></b><br>PLO1: Explain the analysis of the Mixing of two Fluids<br>PLO2: Describe the process of Maximum work obtained from the Two Finite bodies at Temperatures T<sub>1</sub> and T<sub>2</sub>,Problem Learning outcomes: 44 min duration. PLO1: Explain the analysis of the Mixing of two Fluids PLO2: Describe the process of Maximum work obtained from the Two Finite bodies at Temperatures T<sub>1</sub> and T<sub>2</sub>,U4S2T2,PSM,PLO1: Explain the analysis of the Mixing of two Fluids PLO2: Describe the process of Maximum work obtained from the Two Finite bodies at Temperatures T<sub>1</sub> and T<sub>2</sub>,44
V2L-Thermo,ALM 4.2.2-1                                                           DBET,<b><u>Active Learning Outcomes: 14 min duration.</u></b><br>ALO 4.2.2-1: Recall the Transfer of Heat through a finite Temperature difference,Active Learning Outcomes: 14 min duration. ALO 4.2.2-1: Recall the Transfer of Heat through a finite Temperature difference,U4S2T2-1,ALM,ALO 4.2.2-1: Recall the Transfer of Heat through a finite Temperature difference,14
V2L-Thermo,ALM 4.2.2-2                                              DBST,<b><u>Active Learning Outcomes: 24 min duration.</u></b><br>ALO 4.2.2-2: Recall the analysis of the Mixing of two Fluids,Active Learning Outcomes: 24 min duration. ALO 4.2.2-2: Recall the analysis of the Mixing of two Fluids,U4S2T2-2,ALM,ALO 4.2.2-2: Recall the analysis of the Mixing of two Fluids,24
V2L-Thermo,ALM 4.2.2-3                                        DBST,<b><u>Active Learning Outcomes: 18 min duration.</u></b><br>ALO 4.2.2-3: Describe the process of Maximum work obtained from the two finite bodies at Temperatures T<sub>1 </sub>and T<sub>2</sub><br><p></p>,Active Learning Outcomes: 18 min duration. ALO 4.2.2-3: Describe the process of Maximum work obtained from the two finite bodies at Temperatures T<sub>1 </sub>and T<sub>2</sub> ,U4S2T2-3,ALM,ALO 4.2.2-3: Describe the process of Maximum work obtained from the two finite bodies at Temperatures T<sub>1 </sub>and T<sub>2</sub> ,18
V2L-Thermo,PSM 4.2.3,"<b><u>Problem Learning Outcomes: 39 min duration.</u></b><br>PLO1: Explain the Fixed mass Entropy Analysis<br>PLO2: Calculation of the change in Entropy for Solid, Liquid, and Gases","Problem Learning Outcomes: 39 min duration. PLO1: Explain the Fixed mass Entropy Analysis PLO2: Calculation of the change in Entropy for Solid, Liquid, and Gases",U4S2T3,PSM,"PLO1: Explain the Fixed mass Entropy Analysis PLO2: Calculation of the change in Entropy for Solid, Liquid, and Gases",39
V2L-Thermo,ALM 4.2.3-1                                         DBET,<b><u>Active Learning Outcomes: 65 min duration.</u></b><br>ALO 4.2.3-1: Recall the Fixed mass Entropy Analysis,Active Learning Outcomes: 65 min duration. ALO 4.2.3-1: Recall the Fixed mass Entropy Analysis,U4S2T3-1,ALM,ALO 4.2.3-1: Recall the Fixed mass Entropy Analysis,65
V2L-Thermo,ALM 4.2.3-2                              DBST,"<b><u>Active Learning Outcomes: 17 min duration.</u></b><br>ALO 4.2.3-2: Describe the calculation of the change in Entropy for Solid, Liquid, and Gases","Active Learning Outcomes: 17 min duration. ALO 4.2.3-2: Describe the calculation of the change in Entropy for Solid, Liquid, and Gases",U4S2T3-2,ALM,"ALO 4.2.3-2: Describe the calculation of the change in Entropy for Solid, Liquid, and Gases",17
V2L-Thermo,PSM 5.1.1,"<b><u>Problem Learning Outcomes: 43 min duration.</u></b><br>PLO1: Define the term Pure Substance<br>PLO2: Describe different Phases of Substance<br>PLO3: Describe p-v-T surface for a Pure Substance<br>PLO4: Define the following terms:<br>&nbsp; &nbsp; &nbsp; &nbsp; &nbsp; &nbsp;i. Latent Heat
<br>&nbsp; &nbsp; &nbsp; &nbsp; &nbsp; &nbsp;ii. Sensible Heat","Problem Learning Outcomes: 43 min duration. PLO1: Define the term Pure Substance PLO2: Describe different Phases of Substance PLO3: Describe p-v-T surface for a Pure Substance PLO4: Define the following terms: i. Latent Heat
 ii. Sensible Heat",U5S1T1,PSM,"PLO1: Define the term Pure Substance PLO2: Describe different Phases of Substance PLO3: Describe p-v-T surface for a Pure Substance PLO4: Define the following terms: i. Latent Heat
 ii. Sensible Heat",43
V2L-Thermo,ALM 5.1.1-1                                DBST,<b><u>Active Learning Outcomes: 23 min duration.</u></b><br>ALO 5.1.1-1: Recall the concept of Phase change phenomena,Active Learning Outcomes: 23 min duration. ALO 5.1.1-1: Recall the concept of Phase change phenomena,U5S1T1-1,ALM,ALO 5.1.1-1: Recall the concept of Phase change phenomena,23
V2L-Thermo,ALM 5.1.1-2                                   DBST,<b><u>Active Learning Outcomes: 18 min duration.</u></b><br>ALO 5.1.1-2: Recall the P-V diagram for Phase change,Active Learning Outcomes: 18 min duration. ALO 5.1.1-2: Recall the P-V diagram for Phase change,U5S1T1-2,ALM,ALO 5.1.1-2: Recall the P-V diagram for Phase change,18
V2L-Thermo,ALM 5.1.1-3                                                      DBST,<b><u>Active Learning Outcomes: 17 min duration.</u></b><br>ALO 5.1.1-3: Recall the concept of Latent Heat and Sensible Heat,Active Learning Outcomes: 17 min duration. ALO 5.1.1-3: Recall the concept of Latent Heat and Sensible Heat,U5S1T1-3,ALM,ALO 5.1.1-3: Recall the concept of Latent Heat and Sensible Heat,17
V2L-Thermo,ALM 5.1.1-4                                                     DBST,<b><u>Active Learning Outcomes: 13 min duration.</u></b><br>ALO 5.1.1-4: Derive the expression for various regions in the T-S diagram,Active Learning Outcomes: 13 min duration. ALO 5.1.1-4: Derive the expression for various regions in the T-S diagram,U5S1T1-4,ALM,ALO 5.1.1-4: Derive the expression for various regions in the T-S diagram,13
V2L-Thermo,PSM 5.1.2,<b><u>Problem Learning Outcomes: 27 min duration.</u></b><br>PLO1: Explain the concept of Quality Dryness Fraction<br>PLO2: Derive an expression for Wet region,Problem Learning Outcomes: 27 min duration. PLO1: Explain the concept of Quality Dryness Fraction PLO2: Derive an expression for Wet region,U5S1T2,PSM,PLO1: Explain the concept of Quality Dryness Fraction PLO2: Derive an expression for Wet region,27
V2L-Thermo,ALM 5.1.2-1                                   DBST,"<b><u>Active Learning Outcomes: 19 min duration.</u></b><br>ALO 5.1.2-1: Recall the concept of the following:
<br>&nbsp; &nbsp; &nbsp; &nbsp; &nbsp; &nbsp; &nbsp; &nbsp; &nbsp; &nbsp; &nbsp;i. Quality Dryness Fraction<br>&nbsp; &nbsp; &nbsp; &nbsp; &nbsp; &nbsp; &nbsp; &nbsp; &nbsp; &nbsp; &nbsp;ii. Critical Point","Active Learning Outcomes: 19 min duration. ALO 5.1.2-1: Recall the concept of the following:
 i. Quality Dryness Fraction ii. Critical Point",U5S1T2-1,ALM,"ALO 5.1.2-1: Recall the concept of the following:
 i. Quality Dryness Fraction ii. Critical Point",19
V2L-Thermo,ALM 5.1.2-2                                           DBST,<b><u>Active Learning Outcomes: 19 min duration.</u></b><br>ALO 5.1.2-2: Derive an expression for Wet region,Active Learning Outcomes: 19 min duration. ALO 5.1.2-2: Derive an expression for Wet region,U5S1T2-2,ALM,ALO 5.1.2-2: Derive an expression for Wet region,19
V2L-Thermo,ALM 5.1.2-3                                                        DBST,<b><u>Active Learning Outcomes: 23 min duration.</u></b><br>ALO 5.1.2-3: Recall the concept of Triple Point on P-T diagram,Active Learning Outcomes: 23 min duration. ALO 5.1.2-3: Recall the concept of Triple Point on P-T diagram,U5S1T2-3,ALM,ALO 5.1.2-3: Recall the concept of Triple Point on P-T diagram,23
V2L-Thermo,ALM 5.2.1-1                                            DBST,<b><u>Active Learning Outcomes: 19 min duration.</u></b><br>ALO 5.2.1-1: Recall the concept of H-S diagram,Active Learning Outcomes: 19 min duration. ALO 5.2.1-1: Recall the concept of H-S diagram,U5S2T1-1,ALM,ALO 5.2.1-1: Recall the concept of H-S diagram,19
V2L-Thermo,PSM 6.1.1,<b><u>Problem Learning Outcomes: 40 min duration.</u></b><br>PLO1: Explain the concept of Real Gases<br>PLO2: Explain basic Gas Laws,Problem Learning Outcomes: 40 min duration. PLO1: Explain the concept of Real Gases PLO2: Explain basic Gas Laws,U6S1T1,PSM,PLO1: Explain the concept of Real Gases PLO2: Explain basic Gas Laws,40
V2L-Thermo,ALM 6.1.1-1                                               DBST,<b><u>Active Learning Outcomes: 17 min duration.</u></b><br>ALO 6.1.1-1: Recall the concept of Real Gases,Active Learning Outcomes: 17 min duration. ALO 6.1.1-1: Recall the concept of Real Gases,U6S1T1-1,ALM,ALO 6.1.1-1: Recall the concept of Real Gases,17
V2L-Thermo,ALM 6.1.1-2                                          DBST,"<b><u>Active Learning Outcomes: 20 min duration.</u></b><br>ALO 6.1.1-2: Recall the following Laws:
<br>&nbsp; &nbsp; &nbsp; &nbsp; &nbsp; &nbsp; &nbsp; &nbsp; &nbsp; &nbsp; &nbsp;i. Dalton’s Law of Partial Pressure
<br>&nbsp; &nbsp; &nbsp; &nbsp; &nbsp; &nbsp; &nbsp; &nbsp; &nbsp; &nbsp; &nbsp;ii. Amagat’s Law
                     iii. Boyle’s Law
                     iv. Charles Law","Active Learning Outcomes: 20 min duration. ALO 6.1.1-2: Recall the following Laws:
 i. Dalton’s Law of Partial Pressure
 ii. Amagat’s Law
                     iii. Boyle’s Law
                     iv. Charles Law",U6S1T1-2,ALM,"ALO 6.1.1-2: Recall the following Laws:
 i. Dalton’s Law of Partial Pressure
 ii. Amagat’s Law
                     iii. Boyle’s Law
                     iv. Charles Law",20
V2L-Thermo,PSM 6.1.2,<b><u>Problem Learning Outcomes: 12 min duration.</u></b><br>PLO1: Explain the significance of the Joule Thomson Coefficient<br>PLO2: Explain Helmholtz and Gibbs Function<br>PLO3: Explain the importance of Clausius Clapeyron equation,Problem Learning Outcomes: 12 min duration. PLO1: Explain the significance of the Joule Thomson Coefficient PLO2: Explain Helmholtz and Gibbs Function PLO3: Explain the importance of Clausius Clapeyron equation,U6S1T2,PSM,PLO1: Explain the significance of the Joule Thomson Coefficient PLO2: Explain Helmholtz and Gibbs Function PLO3: Explain the importance of Clausius Clapeyron equation,12
V2L-Thermo,ALM 6.1.2-1                                        DBST,"<b><u>Active Learning Outcomes: 105 min duration.</u></b><br>ALO 6.1.2-1: Recall the following Thermodynamic Relations:<br>&nbsp; &nbsp; &nbsp; &nbsp; &nbsp; &nbsp; &nbsp; &nbsp; &nbsp; &nbsp; &nbsp;i. Gibbs function<br>&nbsp; &nbsp; &nbsp; &nbsp; &nbsp; &nbsp; &nbsp; &nbsp; &nbsp; &nbsp; &nbsp;ii. Helmholtz function<br>&nbsp; &nbsp; &nbsp; &nbsp; &nbsp; &nbsp; &nbsp; &nbsp; &nbsp; &nbsp; &nbsp;iii. Vender wall's equation<br>&nbsp; &nbsp; &nbsp; &nbsp; &nbsp; &nbsp; &nbsp; &nbsp; &nbsp; &nbsp; &nbsp;iv. Maxwell equation
<br>&nbsp; &nbsp; &nbsp; &nbsp; &nbsp; &nbsp; &nbsp; &nbsp; &nbsp; &nbsp; &nbsp;v. Joule Thomson coefficient
<br>&nbsp; &nbsp; &nbsp; &nbsp; &nbsp; &nbsp; &nbsp; &nbsp; &nbsp; &nbsp; &nbsp;vi. Clausius Clapeyron equation","Active Learning Outcomes: 105 min duration. ALO 6.1.2-1: Recall the following Thermodynamic Relations: i. Gibbs function ii. Helmholtz function iii. Vender wall's equation iv. Maxwell equation
 v. Joule Thomson coefficient
 vi. Clausius Clapeyron equation",U6S1T2-1,ALM,"ALO 6.1.2-1: Recall the following Thermodynamic Relations: i. Gibbs function ii. Helmholtz function iii. Vender wall's equation iv. Maxwell equation
 v. Joule Thomson coefficient
 vi. Clausius Clapeyron equation",105
V2L-Thermo,PSM 7.1.1,<b><u>Problem Learning Outcomes: 25 min duration.</u></b><br>PLO1: Sketch the Otto cycle on p-v and T-s diagram and derive the efficiency expression<br>PLO2: Calculate the thermal efficiency and work done of the Otto cycle,Problem Learning Outcomes: 25 min duration. PLO1: Sketch the Otto cycle on p-v and T-s diagram and derive the efficiency expression PLO2: Calculate the thermal efficiency and work done of the Otto cycle,U7S1T1,PSM,PLO1: Sketch the Otto cycle on p-v and T-s diagram and derive the efficiency expression PLO2: Calculate the thermal efficiency and work done of the Otto cycle,25
V2L-Thermo,ALM 7.1.1-1                                    DBST,<b><u>Active Learning Outcomes: 38 min duration.</u></b><br>ALO 7.1.1-1: Recall the working principle of the Otto cycle with the help of p-v and T-s diagrams,Active Learning Outcomes: 38 min duration. ALO 7.1.1-1: Recall the working principle of the Otto cycle with the help of p-v and T-s diagrams,U7S1T1-1,ALM,ALO 7.1.1-1: Recall the working principle of the Otto cycle with the help of p-v and T-s diagrams,38
V2L-Thermo,ALM 7.1.1-2                                  DBST,<b><u>Active Learning Outcomes: 30 min duration.</u></b><br>ALO 7.1.1-2: Calculate the following parameters of the Otto cycle: <br>&nbsp; &nbsp; &nbsp; &nbsp; &nbsp; &nbsp; &nbsp; &nbsp; &nbsp; &nbsp; &nbsp;i. Thermal Efficiency<br>&nbsp; &nbsp; &nbsp; &nbsp; &nbsp; &nbsp; &nbsp; &nbsp; &nbsp; &nbsp; &nbsp;ii. Work done<br>&nbsp; &nbsp; &nbsp; &nbsp; &nbsp; &nbsp; &nbsp; &nbsp; &nbsp; &nbsp; &nbsp;iii. Mean effective pressure<br>&nbsp; &nbsp; &nbsp; &nbsp; &nbsp; &nbsp; &nbsp; &nbsp; &nbsp; &nbsp; &nbsp;iv. Compression ratio,Active Learning Outcomes: 30 min duration. ALO 7.1.1-2: Calculate the following parameters of the Otto cycle:  i. Thermal Efficiency ii. Work done iii. Mean effective pressure iv. Compression ratio,U7S1T1-2,ALM,ALO 7.1.1-2: Calculate the following parameters of the Otto cycle:  i. Thermal Efficiency ii. Work done iii. Mean effective pressure iv. Compression ratio,30
V2L-Thermo,PSM 7.1.2,<b><u>Problem Learning Outcomes: 48 min duration.</u></b><br>PLO1: Explain the working principle of the Diesel cycle with the help of p-v and T-s diagrams<br>PLO2: Calculate the thermal efficiency and work done of the Diesel cycle,Problem Learning Outcomes: 48 min duration. PLO1: Explain the working principle of the Diesel cycle with the help of p-v and T-s diagrams PLO2: Calculate the thermal efficiency and work done of the Diesel cycle,U7S1T2,PSM,PLO1: Explain the working principle of the Diesel cycle with the help of p-v and T-s diagrams PLO2: Calculate the thermal efficiency and work done of the Diesel cycle,48
V2L-Thermo,ALM 7.1.2-1                                           DBST,<b><u>Active Learning Outcomes: 10 min duration.</u></b><br>ALO 7.1.2-1: Recall the working principle of the Diesel cycle with the help of p-v and T-s diagrams,Active Learning Outcomes: 10 min duration. ALO 7.1.2-1: Recall the working principle of the Diesel cycle with the help of p-v and T-s diagrams,U7S1T2-1,ALM,ALO 7.1.2-1: Recall the working principle of the Diesel cycle with the help of p-v and T-s diagrams,10
V2L-Thermo,ALM 7.1.2-2                                       DBST,<b><u>Active Learning Outcomes: 27 min duration.</u></b><br>ALO 7.1.2-2: Calculate the following parameters of the Diesel cycle:<br>&nbsp; &nbsp; &nbsp; &nbsp; &nbsp; &nbsp; &nbsp; &nbsp; &nbsp; &nbsp; &nbsp; i. Thermal Efficiency<br>&nbsp; &nbsp; &nbsp; &nbsp; &nbsp; &nbsp; &nbsp; &nbsp; &nbsp; &nbsp; &nbsp; ii. Work done<br>&nbsp; &nbsp; &nbsp; &nbsp; &nbsp; &nbsp; &nbsp; &nbsp; &nbsp; &nbsp; &nbsp; iii. Mean effective pressure,Active Learning Outcomes: 27 min duration. ALO 7.1.2-2: Calculate the following parameters of the Diesel cycle: i. Thermal Efficiency ii. Work done iii. Mean effective pressure,U7S1T2-2,ALM,ALO 7.1.2-2: Calculate the following parameters of the Diesel cycle: i. Thermal Efficiency ii. Work done iii. Mean effective pressure,27
V2L-Thermo,PSM 7.1.3,"<b><u>Problem Learning Outcomes: -- min duration.</u></b><br>PLO1: Explain the working principle of Dual cycle with the help of p-v and T-s diagram<br>PLO2: Compare Otto, Diesel, and Dual Cycle","Problem Learning Outcomes: -- min duration. PLO1: Explain the working principle of Dual cycle with the help of p-v and T-s diagram PLO2: Compare Otto, Diesel, and Dual Cycle",U7S1T3,PSM,"PLO1: Explain the working principle of Dual cycle with the help of p-v and T-s diagram PLO2: Compare Otto, Diesel, and Dual Cycle",0
V2L-Thermo,ALM 7.1.3-1                                           DBST,<b><u>Active Learning Outcomes: 20 min duration.</u></b><br>ALO 7.1.3-1: Recall the working principle of Dual cycle with the help of p-v and T-s diagram,Active Learning Outcomes: 20 min duration. ALO 7.1.3-1: Recall the working principle of Dual cycle with the help of p-v and T-s diagram,U7S1T3-1,ALM,ALO 7.1.3-1: Recall the working principle of Dual cycle with the help of p-v and T-s diagram,20
V2L-Thermo,ALM 7.1.3-2                                          DBST,"<b><u>Active Learning Outcomes: 12 min duration.</u></b><br>ALO 7.1.3-2: Recall the comparison between Otto, Diesel, and Dual Cycle","Active Learning Outcomes: 12 min duration. ALO 7.1.3-2: Recall the comparison between Otto, Diesel, and Dual Cycle",U7S1T3-2,ALM,"ALO 7.1.3-2: Recall the comparison between Otto, Diesel, and Dual Cycle",12
V2L-Thermo,ALM 7.2.1-1                                             DBST,<b><u>Active Learning Outcomes: 27 min duration.</u></b><br>ALO 7.2.1-1: Recall the working principle of Reversed Carnot cycle with the help of p-v and T-s diagrams,Active Learning Outcomes: 27 min duration. ALO 7.2.1-1: Recall the working principle of Reversed Carnot cycle with the help of p-v and T-s diagrams,U7S2T1-1,ALM,ALO 7.2.1-1: Recall the working principle of Reversed Carnot cycle with the help of p-v and T-s diagrams,27
V2L-Thermo,ALM 7.2.2-1                                 DBST,<b><u>Active Learning Outcomes: 13 min duration.</u></b><br>ALO 7.2.2-1: Recall the working principle of Bell Coleman or Reversed Brayton cycle with the help of p-v and T-s diagrams,Active Learning Outcomes: 13 min duration. ALO 7.2.2-1: Recall the working principle of Bell Coleman or Reversed Brayton cycle with the help of p-v and T-s diagrams,U7S2T2-1,ALM,ALO 7.2.2-1: Recall the working principle of Bell Coleman or Reversed Brayton cycle with the help of p-v and T-s diagrams,13
V2L-Thermo,ALM 7.2.2-2                                               DBST,<b><u>Active Learning Outcomes: 22 min duration.</u></b><br>ALO 7.2.2-2: Derive an expression for COP of the Bell Coleman cycle,Active Learning Outcomes: 22 min duration. ALO 7.2.2-2: Derive an expression for COP of the Bell Coleman cycle,U7S2T2-2,ALM,ALO 7.2.2-2: Derive an expression for COP of the Bell Coleman cycle,22
V2L-Thermo,ALM 7.2.3-1                                                         DBST,<b><u>Active Learning Outcomes: 15 min duration.</u></b><br>ALO 7.2.3-1: Recall the working principle of the Rankine cycle with the help of p-v and T-s diagrams,Active Learning Outcomes: 15 min duration. ALO 7.2.3-1: Recall the working principle of the Rankine cycle with the help of p-v and T-s diagrams,U7S2T3-1,ALM,ALO 7.2.3-1: Recall the working principle of the Rankine cycle with the help of p-v and T-s diagrams,15
V2L-Thermo,ALM 7.2.3-2                                                        DBST,<b><u>Active Learning Outcomes: 3 min duration.</u></b><br>ALO 7.2.3-2: Derive the expression for the Efficiency of the Rankine cycle,Active Learning Outcomes: 3 min duration. ALO 7.2.3-2: Derive the expression for the Efficiency of the Rankine cycle,U7S2T3-2,ALM,ALO 7.2.3-2: Derive the expression for the Efficiency of the Rankine cycle,3
