course,activity,lo_unformatted,lo_formatted,activity_formatted,activity_type,lo_formatted_duration_removed,duration
V2L-DBMS,PSM 1.1.1,<b><u>Problem Learning Outcomes: -- min duration.</u></b><br>PLO1: Discuss Database management System.<br>PLO2: Explain advantages of Database Management System.,Problem Learning Outcomes: -- min duration. PLO1: Discuss Database management System. PLO2: Explain advantages of Database Management System.,U1S1T1,PSM,PLO1: Discuss Database management System. PLO2: Explain advantages of Database Management System.,0
V2L-DBMS,ALM 1.1.1-1                   DBST,<b><u>Active Learning Outcomes: 40 min duration.</u></b><br>ALO 1.1.1-1: Describe Database and its need.,Active Learning Outcomes: 40 min duration. ALO 1.1.1-1: Describe Database and its need.,U1S1T1-1,ALM,ALO 1.1.1-1: Describe Database and its need.,40
V2L-DBMS,ALM 1.1.1-2             DBST,<b><u>Active Learning Outcomes: 9 min duration.</u></b><br>ALO 1.1.1-2: Differentiate between Database System and File System.,Active Learning Outcomes: 9 min duration. ALO 1.1.1-2: Differentiate between Database System and File System.,U1S1T1-2,ALM,ALO 1.1.1-2: Differentiate between Database System and File System.,9
V2L-DBMS,PSM 1.1.2,<b><u>Problem Learning Outcomes: 14 min duration.</u></b><br>PLO1: Write the Functions of DBMS.<br>PLO2: Discuss the Characteristics of the Database Approach.<br>PLO3: Explain the disadvantages of Database System.,Problem Learning Outcomes: 14 min duration. PLO1: Write the Functions of DBMS. PLO2: Discuss the Characteristics of the Database Approach. PLO3: Explain the disadvantages of Database System.,U1S1T2,PSM,PLO1: Write the Functions of DBMS. PLO2: Discuss the Characteristics of the Database Approach. PLO3: Explain the disadvantages of Database System.,14
V2L-DBMS,ALM 1.1.2-1      DBST,<b><u>Active Learning Outcomes: 20 min duration.</u></b><br>ALO 1.1.2-1: Recall DBMS and its Advantages.,Active Learning Outcomes: 20 min duration. ALO 1.1.2-1: Recall DBMS and its Advantages.,U1S1T2-1,ALM,ALO 1.1.2-1: Recall DBMS and its Advantages.,20
V2L-DBMS,ALM 1.1.2-2                     DBST,<b><u>Active Learning Outcomes: 11 min duration.</u></b><br>ALO 1.1.2-2: Describe the Functions of DBMS.,Active Learning Outcomes: 11 min duration. ALO 1.1.2-2: Describe the Functions of DBMS.,U1S1T2-2,ALM,ALO 1.1.2-2: Describe the Functions of DBMS.,11
V2L-DBMS,ALM 1.1.2-3      DBST,<b><u>Active Learning Outcomes: 25 min duration.</u></b><br>ALO 1.1.2-3: Describe the Characteristics of Data in DBMS.,Active Learning Outcomes: 25 min duration. ALO 1.1.2-3: Describe the Characteristics of Data in DBMS.,U1S1T2-3,ALM,ALO 1.1.2-3: Describe the Characteristics of Data in DBMS.,25
V2L-DBMS,ALM 1.1.2-4          DBST,<b><u>Active Learning Outcomes: 5 min duration.</u></b><br>ALO 1.1.2-4: Recall the concerns while using DBMS.,Active Learning Outcomes: 5 min duration. ALO 1.1.2-4: Recall the concerns while using DBMS.,U1S1T2-4,ALM,ALO 1.1.2-4: Recall the concerns while using DBMS.,5
V2L-DBMS,PSM 1.1.3,"<b><u>Problem Learning Outcomes: 11 min duration.</u></b><br>PLO1: Differentiate Database Schema and Database state.<br>PLO2: Explain the following Data Models: ER Model, Relational Model, Hierarchical Model, and Network Model.","Problem Learning Outcomes: 11 min duration. PLO1: Differentiate Database Schema and Database state. PLO2: Explain the following Data Models: ER Model, Relational Model, Hierarchical Model, and Network Model.",U1S1T3,PSM,"PLO1: Differentiate Database Schema and Database state. PLO2: Explain the following Data Models: ER Model, Relational Model, Hierarchical Model, and Network Model.",11
V2L-DBMS,ALM 1.1.3-1 DBST,<b><u>Active Learning Outcomes: 9 min duration.</u></b><br>ALO 1.1.3-1: Define and differentiate Database Schema and Instances.,Active Learning Outcomes: 9 min duration. ALO 1.1.3-1: Define and differentiate Database Schema and Instances.,U1S1T3-1,ALM,ALO 1.1.3-1: Define and differentiate Database Schema and Instances.,9
V2L-DBMS,ALM 1.1.3-2B              DBST,<b><u>Active Learning Outcomes: 46 min duration.</u></b><br>ALO 1.1.3-2B: Recall the following Data Models:<br>&nbsp; &nbsp; &nbsp; &nbsp; &nbsp; &nbsp; &nbsp; &nbsp; &nbsp; &nbsp; &nbsp; &nbsp;ii. Relational Model<br>&nbsp; &nbsp; &nbsp; &nbsp; &nbsp; &nbsp; &nbsp; &nbsp; &nbsp; &nbsp; &nbsp; &nbsp;iii. Hierarchical Model<br>&nbsp; &nbsp; &nbsp; &nbsp; &nbsp; &nbsp; &nbsp; &nbsp; &nbsp; &nbsp; &nbsp; &nbsp;iv. Network Model.,Active Learning Outcomes: 46 min duration. ALO 1.1.3-2B: Recall the following Data Models: ii. Relational Model iii. Hierarchical Model iv. Network Model.,U1S1T3-2,ALM,ALO 1.1.3-2B: Recall the following Data Models: ii. Relational Model iii. Hierarchical Model iv. Network Model.,46
V2L-DBMS,ALM 1.1.3-2A           DBST,<u>ALO 1.1.3-2A: Recall the following Data Models: 16 min.</u><br>&nbsp; &nbsp; &nbsp; &nbsp; &nbsp; &nbsp; &nbsp; &nbsp; &nbsp; &nbsp; &nbsp; &nbsp; <u>i. ER Model</u>,ALO 1.1.3-2A: Recall the following Data Models: 16 min. i. ER Model,U1S1T3-2,ALM,ALO 1.1.3-2A: Recall the following Data Models: 16 min. i. ER Model,0
V2L-DBMS,ALM 1.2.1 DBST,<b><u>Active Learning Outcomes: 42 min duration.</u></b><br>ALO 1.2.1: Describe Three-level Schema Architecture of DBMS.,Active Learning Outcomes: 42 min duration. ALO 1.2.1: Describe Three-level Schema Architecture of DBMS.,U1S2T1,ALM,ALO 1.2.1: Describe Three-level Schema Architecture of DBMS.,42
V2L-DBMS,PSM 1.2.1,<b><u>Problem Learning Outcomes: 25 min duration.</u></b><br>PLO1: Solve PYQs on Three-level Schema Architecture of DBMS.,Problem Learning Outcomes: 25 min duration. PLO1: Solve PYQs on Three-level Schema Architecture of DBMS.,U1S2T1,PSM,PLO1: Solve PYQs on Three-level Schema Architecture of DBMS.,25
V2L-DBMS,PSM 1.2.2,"<b><u>Problem Learning Outcomes: 19 min duration.</u></b><br>PLO1: Explain Database Languages like DDL, DML etc.<br>PLO2: Discuss Database Administrator and other Database Users.","Problem Learning Outcomes: 19 min duration. PLO1: Explain Database Languages like DDL, DML etc. PLO2: Discuss Database Administrator and other Database Users.",U1S2T2,PSM,"PLO1: Explain Database Languages like DDL, DML etc. PLO2: Discuss Database Administrator and other Database Users.",19
V2L-DBMS,ALM 1.2.2-1                         DBST,"<b><u>Active Learning Outcomes: 42 min duration.</u></b><br>ALO 1.2.2-1: Recall Database Languages like DDL, DML etc.","Active Learning Outcomes: 42 min duration. ALO 1.2.2-1: Recall Database Languages like DDL, DML etc.",U1S2T2-1,ALM,"ALO 1.2.2-1: Recall Database Languages like DDL, DML etc.",42
V2L-DBMS,ALM 1.2.2-2 DBST,<b><u>Active Learning Outcomes: 13 min duration.</u></b><br>ALO 1.2.2-2: Describe Database Administrator and other Database Users.,Active Learning Outcomes: 13 min duration. ALO 1.2.2-2: Describe Database Administrator and other Database Users.,U1S2T2-2,ALM,ALO 1.2.2-2: Describe Database Administrator and other Database Users.,13
V2L-DBMS,ALM 1.2.2-3            DBST,<b><u>Active Learning Outcomes: 11 min duration.</u></b><br>ALO 1.2.2-3: Recall DBMS interfaces.,Active Learning Outcomes: 11 min duration. ALO 1.2.2-3: Recall DBMS interfaces.,U1S2T2-3,ALM,ALO 1.2.2-3: Recall DBMS interfaces.,11
V2L-DBMS,PSM 1.2.3,"<b><u>Problem Learning Outcomes: 16 min duration.</u></b>
<br>PLO1: Describe overall Structure of the DBMS.<br>PLO2: Explain various components representing information in a Database.","Problem Learning Outcomes: 16 min duration.
 PLO1: Describe overall Structure of the DBMS. PLO2: Explain various components representing information in a Database.",U1S2T3,PSM, PLO1: Describe overall Structure of the DBMS. PLO2: Explain various components representing information in a Database.,16
V2L-DBMS,ALM 1.2.3-1 DBST,<b><u>Active Learning Outcomes: 12 min duration.</u></b><br>ALO 1.2.3-1: Describe Database Architectures: Two-Tier and Three-Tier Architectures.,Active Learning Outcomes: 12 min duration. ALO 1.2.3-1: Describe Database Architectures: Two-Tier and Three-Tier Architectures.,U1S2T3-1,ALM,ALO 1.2.3-1: Describe Database Architectures: Two-Tier and Three-Tier Architectures.,12
V2L-DBMS,ALM 1.2.3-2 DBST,<b><u>Active Learning Outcomes: 28 min duration.</u></b><br>ALO 1.2.3-2: Recall overall Structure of the DBMS.,Active Learning Outcomes: 28 min duration. ALO 1.2.3-2: Recall overall Structure of the DBMS.,U1S2T3-2,ALM,ALO 1.2.3-2: Recall overall Structure of the DBMS.,28
V2L-DBMS,GPSM 1.3,<b><u>GATE Learning Outcomes: 11 min duration.</u></b><br>GLO1: Analyse the given problem and apply the concepts of basics of ER diagram.<br>GLO2: Analyse the given problem and apply the concepts of Relationships and Constraints.,GATE Learning Outcomes: 11 min duration. GLO1: Analyse the given problem and apply the concepts of basics of ER diagram. GLO2: Analyse the given problem and apply the concepts of Relationships and Constraints.,U1S3,GPSM,GLO1: Analyse the given problem and apply the concepts of basics of ER diagram. GLO2: Analyse the given problem and apply the concepts of Relationships and Constraints.,11
V2L-DBMS,PSM 1.3.1,"<b><u>Problem Learning Outcomes: 29 min duration.</u></b><br>PLO1: Explain the concept of E-R Model.<br>PLO2: Explain the following concepts of E-R Diagram: Entity, Entity Instance, Entity Sets etc.","Problem Learning Outcomes: 29 min duration. PLO1: Explain the concept of E-R Model. PLO2: Explain the following concepts of E-R Diagram: Entity, Entity Instance, Entity Sets etc.",U1S3T1,PSM,"PLO1: Explain the concept of E-R Model. PLO2: Explain the following concepts of E-R Diagram: Entity, Entity Instance, Entity Sets etc.",29
V2L-DBMS,ALM 1.3.1-1             DBST,<b><u>Active Learning Outcomes: 22 min duration.</u></b><br>ALO 1.3.1-1: Describe the concept of E-R Model.,Active Learning Outcomes: 22 min duration. ALO 1.3.1-1: Describe the concept of E-R Model.,U1S3T1-1,ALM,ALO 1.3.1-1: Describe the concept of E-R Model.,22
V2L-DBMS,ALM 1.3.1-2                      DBST,"<b><u>Active Learning Outcomes: 38 min duration.</u></b><br>ALO 1.3.1-2: Recall the following concepts of E-R Diagram:<br>&nbsp; &nbsp; &nbsp; &nbsp; &nbsp; &nbsp; &nbsp; &nbsp; &nbsp; &nbsp; &nbsp;i. Entity, Entity Instance, Entity Sets<br>&nbsp; &nbsp; &nbsp; &nbsp; &nbsp; &nbsp; &nbsp; &nbsp; &nbsp; &nbsp; &nbsp;ii. Attributes and it's various type<br>&nbsp; &nbsp; &nbsp; &nbsp; &nbsp; &nbsp; &nbsp; &nbsp; &nbsp; &nbsp; &nbsp;iii. Keys and value sets","Active Learning Outcomes: 38 min duration. ALO 1.3.1-2: Recall the following concepts of E-R Diagram: i. Entity, Entity Instance, Entity Sets ii. Attributes and it's various type iii. Keys and value sets",U1S3T1-2,ALM,"ALO 1.3.1-2: Recall the following concepts of E-R Diagram: i. Entity, Entity Instance, Entity Sets ii. Attributes and it's various type iii. Keys and value sets",38
V2L-DBMS,PSM 1.3.2,<b><u>Problem Learning Outcomes: 25 min duration.</u></b><br>PLO1: Describe various Relationships used in the E-R Diagram.<br>PLO2: Write short note on: Cardinality ratios and Participation constraints.,Problem Learning Outcomes: 25 min duration. PLO1: Describe various Relationships used in the E-R Diagram. PLO2: Write short note on: Cardinality ratios and Participation constraints.,U1S3T2,PSM,PLO1: Describe various Relationships used in the E-R Diagram. PLO2: Write short note on: Cardinality ratios and Participation constraints.,25
V2L-DBMS,ALM 1.3.2-1 DBST,<b><u>Active Learning Outcomes: 10 min duration.</u></b><br>ALO 1.3.2-1: Explain Relationships used in E-R Diagram.,Active Learning Outcomes: 10 min duration. ALO 1.3.2-1: Explain Relationships used in E-R Diagram.,U1S3T2-1,ALM,ALO 1.3.2-1: Explain Relationships used in E-R Diagram.,10
V2L-DBMS,ALM 1.3.2-2                DBST,<b><u>Active Learning Outcomes: 36 min duration.</u></b><br>ALO 1.3.2-2: Recall E-R Diagram Structural Constraints: Cardinality and Participation constraints.,Active Learning Outcomes: 36 min duration. ALO 1.3.2-2: Recall E-R Diagram Structural Constraints: Cardinality and Participation constraints.,U1S3T2-2,ALM,ALO 1.3.2-2: Recall E-R Diagram Structural Constraints: Cardinality and Participation constraints.,36
V2L-DBMS,PSM 1.3.3,<b><u>Problem Learning Outcomes: 26 min duration.</u></b><br>PLO1: Explain the different degrees/types of Relationships available in ER diagram.<br>PLO2: Differentiate between Strong Entity and Weak Entity.,Problem Learning Outcomes: 26 min duration. PLO1: Explain the different degrees/types of Relationships available in ER diagram. PLO2: Differentiate between Strong Entity and Weak Entity.,U1S3T3,PSM,PLO1: Explain the different degrees/types of Relationships available in ER diagram. PLO2: Differentiate between Strong Entity and Weak Entity.,26
V2L-DBMS,ALM 1.3.3-1 DBST,<b><u>Active Learning Outcomes: 15 min duration.</u></b><br>ALO 1.3.3-1: Describe the degree/types of Relationships:<br>&nbsp; &nbsp; &nbsp; &nbsp; &nbsp; &nbsp; &nbsp; &nbsp; &nbsp; &nbsp; &nbsp;i. Binary<br>&nbsp; &nbsp; &nbsp; &nbsp; &nbsp; &nbsp; &nbsp; &nbsp; &nbsp; &nbsp; &nbsp;ii. Ternary<br>&nbsp; &nbsp; &nbsp; &nbsp; &nbsp; &nbsp; &nbsp; &nbsp; &nbsp; &nbsp; &nbsp;iii. Unary/Recursive Relationship,Active Learning Outcomes: 15 min duration. ALO 1.3.3-1: Describe the degree/types of Relationships: i. Binary ii. Ternary iii. Unary/Recursive Relationship,U1S3T3-1,ALM,ALO 1.3.3-1: Describe the degree/types of Relationships: i. Binary ii. Ternary iii. Unary/Recursive Relationship,15
V2L-DBMS,ALM 1.3.3-2                       DBST,<b><u>Active Learning Outcomes: 26 min duration.</u></b><br>ALO 1.3.3-2: Classify the Entity:<br>&nbsp; &nbsp; &nbsp; &nbsp; &nbsp; &nbsp; &nbsp; &nbsp; &nbsp; &nbsp; &nbsp; i. Strong Entity<br>&nbsp; &nbsp; &nbsp; &nbsp; &nbsp; &nbsp; &nbsp; &nbsp; &nbsp; &nbsp; &nbsp; ii. Weak Entity.,Active Learning Outcomes: 26 min duration. ALO 1.3.3-2: Classify the Entity: i. Strong Entity ii. Weak Entity.,U1S3T3-2,ALM,ALO 1.3.3-2: Classify the Entity: i. Strong Entity ii. Weak Entity.,26
V2L-DBMS,PSM 1.3.4,<b><u>Problem Learning Outcomes: 12 min duration.</u></b><br>PLO1: Explain Role Names and Descriptive Attributes.<br>PLO2: Explain E-R Design Issues.,Problem Learning Outcomes: 12 min duration. PLO1: Explain Role Names and Descriptive Attributes. PLO2: Explain E-R Design Issues.,U1S3T4,PSM,PLO1: Explain Role Names and Descriptive Attributes. PLO2: Explain E-R Design Issues.,12
V2L-DBMS,ALM 1.3.4-1       DBST,<b><u>Active Learning Outcomes: 27 min duration.</u></b><br>ALO 1.3.4-1: Recall the following terms.<br>&nbsp; &nbsp; &nbsp; &nbsp; &nbsp; &nbsp; &nbsp; &nbsp; &nbsp; &nbsp; &nbsp;i. Role Names<br>&nbsp; &nbsp; &nbsp; &nbsp; &nbsp; &nbsp; &nbsp; &nbsp; &nbsp; &nbsp; &nbsp;ii. Descriptive Attribute,Active Learning Outcomes: 27 min duration. ALO 1.3.4-1: Recall the following terms. i. Role Names ii. Descriptive Attribute,U1S3T4-1,ALM,ALO 1.3.4-1: Recall the following terms. i. Role Names ii. Descriptive Attribute,27
V2L-DBMS,ALM 1.3.4-2    DBST,<u><b>Active Learning Outcomes: 16 min duration.</b></u><br>ALO 1.3.4-2: Describe the issues of E-R Design.,Active Learning Outcomes: 16 min duration. ALO 1.3.4-2: Describe the issues of E-R Design.,U1S3T4-2,ALM,ALO 1.3.4-2: Describe the issues of E-R Design.,16
V2L-DBMS,GPSM 1.4,<b><u>GATE Learning Outcomes: 12 min duration.</u></b><br>GLO1: Analyse the given problem and find the minimum number of tables required to represents an ER diagram in a Relational model.,GATE Learning Outcomes: 12 min duration. GLO1: Analyse the given problem and find the minimum number of tables required to represents an ER diagram in a Relational model.,U1S4,GPSM,GLO1: Analyse the given problem and find the minimum number of tables required to represents an ER diagram in a Relational model.,12
V2L-DBMS,PSM 1.4.1,"<b><u>Problem Learning Outcomes: 37 min duration.<br></u></b>PLO1: Explain the concept of Enhanced E-R Diagram.<br>PLO2: Differentiate between condition-defined and user-defined constraints.<br>PLO3: Design E-R Diagram for the given
Problem/Scenario.","Problem Learning Outcomes: 37 min duration. PLO1: Explain the concept of Enhanced E-R Diagram. PLO2: Differentiate between condition-defined and user-defined constraints. PLO3: Design E-R Diagram for the given
Problem/Scenario.",U1S4T1,PSM,"PLO1: Explain the concept of Enhanced E-R Diagram. PLO2: Differentiate between condition-defined and user-defined constraints. PLO3: Design E-R Diagram for the given
Problem/Scenario.",37
V2L-DBMS,ALM 1.4.1-1  DBST,<b><u>Active Learning Outcomes: 40 min duration.</u></b><br>ALO 1.4.1-1: Recall the Enhanced E-R Diagram.,Active Learning Outcomes: 40 min duration. ALO 1.4.1-1: Recall the Enhanced E-R Diagram.,U1S4T1-1,ALM,ALO 1.4.1-1: Recall the Enhanced E-R Diagram.,40
V2L-DBMS,ALM 1.4.1-2          DBST,<b><u>Active Learning Outcomes: 5 min duration.</u></b><br>ALO 1.4.1-2: Describe various Notations used in E-R Diagram.,Active Learning Outcomes: 5 min duration. ALO 1.4.1-2: Describe various Notations used in E-R Diagram.,U1S4T1-2,ALM,ALO 1.4.1-2: Describe various Notations used in E-R Diagram.,5
V2L-DBMS,ALM 1.4.2  DBST,<b><u>Active Learning Outcomes: 53 min duration.</u></b><br>ALO 1.4.2: Recall the procedure to convert an E-R Diagram into a Relational Model.,Active Learning Outcomes: 53 min duration. ALO 1.4.2: Recall the procedure to convert an E-R Diagram into a Relational Model.,U1S4T2,ALM,ALO 1.4.2: Recall the procedure to convert an E-R Diagram into a Relational Model.,53
V2L-DBMS,PSM 1.4.2,<b><u>Problem Learning Outcomes: 20 min duration.</u></b><br>PLO1: Explain the steps and condition to convert an E-R Diagram into a Relational Model.,Problem Learning Outcomes: 20 min duration. PLO1: Explain the steps and condition to convert an E-R Diagram into a Relational Model.,U1S4T2,PSM,PLO1: Explain the steps and condition to convert an E-R Diagram into a Relational Model.,20
V2L-DBMS,ALM 2.1.1-1 DBST,<b><u>Active Learning Outcomes: 21 min duration.</u></b><br>ALO 2.1.1-1: Recall Relational Database and its characteristics.,Active Learning Outcomes: 21 min duration. ALO 2.1.1-1: Recall Relational Database and its characteristics.,U2S1T1-1,ALM,ALO 2.1.1-1: Recall Relational Database and its characteristics.,21
V2L-DBMS,ALM 2.1.1-2 DBST,<b><u>Active Learning Outcomes: 45 min duration.</u></b><br>ALO 2.1.1-2: Define and classify Integrity Constraints.,Active Learning Outcomes: 45 min duration. ALO 2.1.1-2: Define and classify Integrity Constraints.,U2S1T1-2,ALM,ALO 2.1.1-2: Define and classify Integrity Constraints.,45
V2L-DBMS,PSM 2.1.2,"<b><u>Problem Learning Outcomes: 20 min duration.
</u></b><br>PLO1: Explain Relational Database and its characteristics.<br>PLO2: Discuss Integrity Constraints.<br>PLO3: Explain Relational Algebra and its various Operations.<br>PLO4: Explain the following Operations: Selection, Projection, and Composition.","Problem Learning Outcomes: 20 min duration.
 PLO1: Explain Relational Database and its characteristics. PLO2: Discuss Integrity Constraints. PLO3: Explain Relational Algebra and its various Operations. PLO4: Explain the following Operations: Selection, Projection, and Composition.",U2S1T2,PSM," PLO1: Explain Relational Database and its characteristics. PLO2: Discuss Integrity Constraints. PLO3: Explain Relational Algebra and its various Operations. PLO4: Explain the following Operations: Selection, Projection, and Composition.",20
V2L-DBMS,ALM 2.1.2-1 DBST,<b><u>Active Learning Outcomes: 18 min duration.</u></b><br>ALO 2.1.2-1: Recall Relational Algebra and its various Operations.,Active Learning Outcomes: 18 min duration. ALO 2.1.2-1: Recall Relational Algebra and its various Operations.,U2S1T2-1,ALM,ALO 2.1.2-1: Recall Relational Algebra and its various Operations.,18
V2L-DBMS,ALM 2.1.2-2                   DBST,"<b><u>Active Learning Outcomes: 34 min duration.</u></b><br>ALO 2.1.2-2: Describe the following Operations: Selection, Projection, and Composition.","Active Learning Outcomes: 34 min duration. ALO 2.1.2-2: Describe the following Operations: Selection, Projection, and Composition.",U2S1T2-2,ALM,"ALO 2.1.2-2: Describe the following Operations: Selection, Projection, and Composition.",34
V2L-DBMS,ALM 2.1.3-1                 DBST,"<b><u>Active Learning Outcomes: 22 min duration.</u></b><br>ALO 2.1.3-1: Recall Binary Set operations: Union, Intersection, and Minus.","Active Learning Outcomes: 22 min duration. ALO 2.1.3-1: Recall Binary Set operations: Union, Intersection, and Minus.",U2S1T3-1,ALM,"ALO 2.1.3-1: Recall Binary Set operations: Union, Intersection, and Minus.",22
V2L-DBMS,ALM 2.1.3-2                 DBST,<b><u>Active Learning Outcomes: 81 min duration.</u></b><br>ALO 2.1.3-2: Describe various type of Joins:<br>&nbsp; &nbsp; &nbsp; &nbsp; &nbsp; &nbsp; &nbsp; &nbsp; &nbsp; &nbsp; &nbsp; i. Cartesian Product<br>&nbsp; &nbsp; &nbsp; &nbsp; &nbsp; &nbsp; &nbsp; &nbsp; &nbsp; &nbsp; &nbsp; ii. Inner Join<br>&nbsp; &nbsp; &nbsp; &nbsp; &nbsp; &nbsp; &nbsp; &nbsp; &nbsp; &nbsp; &nbsp; iii. Outer Join,Active Learning Outcomes: 81 min duration. ALO 2.1.3-2: Describe various type of Joins: i. Cartesian Product ii. Inner Join iii. Outer Join,U2S1T3-2,ALM,ALO 2.1.3-2: Describe various type of Joins: i. Cartesian Product ii. Inner Join iii. Outer Join,81
V2L-DBMS,PSM 2.1.4,"<b><u>Problem Learning Outcomes: 36 min duration.
</u></b><br>PLO1: Explain Binary Set operations: Union, Intersection, and Minus.<br>PLO2: Solve PYQs based on various type of Join Operations.<br>PLO3: Explain extended Relational Algebra Operations.","Problem Learning Outcomes: 36 min duration.
 PLO1: Explain Binary Set operations: Union, Intersection, and Minus. PLO2: Solve PYQs based on various type of Join Operations. PLO3: Explain extended Relational Algebra Operations.",U2S1T4,PSM," PLO1: Explain Binary Set operations: Union, Intersection, and Minus. PLO2: Solve PYQs based on various type of Join Operations. PLO3: Explain extended Relational Algebra Operations.",36
V2L-DBMS,ALM 2.1.4-1A                DBST,<b><u>Active Learning Outcomes: 26 min duration.</u></b><br>ALO 2.1.4-1A: Describe extended Relational Algebra Operations&nbsp;<br>&nbsp; &nbsp; &nbsp; &nbsp; &nbsp; &nbsp; &nbsp; &nbsp; &nbsp; &nbsp; &nbsp;i. Rename<br>&nbsp; &nbsp; &nbsp; &nbsp; &nbsp; &nbsp; &nbsp; &nbsp; &nbsp; &nbsp; &nbsp;ii. Division,Active Learning Outcomes: 26 min duration. ALO 2.1.4-1A: Describe extended Relational Algebra Operationsi. Rename ii. Division,U2S1T4-1,ALM,ALO 2.1.4-1A: Describe extended Relational Algebra Operationsi. Rename ii. Division,26
V2L-DBMS,ALM 2.1.4-1B       DBST,"<b><u>Active Learning Outcomes: 33 min duration.</u></b><br>ALO 2.1.4-1B: Describe extended Relational Algebra Operations:<br>&nbsp; &nbsp; &nbsp; &nbsp; &nbsp; &nbsp; &nbsp; &nbsp; &nbsp; &nbsp; &nbsp; &nbsp;iii. Generalized Projection<br>&nbsp;
&nbsp; &nbsp; &nbsp; &nbsp; &nbsp; &nbsp; &nbsp; &nbsp; &nbsp; &nbsp; &nbsp;iv. Aggregate Functions","Active Learning Outcomes: 33 min duration. ALO 2.1.4-1B: Describe extended Relational Algebra Operations: iii. Generalized Projection 
iv. Aggregate Functions",U2S1T4-1,ALM,"ALO 2.1.4-1B: Describe extended Relational Algebra Operations: iii. Generalized Projection 
iv. Aggregate Functions",33
V2L-DBMS,GPSM 2.1  and 2.2,"<b><u>GATE Learning Outcomes: 26 min duration.
</u></b><br>GLO1: Determine the Query Equivalence for the given the Relations and the Query.<br>GLO2: Analyse the Relational Algebra query for the given Relational schema and determine the output.","GATE Learning Outcomes: 26 min duration.
 GLO1: Determine the Query Equivalence for the given the Relations and the Query. GLO2: Analyse the Relational Algebra query for the given Relational schema and determine the output.",U2S12T2,GPSM, GLO1: Determine the Query Equivalence for the given the Relations and the Query. GLO2: Analyse the Relational Algebra query for the given Relational schema and determine the output.,26
V2L-DBMS,ALM 2.2.1-1                   DBST,<b><u>Active Learning Outcomes: 10 min duration.</u></b><br>ALO 2.2.1-1: Describe Relational Calculus and various symbols used.,Active Learning Outcomes: 10 min duration. ALO 2.2.1-1: Describe Relational Calculus and various symbols used.,U2S2T1-1,ALM,ALO 2.2.1-1: Describe Relational Calculus and various symbols used.,10
V2L-DBMS,ALM 2.2.1-2&3 DBST,<u>ALO 2.2.1-2: Relational Calculus expressions: safe and unsafe: 8 min.<br>ALO 2.2.1-3: Describe power of Algebra and Calculus</u>,ALO 2.2.1-2: Relational Calculus expressions: safe and unsafe: 8 min. ALO 2.2.1-3: Describe power of Algebra and Calculus,U2S2T1-23,ALM,ALO 2.2.1-2: Relational Calculus expressions: safe and unsafe: 8 min. ALO 2.2.1-3: Describe power of Algebra and Calculus,0
V2L-DBMS,ALM 2.2.2 DBET,<b><u>Active Learning Outcomes: 28 min duration.</u></b><br>ALO 2.2.2: Recall Tuple and Domain Relational Calculus.,Active Learning Outcomes: 28 min duration. ALO 2.2.2: Recall Tuple and Domain Relational Calculus.,U2S2T2,ALM,ALO 2.2.2: Recall Tuple and Domain Relational Calculus.,28
V2L-DBMS,PSM 2.2.2,"<b><u>Problem Learning Outcomes: 6 min duration.
</u></b><br>PLO1: Describe Relational Calculus and various symbols used.<br>PLO2: Describe power of Algebra and Calculus.<br>PLO3: Define and classify Relational Calculus.<br>PLO4: Differentiate between Relational Algebra and Relational Calculus.","Problem Learning Outcomes: 6 min duration.
 PLO1: Describe Relational Calculus and various symbols used. PLO2: Describe power of Algebra and Calculus. PLO3: Define and classify Relational Calculus. PLO4: Differentiate between Relational Algebra and Relational Calculus.",U2S2T2,PSM, PLO1: Describe Relational Calculus and various symbols used. PLO2: Describe power of Algebra and Calculus. PLO3: Define and classify Relational Calculus. PLO4: Differentiate between Relational Algebra and Relational Calculus.,6
V2L-DBMS,ALM 3.1.1-1 DBST,<b><u>Active Learning Outcomes: 9 min duration.</u></b><br>ALO 3.1.1-1: Describe SQL and its characteristics.,Active Learning Outcomes: 9 min duration. ALO 3.1.1-1: Describe SQL and its characteristics.,U3S1T1-1,ALM,ALO 3.1.1-1: Describe SQL and its characteristics.,9
V2L-DBMS,ALM 3.1.1-2 DBST,<b><u>Active Learning Outcomes: 15 min duration.</u></b><br>ALO 3.1.1-2: Describe Data types used in the SQL.,Active Learning Outcomes: 15 min duration. ALO 3.1.1-2: Describe Data types used in the SQL.,U3S1T1-2,ALM,ALO 3.1.1-2: Describe Data types used in the SQL.,15
V2L-DBMS,ALM 3.1.1-3    DBST,<b><u>Active Learning Outcomes: 21 min duration.</u></b><br>ALO 3.1.1-3: Recall the types of SQL commands.,Active Learning Outcomes: 21 min duration. ALO 3.1.1-3: Recall the types of SQL commands.,U3S1T1-3,ALM,ALO 3.1.1-3: Recall the types of SQL commands.,21
V2L-DBMS,PSM 3.1.2,"<b><u>Problem Learning Outcomes: 14 min duration.
</u></b><br>PLO1: Describe SQL and its characteristics.<br>PLO2: Describe Data Types used in the SQL.<br>PLO3: Explain the advantages of SQL.","Problem Learning Outcomes: 14 min duration.
 PLO1: Describe SQL and its characteristics. PLO2: Describe Data Types used in the SQL. PLO3: Explain the advantages of SQL.",U3S1T2,PSM, PLO1: Describe SQL and its characteristics. PLO2: Describe Data Types used in the SQL. PLO3: Explain the advantages of SQL.,14
V2L-DBMS,ALM 3.1.2-1                 DBST,<b><u>Active Learning Outcomes: 13 min duration.</u></b><br>ALO 3.1.2-1: Describe basic structure of SQL queries.,Active Learning Outcomes: 13 min duration. ALO 3.1.2-1: Describe basic structure of SQL queries.,U3S1T2-1,ALM,ALO 3.1.2-1: Describe basic structure of SQL queries.,13
V2L-DBMS,ALM 3.1.2-2                  DBST,"<b><u>Active Learning Outcomes: 30 min duration.</u></b><br>ALO 3.1.2-2: Recall various operations:<br>&nbsp; &nbsp; &nbsp; &nbsp; &nbsp; &nbsp; &nbsp; &nbsp; &nbsp; &nbsp; &nbsp; i. Retrieve all attributes
<br>&nbsp; &nbsp; &nbsp; &nbsp; &nbsp; &nbsp; &nbsp; &nbsp; &nbsp; &nbsp; &nbsp; ii. Duplicate elimination
<br>&nbsp; &nbsp; &nbsp; &nbsp; &nbsp; &nbsp; &nbsp; &nbsp; &nbsp; &nbsp; &nbsp; iii. Comparison Operator","Active Learning Outcomes: 30 min duration. ALO 3.1.2-2: Recall various operations: i. Retrieve all attributes
 ii. Duplicate elimination
 iii. Comparison Operator",U3S1T2-2,ALM,"ALO 3.1.2-2: Recall various operations: i. Retrieve all attributes
 ii. Duplicate elimination
 iii. Comparison Operator",30
V2L-DBMS,ALM 3.1.2-3                       DBST,"<b><u>Active Learning Outcomes: 35 min duration.</u></b><br>ALO 3.1.2-3: Recall various SQL operations:<br>&nbsp; &nbsp; &nbsp; &nbsp; &nbsp; &nbsp; &nbsp; &nbsp; &nbsp; &nbsp; &nbsp; iv. Rename operator
<br>&nbsp; &nbsp; &nbsp; &nbsp; &nbsp; &nbsp; &nbsp; &nbsp; &nbsp; &nbsp; &nbsp; v. String operations
<br>&nbsp; &nbsp; &nbsp; &nbsp; &nbsp; &nbsp; &nbsp; &nbsp; &nbsp; &nbsp; &nbsp; vi. Comparison with NULL
<br>&nbsp; &nbsp; &nbsp; &nbsp; &nbsp; &nbsp; &nbsp; &nbsp; &nbsp; &nbsp; &nbsp; vii. Ordering the Tuples","Active Learning Outcomes: 35 min duration. ALO 3.1.2-3: Recall various SQL operations: iv. Rename operator
 v. String operations
 vi. Comparison with NULL
 vii. Ordering the Tuples",U3S1T2-3,ALM,"ALO 3.1.2-3: Recall various SQL operations: iv. Rename operator
 v. String operations
 vi. Comparison with NULL
 vii. Ordering the Tuples",35
V2L-DBMS,GPSM 3.2,<b><u>GATE Learning Outcomes: 31 min duration.</u></b><br>GLO1: Analyse the given queries and find the output corresponding to the user's query.<br>GLO2: Analyse the two or more Databases based on the user's query and find the output.,GATE Learning Outcomes: 31 min duration. GLO1: Analyse the given queries and find the output corresponding to the user's query. GLO2: Analyse the two or more Databases based on the user's query and find the output.,U3S2,GPSM,GLO1: Analyse the given queries and find the output corresponding to the user's query. GLO2: Analyse the two or more Databases based on the user's query and find the output.,31
V2L-DBMS,PSM 3.2.1,"<b><u>Problem Learning Outcomes: 27 min duration.
</u></b><br>PLO1: Describe SQL Joins: Inner Join and Outer join.<br>PLO2: Explain Group by and Having clauses.","Problem Learning Outcomes: 27 min duration.
 PLO1: Describe SQL Joins: Inner Join and Outer join. PLO2: Explain Group by and Having clauses.",U3S2T1,PSM, PLO1: Describe SQL Joins: Inner Join and Outer join. PLO2: Explain Group by and Having clauses.,27
V2L-DBMS,ALM 3.2.1-1                  DBST,<b><u>Active Learning Outcomes: 19 min duration.</u></b><br>ALO 3.2.1-1: Describe SQL Joins: Inner Join and Outer join.,Active Learning Outcomes: 19 min duration. ALO 3.2.1-1: Describe SQL Joins: Inner Join and Outer join.,U3S2T1-1,ALM,ALO 3.2.1-1: Describe SQL Joins: Inner Join and Outer join.,19
V2L-DBMS,ALM 3.2.1-2                      DBST,<b><u>Active Learning Outcomes: 9 min duration.</u></b><br>ALO 3.2.1-2: Describe Aggregate Function.,Active Learning Outcomes: 9 min duration. ALO 3.2.1-2: Describe Aggregate Function.,U3S2T1-2,ALM,ALO 3.2.1-2: Describe Aggregate Function.,9
V2L-DBMS,ALM 3.2.1-3                        DBST,<b><u>Active Learning Outcomes: 26 min duration.</u></b><br>ALO 3.2.1-3: Recall Group by and Having clauses.,Active Learning Outcomes: 26 min duration. ALO 3.2.1-3: Recall Group by and Having clauses.,U3S2T1-3,ALM,ALO 3.2.1-3: Recall Group by and Having clauses.,26
V2L-DBMS,PSM 3.2.2,"<b><u>Problem Learning Outcomes: 23 min duration.
</u></b><br>PLO1: Differentiate between the Query and the Sub-query.<br>PLO2: Describe the use of ‘some’ and ‘all’ sub-query.","Problem Learning Outcomes: 23 min duration.
 PLO1: Differentiate between the Query and the Sub-query. PLO2: Describe the use of ‘some’ and ‘all’ sub-query.",U3S2T2,PSM, PLO1: Differentiate between the Query and the Sub-query. PLO2: Describe the use of ‘some’ and ‘all’ sub-query.,23
V2L-DBMS,ALM 3.2.2-1                          DBST,<b><u>Active Learning Outcomes: 42 min duration.</u></b><br>ALO 3.2.2-1: Describe the following SQL Sub-queries:<br>&nbsp; &nbsp; &nbsp; &nbsp; &nbsp; &nbsp; &nbsp; &nbsp; &nbsp; &nbsp; &nbsp; i. IN Sub-query <br>&nbsp; &nbsp; &nbsp; &nbsp; &nbsp; &nbsp; &nbsp; &nbsp; &nbsp; &nbsp; &nbsp; ii. ALL Sub-query,Active Learning Outcomes: 42 min duration. ALO 3.2.2-1: Describe the following SQL Sub-queries: i. IN Sub-query  ii. ALL Sub-query,U3S2T2-1,ALM,ALO 3.2.2-1: Describe the following SQL Sub-queries: i. IN Sub-query  ii. ALL Sub-query,42
V2L-DBMS,ALM 3.2.2-2                         DBST,"<b><u>Active Learning Outcomes: 31 min duration.
</u></b><br>ALO 3.2.2-2: Describe Correlated Nested Sub-query:
<br>&nbsp; &nbsp; &nbsp; &nbsp; &nbsp; &nbsp; &nbsp; &nbsp; &nbsp; &nbsp; &nbsp; &nbsp;iii. Exists/Not Exists
<br>&nbsp; &nbsp; &nbsp; &nbsp; &nbsp; &nbsp; &nbsp; &nbsp; &nbsp; &nbsp; &nbsp; &nbsp;iv. CONTAINS.","Active Learning Outcomes: 31 min duration.
 ALO 3.2.2-2: Describe Correlated Nested Sub-query:
 iii. Exists/Not Exists
 iv. CONTAINS.",U3S2T2-2,ALM," ALO 3.2.2-2: Describe Correlated Nested Sub-query:
 iii. Exists/Not Exists
 iv. CONTAINS.",31
V2L-DBMS,PSM 3.2.3,"<b><u>Problem Learning Outcomes: 18 min duration.
</u></b><br>PLO1: Explain the concept of Views.<br>PLO2: Discuss the Modification of Database.","Problem Learning Outcomes: 18 min duration.
 PLO1: Explain the concept of Views. PLO2: Discuss the Modification of Database.",U3S2T3,PSM, PLO1: Explain the concept of Views. PLO2: Discuss the Modification of Database.,18
V2L-DBMS,ALM 3.2.3-1  DBST,<b><u>Active Learning Outcomes: 12 min duration.</u></b><br>ALO 3.2.3-1: Recall the concept of View.,Active Learning Outcomes: 12 min duration. ALO 3.2.3-1: Recall the concept of View.,U3S2T3-1,ALM,ALO 3.2.3-1: Recall the concept of View.,12
V2L-DBMS,ALM 3.2.3-2                                           DBST,<b><u>Active Learning Outcomes: 14 min duration.</u></b><br>ALO 3.2.3-2: Describe the Modification of Database.,Active Learning Outcomes: 14 min duration. ALO 3.2.3-2: Describe the Modification of Database.,U3S2T3-2,ALM,ALO 3.2.3-2: Describe the Modification of Database.,14
V2L-DBMS,GPSM 4.1,<b><u>GATE Learning Outcomes: 26 min duration.</u></b><br>GLO1: Analyse the problem and find the candidate keys that can be formed from the given set of FDs.<br>GLO2: Analyse the FDs that can hold true for a given relational schema and find its irreducible equivalent FDs.,GATE Learning Outcomes: 26 min duration. GLO1: Analyse the problem and find the candidate keys that can be formed from the given set of FDs. GLO2: Analyse the FDs that can hold true for a given relational schema and find its irreducible equivalent FDs.,U4S1,GPSM,GLO1: Analyse the problem and find the candidate keys that can be formed from the given set of FDs. GLO2: Analyse the FDs that can hold true for a given relational schema and find its irreducible equivalent FDs.,26
V2L-DBMS,PSM 4.1.1,"<b><u>Problem Learning Outcomes: 49 min duration.
</u></b><br>PLO1: Explain the term Functional Dependency.<br>PLO2: Explain various anomalies associated with RDBMS.","Problem Learning Outcomes: 49 min duration.
 PLO1: Explain the term Functional Dependency. PLO2: Explain various anomalies associated with RDBMS.",U4S1T1,PSM, PLO1: Explain the term Functional Dependency. PLO2: Explain various anomalies associated with RDBMS.,49
V2L-DBMS,ALM 4.1.1-1 DBST,<b><u>Active Learning Outcomes: 14 min duration.</u></b><br>ALO 4.1.1-1: Recall the basics of Relational Schema.,Active Learning Outcomes: 14 min duration. ALO 4.1.1-1: Recall the basics of Relational Schema.,U4S1T1-1,ALM,ALO 4.1.1-1: Recall the basics of Relational Schema.,14
V2L-DBMS,ALM 4.1.1-2         DBST,<b><u>Active Learning Outcomes: 38 min duration.</u></b><br>ALO 4.1.1-2: Describe design issues of Relational Schema.,Active Learning Outcomes: 38 min duration. ALO 4.1.1-2: Describe design issues of Relational Schema.,U4S1T1-2,ALM,ALO 4.1.1-2: Describe design issues of Relational Schema.,38
V2L-DBMS,ALM 4.1.1-3                               DBST,<b><u>Active Learning Outcomes: 22 min duration.</u></b><br>ALO 4.1.1-3: Recall the term Functional Dependency.,Active Learning Outcomes: 22 min duration. ALO 4.1.1-3: Recall the term Functional Dependency.,U4S1T1-3,ALM,ALO 4.1.1-3: Recall the term Functional Dependency.,22
V2L-DBMS,PSM 4.1.2,"<b><u>Problem Learning Outcomes: 15 min duration.
</u></b><br>PLO1: Describe trivial Functional Dependencies.<br>PLO2: Explain Armstrong's Axioms.<br>PLO3: Explain Closure and its use.","Problem Learning Outcomes: 15 min duration.
 PLO1: Describe trivial Functional Dependencies. PLO2: Explain Armstrong's Axioms. PLO3: Explain Closure and its use.",U4S1T2,PSM, PLO1: Describe trivial Functional Dependencies. PLO2: Explain Armstrong's Axioms. PLO3: Explain Closure and its use.,15
V2L-DBMS,ALM 4.1.2-1 DBST,<b><u>Active Learning Outcomes: 27 min duration.</u></b><br>ALO 4.1.2-1: Recall the rules of Inference and Armstrong's Axioms.,Active Learning Outcomes: 27 min duration. ALO 4.1.2-1: Recall the rules of Inference and Armstrong's Axioms.,U4S1T2-1,ALM,ALO 4.1.2-1: Recall the rules of Inference and Armstrong's Axioms.,27
V2L-DBMS,ALM 4.1.2-2                         DBST,<b><u>Active Learning Outcomes: 40 min duration.</u></b><br>ALO 4.1.2-2: Describe Attribute Closure and its use to find:<br>&nbsp; &nbsp; &nbsp; &nbsp; &nbsp; &nbsp; &nbsp; &nbsp; &nbsp; &nbsp; &nbsp; i. Membership set <br>&nbsp; &nbsp; &nbsp; &nbsp; &nbsp; &nbsp; &nbsp; &nbsp; &nbsp; &nbsp; &nbsp; ii. Closure of FD set.,Active Learning Outcomes: 40 min duration. ALO 4.1.2-2: Describe Attribute Closure and its use to find: i. Membership set  ii. Closure of FD set.,U4S1T2-2,ALM,ALO 4.1.2-2: Describe Attribute Closure and its use to find: i. Membership set  ii. Closure of FD set.,40
V2L-DBMS,PSM 4.1.3,"<b><u>Problem Learning Outcomes: 21 min duration.
</u></b><br>PLO1: Explain the equivalence of 2 FDs.<br>PLO2: Discuss the way to find Minimal Cover.<br>PLO3: Explain the steps to find Candidate Key.","Problem Learning Outcomes: 21 min duration.
 PLO1: Explain the equivalence of 2 FDs. PLO2: Discuss the way to find Minimal Cover. PLO3: Explain the steps to find Candidate Key.",U4S1T3,PSM, PLO1: Explain the equivalence of 2 FDs. PLO2: Discuss the way to find Minimal Cover. PLO3: Explain the steps to find Candidate Key.,21
V2L-DBMS,ALM 4.1.3-1                                       DBST,<b><u>Active Learning Outcomes: 16 min duration.</u></b><br>ALO 4.1.3-1: Explain the equivalence of 2 FDs.,Active Learning Outcomes: 16 min duration. ALO 4.1.3-1: Explain the equivalence of 2 FDs.,U4S1T3-1,ALM,ALO 4.1.3-1: Explain the equivalence of 2 FDs.,16
V2L-DBMS,ALM 4.1.3-2                                         DBST,<b><u>Active Learning Outcomes: 28 min duration.</u></b><br>ALO 4.1.3-2: Recall the way to find Minimal Cover.,Active Learning Outcomes: 28 min duration. ALO 4.1.3-2: Recall the way to find Minimal Cover.,U4S1T3-2,ALM,ALO 4.1.3-2: Recall the way to find Minimal Cover.,28
V2L-DBMS,ALM 4.1.3-3                                DBST,<b><u>Active Learning Outcomes: 24 min duration.</u></b><br>ALO 4.1.3-3: Recall the steps to find Candidate Key.,Active Learning Outcomes: 24 min duration. ALO 4.1.3-3: Recall the steps to find Candidate Key.,U4S1T3-3,ALM,ALO 4.1.3-3: Recall the steps to find Candidate Key.,24
V2L-DBMS,GPSM 4.2,<b><u>GATE Learning Outcomes: 39 min duration.</u></b><br>GLO1: Analyse the given Relational Schema with FDs and Identify the Normal Forms.,GATE Learning Outcomes: 39 min duration. GLO1: Analyse the given Relational Schema with FDs and Identify the Normal Forms.,U4S2,GPSM,GLO1: Analyse the given Relational Schema with FDs and Identify the Normal Forms.,39
V2L-DBMS,PSM 4.2.1,"<b><u>Problem Learning Outcomes: 11 min duration.
</u></b><br>PLO1: Discuss Normalization and its types.<br>PLO2: Solve PYQs based on First Normal Form (1NF) and Second Normal Form (2NF).","Problem Learning Outcomes: 11 min duration.
 PLO1: Discuss Normalization and its types. PLO2: Solve PYQs based on First Normal Form (1NF) and Second Normal Form (2NF).",U4S2T1,PSM, PLO1: Discuss Normalization and its types. PLO2: Solve PYQs based on First Normal Form (1NF) and Second Normal Form (2NF).,11
V2L-DBMS,ALM 4.2.1-1                                 DBST,<b><u>Active Learning Outcomes: 24 min duration.</u></b><br>ALO 4.2.1-1: Recall the term Normalization.,Active Learning Outcomes: 24 min duration. ALO 4.2.1-1: Recall the term Normalization.,U4S2T1-1,ALM,ALO 4.2.1-1: Recall the term Normalization.,24
V2L-DBMS,ALM 4.2.1-2                                                         DBST,<b><u>Active Learning Outcomes: 36 min duration.</u></b><br>ALO 4.2.1-2: Describe First Normal Form (1NF) and Second Normal Form (2NF).,Active Learning Outcomes: 36 min duration. ALO 4.2.1-2: Describe First Normal Form (1NF) and Second Normal Form (2NF).,U4S2T1-2,ALM,ALO 4.2.1-2: Describe First Normal Form (1NF) and Second Normal Form (2NF).,36
V2L-DBMS,PSM 4.2.2,"<b><u>Problem Learning Outcomes: 28 min duration.
</u></b><br>PLO1: Explain Third Normal Form (3NF).<br>PLO2: Explain Boyce-Codd Normal Form (BCNF).<br>PLO3: Solve PYQs based on 3NF and BCNF.","Problem Learning Outcomes: 28 min duration.
 PLO1: Explain Third Normal Form (3NF). PLO2: Explain Boyce-Codd Normal Form (BCNF). PLO3: Solve PYQs based on 3NF and BCNF.",U4S2T2,PSM, PLO1: Explain Third Normal Form (3NF). PLO2: Explain Boyce-Codd Normal Form (BCNF). PLO3: Solve PYQs based on 3NF and BCNF.,28
V2L-DBMS,ALM 4.2.2-1                          DBST,<b><u>Active Learning Outcomes: 24 min duration.</u></b><br>ALO 4.2.2-1: Recall Third Normal Form (3NF).,Active Learning Outcomes: 24 min duration. ALO 4.2.2-1: Recall Third Normal Form (3NF).,U4S2T2-1,ALM,ALO 4.2.2-1: Recall Third Normal Form (3NF).,24
V2L-DBMS,ALM 4.2.2-2                             DBST,<b><u>Active Learning Outcomes: 14 min duration.</u></b><br>ALO 4.2.2-2: Explain Boyce-Codd Normal Form (BCNF).,Active Learning Outcomes: 14 min duration. ALO 4.2.2-2: Explain Boyce-Codd Normal Form (BCNF).,U4S2T2-2,ALM,ALO 4.2.2-2: Explain Boyce-Codd Normal Form (BCNF).,14
V2L-DBMS,ALM 4.2.2-3                                                     DBST,<b><u>Active Learning Outcomes: 6 min duration.</u></b><br>ALO 4.2.2-3: Solve PYQs based on 3NF and BCNF.,Active Learning Outcomes: 6 min duration. ALO 4.2.2-3: Solve PYQs based on 3NF and BCNF.,U4S2T2-3,ALM,ALO 4.2.2-3: Solve PYQs based on 3NF and BCNF.,6
V2L-DBMS,PSM 4.3.1,<b><u>Problem Learning Outcomes: 15 min duration.</u></b><br>PLO1: Solve PYQs based on Lossless Decomposition and Dependency Preserving.,Problem Learning Outcomes: 15 min duration. PLO1: Solve PYQs based on Lossless Decomposition and Dependency Preserving.,U4S3T1,PSM,PLO1: Solve PYQs based on Lossless Decomposition and Dependency Preserving.,15
V2L-DBMS,ALM 4.3.1-1A                                    DBST,<b><u>Active Learning Outcomes: 26 min duration.</u></b><br>ALO 4.3.1-1A: Describe additional properties of Normalization: Lossless Decomposition and Dependency Preserving.,Active Learning Outcomes: 26 min duration. ALO 4.3.1-1A: Describe additional properties of Normalization: Lossless Decomposition and Dependency Preserving.,U4S3T1-1,ALM,ALO 4.3.1-1A: Describe additional properties of Normalization: Lossless Decomposition and Dependency Preserving.,26
V2L-DBMS,ALM 4.3.1-1B              DBST,<b><u>Active Learning Outcomes: 15 min duration.</u></b><br>ALO 4.3.1-1B: Describe additional properties of Normalization: Lossless Decomposition and Dependency Preserving.,Active Learning Outcomes: 15 min duration. ALO 4.3.1-1B: Describe additional properties of Normalization: Lossless Decomposition and Dependency Preserving.,U4S3T1-1,ALM,ALO 4.3.1-1B: Describe additional properties of Normalization: Lossless Decomposition and Dependency Preserving.,15
V2L-DBMS,PSM 4.3.2,<b><u>Problem Learning Outcomes: 10 min duration.</u></b><br>PLO1: Explain Higher Normal Forms.<br>PLO2: Solve PYQs based on Multi-valued Dependency and Fourth Normal Form (4NF).<br>PLO3: Discuss Fifth Normal Form (5NF).,Problem Learning Outcomes: 10 min duration. PLO1: Explain Higher Normal Forms. PLO2: Solve PYQs based on Multi-valued Dependency and Fourth Normal Form (4NF). PLO3: Discuss Fifth Normal Form (5NF).,U4S3T2,PSM,PLO1: Explain Higher Normal Forms. PLO2: Solve PYQs based on Multi-valued Dependency and Fourth Normal Form (4NF). PLO3: Discuss Fifth Normal Form (5NF).,10
V2L-DBMS,ALM 4.3.2-1 DBET,<b><u>Active Learning Outcomes: 17 min duration.</u></b><br>ALO 4.3.2-1: Describe Higher Normal Forms.,Active Learning Outcomes: 17 min duration. ALO 4.3.2-1: Describe Higher Normal Forms.,U4S3T2-1,ALM,ALO 4.3.2-1: Describe Higher Normal Forms.,17
V2L-DBMS,ALM 4.3.2-2                                         DBST,<b><u>Active Learning Outcomes: 7 min duration.</u></b><br>ALO 4.3.2-2: Recall Multi-valued Dependency and Fourth Normal Form (4NF).,Active Learning Outcomes: 7 min duration. ALO 4.3.2-2: Recall Multi-valued Dependency and Fourth Normal Form (4NF).,U4S3T2-2,ALM,ALO 4.3.2-2: Recall Multi-valued Dependency and Fourth Normal Form (4NF).,7
V2L-DBMS,ALM 4.3.2-3                                 DBST,<b><u>Active Learning Outcomes: 11 min duration.</u></b><br>ALO 4.3.2-3: Recall Fifth Normal Form (5NF).,Active Learning Outcomes: 11 min duration. ALO 4.3.2-3: Recall Fifth Normal Form (5NF).,U4S3T2-3,ALM,ALO 4.3.2-3: Recall Fifth Normal Form (5NF).,11
V2L-DBMS,ALM 5.1.1-1                                     DBST,<b><u>Active Learning Outcomes: 6 min duration.</u></b><br>ALO 5.1.1-1: Recall the concept of Query Processing.,Active Learning Outcomes: 6 min duration. ALO 5.1.1-1: Recall the concept of Query Processing.,U5S1T1-1,ALM,ALO 5.1.1-1: Recall the concept of Query Processing.,6
V2L-DBMS,ALM 5.1.1-2                                                  DBST,<b><u>Active Learning Outcomes: 16 min duration.</u></b><br>ALO 5.1.1-2: Recall the concept of Query Optimization.,Active Learning Outcomes: 16 min duration. ALO 5.1.1-2: Recall the concept of Query Optimization.,U5S1T1-2,ALM,ALO 5.1.1-2: Recall the concept of Query Optimization.,16
V2L-DBMS,ALM 5.1.1-3                                       DBST,<b><u>Active Learning Outcomes: 6 min duration.</u></b><br>ALO 5.1.1-3: Describe the steps used in the Query Optimization.,Active Learning Outcomes: 6 min duration. ALO 5.1.1-3: Describe the steps used in the Query Optimization.,U5S1T1-3,ALM,ALO 5.1.1-3: Describe the steps used in the Query Optimization.,6
V2L-DBMS,PSM 5.1.2,<b><u>Problem Learning Outcomes: 16 min duration.</u></b><br>PLO1: Explain the concept of Query Optimization.<br>PLO2: Write the steps used in the Query Processing.<br>PLO3: Write an Algorithm to Optimize Project Operation.<br>PLO4: Estimate the size of Relations.,Problem Learning Outcomes: 16 min duration. PLO1: Explain the concept of Query Optimization. PLO2: Write the steps used in the Query Processing. PLO3: Write an Algorithm to Optimize Project Operation. PLO4: Estimate the size of Relations.,U5S1T2,PSM,PLO1: Explain the concept of Query Optimization. PLO2: Write the steps used in the Query Processing. PLO3: Write an Algorithm to Optimize Project Operation. PLO4: Estimate the size of Relations.,16
V2L-DBMS,ALM 5.1.2-1                                             DBST,<b><u>Active Learning Outcomes: 34 min duration.</u></b><br>ALO 5.1.2-1: Write an Algorithm to Optimize Select Operation.,Active Learning Outcomes: 34 min duration. ALO 5.1.2-1: Write an Algorithm to Optimize Select Operation.,U5S1T2-1,ALM,ALO 5.1.2-1: Write an Algorithm to Optimize Select Operation.,34
V2L-DBMS,ALM 5.1.2-2                            DBST,<b><u>Active Learning Outcomes: 12 min duration.</u></b><br>ALO 5.1.2-2: Write an Algorithm to Optimize Project Operation.,Active Learning Outcomes: 12 min duration. ALO 5.1.2-2: Write an Algorithm to Optimize Project Operation.,U5S1T2-2,ALM,ALO 5.1.2-2: Write an Algorithm to Optimize Project Operation.,12
V2L-DBMS,ALM 5.1.2-3                               DBST,<b><u>Active Learning Outcomes: 10 min duration.</u></b><br>ALO 5.1.2-3: Write an Algorithm to Optimize Join Operation.,Active Learning Outcomes: 10 min duration. ALO 5.1.2-3: Write an Algorithm to Optimize Join Operation.,U5S1T2-3,ALM,ALO 5.1.2-3: Write an Algorithm to Optimize Join Operation.,10
V2L-DBMS,GPSM 5.2,"<b><u>GATE Learning Outcomes: 30 min duration.
</u></b><br>GLO1: Analyse the given problem and identify the ACID property.<br>GLO2: Analyse the given problem and find schedule serializability corresponding to the given Transactions.","GATE Learning Outcomes: 30 min duration.
 GLO1: Analyse the given problem and identify the ACID property. GLO2: Analyse the given problem and find schedule serializability corresponding to the given Transactions.",U5S2,GPSM, GLO1: Analyse the given problem and identify the ACID property. GLO2: Analyse the given problem and find schedule serializability corresponding to the given Transactions.,30
V2L-DBMS,PSM 5.2.1,<b><u>Problem Learning Outcomes: 13 min duration.</u></b><br>PLO1: Explain various States of a Transaction.<br>PLO2: Describe the Concurrency Control.<br>PLO3: Explain the Incorrect Summary Problem.,Problem Learning Outcomes: 13 min duration. PLO1: Explain various States of a Transaction. PLO2: Describe the Concurrency Control. PLO3: Explain the Incorrect Summary Problem.,U5S2T1,PSM,PLO1: Explain various States of a Transaction. PLO2: Describe the Concurrency Control. PLO3: Explain the Incorrect Summary Problem.,13
V2L-DBMS,ALM 5.2.1-1                                    DBST,<b><u>Active Learning Outcomes: 20 min duration.</u></b><br>ALO 5.2.1-1: Recall the term Transaction.,Active Learning Outcomes: 20 min duration. ALO 5.2.1-1: Recall the term Transaction.,U5S2T1-1,ALM,ALO 5.2.1-1: Recall the term Transaction.,20
V2L-DBMS,ALM 5.2.1-2                                       DBST,<b><u>Active Learning Outcomes: 7 min duration.</u></b><br>ALO 5.2.1-2: Recall various States of a Transaction.,Active Learning Outcomes: 7 min duration. ALO 5.2.1-2: Recall various States of a Transaction.,U5S2T1-2,ALM,ALO 5.2.1-2: Recall various States of a Transaction.,7
V2L-DBMS,ALM 5.2.1-3                           DBST,"<b><u>Active Learning Outcomes: 40 min duration.</u></b><br>ALO 5.2.1-3: Describe the need of Concurrency Control for:<br>&nbsp; &nbsp; &nbsp; &nbsp; &nbsp; &nbsp; &nbsp; &nbsp; &nbsp; &nbsp; &nbsp;a. Lost Update Problem.
<br>&nbsp; &nbsp; &nbsp; &nbsp; &nbsp; &nbsp; &nbsp; &nbsp; &nbsp; &nbsp; &nbsp;b. Dirty Read Problem.
<br>&nbsp; &nbsp; &nbsp; &nbsp; &nbsp; &nbsp; &nbsp; &nbsp; &nbsp; &nbsp; &nbsp;c. Incorrect Summary Problem.","Active Learning Outcomes: 40 min duration. ALO 5.2.1-3: Describe the need of Concurrency Control for: a. Lost Update Problem.
 b. Dirty Read Problem.
 c. Incorrect Summary Problem.",U5S2T1-3,ALM,"ALO 5.2.1-3: Describe the need of Concurrency Control for: a. Lost Update Problem.
 b. Dirty Read Problem.
 c. Incorrect Summary Problem.",40
V2L-DBMS,PSM 5.2.2,<b><u>Problem Learning Outcomes: 12 min duration.</u></b><br>PLO1: Discuss ACID Properties.<br>PLO2: Explain Concurrent Execution and Concept of Schedules.,Problem Learning Outcomes: 12 min duration. PLO1: Discuss ACID Properties. PLO2: Explain Concurrent Execution and Concept of Schedules.,U5S2T2,PSM,PLO1: Discuss ACID Properties. PLO2: Explain Concurrent Execution and Concept of Schedules.,12
V2L-DBMS,ALM 5.2.2-1                       DBST,<b><u>Active Learning Outcomes: 19 min duration.</u></b><br>ALO 5.2.2-1: Describe ACID Properties.,Active Learning Outcomes: 19 min duration. ALO 5.2.2-1: Describe ACID Properties.,U5S2T2-1,ALM,ALO 5.2.2-1: Describe ACID Properties.,19
V2L-DBMS,ALM 5.2.2-2                                   DBST,<b><u>Active Learning Outcomes: 24 min duration.</u></b><br>ALO 5.2.2-2: Recall Concurrent Execution and Concept of Schedules.,Active Learning Outcomes: 24 min duration. ALO 5.2.2-2: Recall Concurrent Execution and Concept of Schedules.,U5S2T2-2,ALM,ALO 5.2.2-2: Recall Concurrent Execution and Concept of Schedules.,24
V2L-DBMS,PSM 5.2.3,"<b><u>Problem Learning Outcomes: 14 min duration.
</u></b><br>PLO1: Describe and classify Schedules based on Serializability.<br>PLO2: Explain Schedules based on Recovery.","Problem Learning Outcomes: 14 min duration.
 PLO1: Describe and classify Schedules based on Serializability. PLO2: Explain Schedules based on Recovery.",U5S2T3,PSM, PLO1: Describe and classify Schedules based on Serializability. PLO2: Explain Schedules based on Recovery.,14
V2L-DBMS,ALM 5.2.3-1                             DBST,<b><u>Active Learning Outcomes: 67 min duration.</u></b><br>ALO 5.2.3-1: Classify Schedules based on Serializability.,Active Learning Outcomes: 67 min duration. ALO 5.2.3-1: Classify Schedules based on Serializability.,U5S2T3-1,ALM,ALO 5.2.3-1: Classify Schedules based on Serializability.,67
V2L-DBMS,ALM 5.2.3-2                             DBST,<b><u>Active Learning Outcomes: 23 min duration.</u></b><br>ALO 5.2.3-2: Recall Schedules based on Recovery.,Active Learning Outcomes: 23 min duration. ALO 5.2.3-2: Recall Schedules based on Recovery.,U5S2T3-2,ALM,ALO 5.2.3-2: Recall Schedules based on Recovery.,23
V2L-DBMS,GPSM 5.3,"<b><u>GATE Learning Outcomes: 8 min duration.
</u></b><br>GLO1: Analyse the given problem and find the Schedule Order.<br>GLO2: Analyse the given problem and determine the Serializability and Deadlock Freedom.","GATE Learning Outcomes: 8 min duration.
 GLO1: Analyse the given problem and find the Schedule Order. GLO2: Analyse the given problem and determine the Serializability and Deadlock Freedom.",U5S3,GPSM, GLO1: Analyse the given problem and find the Schedule Order. GLO2: Analyse the given problem and determine the Serializability and Deadlock Freedom.,8
V2L-DBMS,PSM 5.3.1,"<b><u>Problem Learning Outcomes: 18 min duration.
</u></b><br>PLO1: Discuss the concept of Concurrency Control.<br>PLO2: Explain Locking Techniques for Concurrency Control.","Problem Learning Outcomes: 18 min duration.
 PLO1: Discuss the concept of Concurrency Control. PLO2: Explain Locking Techniques for Concurrency Control.",U5S3T1,PSM, PLO1: Discuss the concept of Concurrency Control. PLO2: Explain Locking Techniques for Concurrency Control.,18
V2L-DBMS,ALM 5.3.1-1                            DBST,<b><u>Active Learning Outcomes: 11 min duration.</u></b><br>ALO 5.3.1-1: Describe the concept of Concurrency Control.,Active Learning Outcomes: 11 min duration. ALO 5.3.1-1: Describe the concept of Concurrency Control.,U5S3T1-1,ALM,ALO 5.3.1-1: Describe the concept of Concurrency Control.,11
V2L-DBMS,ALM 5.3.1-2A                   DBST,<b><u>Active Learning Outcomes: 25 min duration.</u></b><br>ALO 5.3.1-2A: Recall Locking Techniques for Concurrency Control.,Active Learning Outcomes: 25 min duration. ALO 5.3.1-2A: Recall Locking Techniques for Concurrency Control.,U5S3T1-2,ALM,ALO 5.3.1-2A: Recall Locking Techniques for Concurrency Control.,25
V2L-DBMS,ALM 5.3.1-2B DBST,<b><u>Active Learning Outcomes: 40 min duration.</u></b><br>ALO 5.3.1-2B: Recall Locking Techniques for Concurrency Control.,Active Learning Outcomes: 40 min duration. ALO 5.3.1-2B: Recall Locking Techniques for Concurrency Control.,U5S3T1-2,ALM,ALO 5.3.1-2B: Recall Locking Techniques for Concurrency Control.,40
V2L-DBMS,PSM 5.3.2,"<b><u>Problem Learning Outcomes: 14 min duration.
</u></b><br>PLO1: Apply Time-Stamping Protocol for Concurrency Control to solve PYQs.<br>PLO2: Explain Thomas Write Rule for Concurrency Control.","Problem Learning Outcomes: 14 min duration.
 PLO1: Apply Time-Stamping Protocol for Concurrency Control to solve PYQs. PLO2: Explain Thomas Write Rule for Concurrency Control.",U5S3T2,PSM, PLO1: Apply Time-Stamping Protocol for Concurrency Control to solve PYQs. PLO2: Explain Thomas Write Rule for Concurrency Control.,14
V2L-DBMS,ALM 5.3.2-1                              DBST,<b><u>Active Learning Outcomes: 42 min duration.</u></b><br>ALO 5.3.2-1: Describe Time-Stamping Protocol for Concurrency Control.,Active Learning Outcomes: 42 min duration. ALO 5.3.2-1: Describe Time-Stamping Protocol for Concurrency Control.,U5S3T2-1,ALM,ALO 5.3.2-1: Describe Time-Stamping Protocol for Concurrency Control.,42
V2L-DBMS,ALM 5.3.2-2                  DBST,<b><u>Active Learning Outcomes: 12 min duration.</u></b><br>ALO 5.3.2-2: Recall Thomas Write Rule for Concurrency Control.,Active Learning Outcomes: 12 min duration. ALO 5.3.2-2: Recall Thomas Write Rule for Concurrency Control.,U5S3T2-2,ALM,ALO 5.3.2-2: Recall Thomas Write Rule for Concurrency Control.,12
V2L-DBMS,PSM 5.3.3,"<b><u>Problem Learning Outcomes: -- min duration.
</u></b><br>PLO1: Discuss Validation Based Protocol.<br>PLO2: Write short note on Multiple Granularity.<br>PLO3: Explain various Multi-version Schemes.","Problem Learning Outcomes: -- min duration.
 PLO1: Discuss Validation Based Protocol. PLO2: Write short note on Multiple Granularity. PLO3: Explain various Multi-version Schemes.",U5S3T3,PSM, PLO1: Discuss Validation Based Protocol. PLO2: Write short note on Multiple Granularity. PLO3: Explain various Multi-version Schemes.,0
V2L-DBMS,ALM 5.3.3-1                         DBST,<b><u>Active Learning Outcomes: 24 min duration.</u></b><br>ALO 5.3.3-1: Describe Validation Based Protocol.,Active Learning Outcomes: 24 min duration. ALO 5.3.3-1: Describe Validation Based Protocol.,U5S3T3-1,ALM,ALO 5.3.3-1: Describe Validation Based Protocol.,24
V2L-DBMS,ALM 5.3.3-2                                  DBST,<b><u>Active Learning Outcomes: 37 min duration.</u></b><br>ALO 5.3.3-2: Describe Multiple Granularity.,Active Learning Outcomes: 37 min duration. ALO 5.3.3-2: Describe Multiple Granularity.,U5S3T3-2,ALM,ALO 5.3.3-2: Describe Multiple Granularity.,37
V2L-DBMS,GPSM 5.4,"<b><u>GATE Learning Outcomes: 13 min duration.
</u></b><br>GLO1: Analyse the given problem and apply the Log-based recovery.<br>GLO2: Analyse the given problem and apply the concept of Checkpoints and Shadow Paging.","GATE Learning Outcomes: 13 min duration.
 GLO1: Analyse the given problem and apply the Log-based recovery. GLO2: Analyse the given problem and apply the concept of Checkpoints and Shadow Paging.",U5S4,GPSM, GLO1: Analyse the given problem and apply the Log-based recovery. GLO2: Analyse the given problem and apply the concept of Checkpoints and Shadow Paging.,13
V2L-DBMS,PSM 5.4.1,"<b><u>Problem Learning Outcomes: 15 min duration.
</u></b><br>PLO1: Describe Deadlock Handling Mechanisms.<br>PLO2: Explain the concept of Recovery Manager.","Problem Learning Outcomes: 15 min duration.
 PLO1: Describe Deadlock Handling Mechanisms. PLO2: Explain the concept of Recovery Manager.",U5S4T1,PSM, PLO1: Describe Deadlock Handling Mechanisms. PLO2: Explain the concept of Recovery Manager.,15
V2L-DBMS,ALM 5.4.1-1                                   DBST,<b><u>Active Learning Outcomes: 51 min duration.</u></b><br>ALO 5.4.1-1: Recall the concept of Deadlock Handling.,Active Learning Outcomes: 51 min duration. ALO 5.4.1-1: Recall the concept of Deadlock Handling.,U5S4T1-1,ALM,ALO 5.4.1-1: Recall the concept of Deadlock Handling.,51
V2L-DBMS,ALM 5.4.1-2&3                                           DBST,<b><u>Active Learning Outcomes: 15 min duration.</u></b><br>ALO 5.4.1-2: Recall the concept of Recovery from Transaction Failure.<br>ALO 5.4.1-3: Describe various types of Failures.,Active Learning Outcomes: 15 min duration. ALO 5.4.1-2: Recall the concept of Recovery from Transaction Failure. ALO 5.4.1-3: Describe various types of Failures.,U5S4T1-23,ALM,ALO 5.4.1-2: Recall the concept of Recovery from Transaction Failure. ALO 5.4.1-3: Describe various types of Failures.,15
V2L-DBMS,PSM 5.4.2,"<b><u>Problem Learning Outcomes: -- min duration.
</u></b><br>PLO1: Discuss the concept of Log Based Recovery.<br>PLO2: Explain the Shadow paging recovery technique.<br>PLO3: Explain the concept of checkpoints in database recovery.","Problem Learning Outcomes: -- min duration.
 PLO1: Discuss the concept of Log Based Recovery. PLO2: Explain the Shadow paging recovery technique. PLO3: Explain the concept of checkpoints in database recovery.",U5S4T2,PSM, PLO1: Discuss the concept of Log Based Recovery. PLO2: Explain the Shadow paging recovery technique. PLO3: Explain the concept of checkpoints in database recovery.,0
V2L-DBMS,ALM 5.4.2-1                                   DBST,<b><u>Active Learning Outcomes: 34 min duration.</u></b><br>ALO 5.4.2-1: Describe the concept of Log Based Recovery.,Active Learning Outcomes: 34 min duration. ALO 5.4.2-1: Describe the concept of Log Based Recovery.,U5S4T2-1,ALM,ALO 5.4.2-1: Describe the concept of Log Based Recovery.,34
V2L-DBMS,ALM 5.4.2-2                        DBST,<b><u>Active Learning Outcomes: 9 min duration.</u></b><br>ALO 5.4.2-2: Describe the concept of Checkpoints.,Active Learning Outcomes: 9 min duration. ALO 5.4.2-2: Describe the concept of Checkpoints.,U5S4T2-2,ALM,ALO 5.4.2-2: Describe the concept of Checkpoints.,9
V2L-DBMS,ALM 5.4.2-3                  DBST,<b><u>Active Learning Outcomes: 12 min duration.</u></b><br>ALO 5.4.2-3: Recall the concept of Shadow Paging.,Active Learning Outcomes: 12 min duration. ALO 5.4.2-3: Recall the concept of Shadow Paging.,U5S4T2-3,ALM,ALO 5.4.2-3: Recall the concept of Shadow Paging.,12
V2L-DBMS,GPSM 6.1,"<b><u>GATE Learning Outcomes: 22 min duration.
</u></b><br>GLO1: Construct BTree/B+Tree for the given key elements.<br>GLO2: Apply Insertion and Deletion operations on BTree/B+Tree.<br>GLO3: Apply the concepts of Index File Structure.","GATE Learning Outcomes: 22 min duration.
 GLO1: Construct BTree/B+Tree for the given key elements. GLO2: Apply Insertion and Deletion operations on BTree/B+Tree. GLO3: Apply the concepts of Index File Structure.",U6S1,GPSM, GLO1: Construct BTree/B+Tree for the given key elements. GLO2: Apply Insertion and Deletion operations on BTree/B+Tree. GLO3: Apply the concepts of Index File Structure.,22
V2L-DBMS,PSM 6.1.1,"<b><u>Problem Learning Outcomes: 11 min duration.
</u></b><br>PLO1: Explain placing of File records on the Disk.<br>PLO2: Describe File Organization Techniques.","Problem Learning Outcomes: 11 min duration.
 PLO1: Explain placing of File records on the Disk. PLO2: Describe File Organization Techniques.",U6S1T1,PSM, PLO1: Explain placing of File records on the Disk. PLO2: Describe File Organization Techniques.,11
V2L-DBMS,ALM 6.1.1-1                             DBST,<b><u>Active Learning Outcomes: 15 min duration.</u></b><br>ALO 6.1.1-1: Recall the basic concepts of File Organisation.,Active Learning Outcomes: 15 min duration. ALO 6.1.1-1: Recall the basic concepts of File Organisation.,U6S1T1-1,ALM,ALO 6.1.1-1: Recall the basic concepts of File Organisation.,15
V2L-DBMS,ALM 6.1.1-2                                DBST,<b><u>Active Learning Outcomes: 10 min duration.</u></b><br>ALO 6.1.1-2: Recall placing of File records on the Disk.,Active Learning Outcomes: 10 min duration. ALO 6.1.1-2: Recall placing of File records on the Disk.,U6S1T1-2,ALM,ALO 6.1.1-2: Recall placing of File records on the Disk.,10
V2L-DBMS,ALM 6.1.1-3                        DBST,<b><u>Active Learning Outcomes: 13 min duration.</u></b><br>ALO 6.1.1-3: Describe File Organisation Techniques.,Active Learning Outcomes: 13 min duration. ALO 6.1.1-3: Describe File Organisation Techniques.,U6S1T1-3,ALM,ALO 6.1.1-3: Describe File Organisation Techniques.,13
V2L-DBMS,PSM 6.1.2,"<b><u>Problem Learning Outcomes: 9 min duration.
</u></b><br>PLO1: Explain the Structure of Index File.<br>PLO2: Compare Dense Index file and Sparse Index file.","Problem Learning Outcomes: 9 min duration.
 PLO1: Explain the Structure of Index File. PLO2: Compare Dense Index file and Sparse Index file.",U6S1T2,PSM, PLO1: Explain the Structure of Index File. PLO2: Compare Dense Index file and Sparse Index file.,9
V2L-DBMS,ALM 6.1.2-1                               DBST,<b><u>Active Learning Outcomes: 13 min duration.</u></b><br>ALO 6.1.2-1: Explain the Structure of Index File.,Active Learning Outcomes: 13 min duration. ALO 6.1.2-1: Explain the Structure of Index File.,U6S1T2-1,ALM,ALO 6.1.2-1: Explain the Structure of Index File.,13
V2L-DBMS,ALM 6.1.2-2                           DBST,<b><u>Active Learning Outcomes: 22 min duration.</u></b><br>ALO 6.1.2-2: Describe various type of Index File:<br>&nbsp; &nbsp; &nbsp; &nbsp; &nbsp; &nbsp; &nbsp; &nbsp; &nbsp; &nbsp; &nbsp; i. Dense Index<br>&nbsp; &nbsp; &nbsp; &nbsp; &nbsp; &nbsp; &nbsp; &nbsp; &nbsp; &nbsp; &nbsp; ii. Sparse Index,Active Learning Outcomes: 22 min duration. ALO 6.1.2-2: Describe various type of Index File: i. Dense Index ii. Sparse Index,U6S1T2-2,ALM,ALO 6.1.2-2: Describe various type of Index File: i. Dense Index ii. Sparse Index,22
V2L-DBMS,PSM 6.1.3,"<b><u>Problem Learning Outcomes: 15 min duration.
</u></b><br>PLO1: Describe various types of Indices based on File Organization and Search Key Value.<br>PLO2: Differentiate Primary Index, Clustered Index and Secondary Index.","Problem Learning Outcomes: 15 min duration.
 PLO1: Describe various types of Indices based on File Organization and Search Key Value. PLO2: Differentiate Primary Index, Clustered Index and Secondary Index.",U6S1T3,PSM," PLO1: Describe various types of Indices based on File Organization and Search Key Value. PLO2: Differentiate Primary Index, Clustered Index and Secondary Index.",15
V2L-DBMS,ALM 6.1.3-1                    DBST,"<b><u>Active Learning Outcomes: 44 min duration.</u></b><br>ALO 6.1.3-1: Describe various types of Single Level Index:<br>&nbsp; &nbsp; &nbsp; &nbsp; &nbsp; &nbsp; &nbsp; &nbsp; &nbsp; &nbsp; &nbsp;i. Primary Index
<br>&nbsp; &nbsp; &nbsp; &nbsp; &nbsp; &nbsp; &nbsp; &nbsp; &nbsp; &nbsp; &nbsp;ii. Clustered Index<br>&nbsp; &nbsp; &nbsp; &nbsp; &nbsp; &nbsp; &nbsp; &nbsp; &nbsp; &nbsp; &nbsp;iii. Secondary Index","Active Learning Outcomes: 44 min duration. ALO 6.1.3-1: Describe various types of Single Level Index: i. Primary Index
 ii. Clustered Index iii. Secondary Index",U6S1T3-1,ALM,"ALO 6.1.3-1: Describe various types of Single Level Index: i. Primary Index
 ii. Clustered Index iii. Secondary Index",44
V2L-DBMS,ALM 6.1.4-1                                DBST,<b><u>Active Learning Outcomes: 15 min duration.</u></b><br>ALO 6.1.4-1: Recall the Concept of Multilevel Index.,Active Learning Outcomes: 15 min duration. ALO 6.1.4-1: Recall the Concept of Multilevel Index.,U6S1T4-1,ALM,ALO 6.1.4-1: Recall the Concept of Multilevel Index.,15
V2L-DBMS,ALM 6.1.4-2                                DBST,"<b><u>Active Learning Outcomes: 71 min duration.</u></b><br>ALO 6.1.4-2: Describe Dynamic Multilevel Index using the concept of B Tree:
<br>&nbsp; &nbsp; &nbsp; &nbsp; &nbsp; &nbsp; &nbsp; &nbsp; &nbsp; &nbsp; &nbsp; i. Creation of B Tree.<br>&nbsp; &nbsp; &nbsp; &nbsp; &nbsp; &nbsp; &nbsp; &nbsp; &nbsp; &nbsp; &nbsp; ii. Insertion of an element into the B Tree.
<br>&nbsp; &nbsp; &nbsp; &nbsp; &nbsp; &nbsp; &nbsp; &nbsp; &nbsp; &nbsp; &nbsp; iii. Deletion of an element from the B Tree.","Active Learning Outcomes: 71 min duration. ALO 6.1.4-2: Describe Dynamic Multilevel Index using the concept of B Tree:
 i. Creation of B Tree. ii. Insertion of an element into the B Tree.
 iii. Deletion of an element from the B Tree.",U6S1T4-2,ALM,"ALO 6.1.4-2: Describe Dynamic Multilevel Index using the concept of B Tree:
 i. Creation of B Tree. ii. Insertion of an element into the B Tree.
 iii. Deletion of an element from the B Tree.",71
V2L-DBMS,PSM 6.1.5,"<b><u>Problem Learning Outcomes: 22 min duration.
</u></b><br>PLO1: Describe the structure of B Tree with insertion and deletion into B Tree.<br>PLO2: Describe the structure of B+ Tree with insertion and deletion into B+ Tree.<br>PLO3: Differentiate between B Tree and B+ Tree.","Problem Learning Outcomes: 22 min duration.
 PLO1: Describe the structure of B Tree with insertion and deletion into B Tree. PLO2: Describe the structure of B+ Tree with insertion and deletion into B+ Tree. PLO3: Differentiate between B Tree and B+ Tree.",U6S1T5,PSM, PLO1: Describe the structure of B Tree with insertion and deletion into B Tree. PLO2: Describe the structure of B+ Tree with insertion and deletion into B+ Tree. PLO3: Differentiate between B Tree and B+ Tree.,22
V2L-DBMS,ALM 6.1.5-1                      DBST,<b><u>Active Learning Outcomes: 65 min duration.</u></b><br>ALO 6.1.5: Describe Dynamic Multilevel Index using the concept of B+ Tree:<br>&nbsp; &nbsp; &nbsp; &nbsp; &nbsp; &nbsp; &nbsp; &nbsp; &nbsp; i. Creation of B+ Tree<br>&nbsp; &nbsp; &nbsp; &nbsp; &nbsp; &nbsp; &nbsp; &nbsp; &nbsp; ii. Insertion of an element into the B+ Tree<br>&nbsp; &nbsp; &nbsp; &nbsp; &nbsp; &nbsp; &nbsp; &nbsp; &nbsp; iii. Deletion of an element from the B+ Tree.,Active Learning Outcomes: 65 min duration. ALO 6.1.5: Describe Dynamic Multilevel Index using the concept of B+ Tree: i. Creation of B+ Tree ii. Insertion of an element into the B+ Tree iii. Deletion of an element from the B+ Tree.,U6S1T5-1,ALM,ALO 6.1.5: Describe Dynamic Multilevel Index using the concept of B+ Tree: i. Creation of B+ Tree ii. Insertion of an element into the B+ Tree iii. Deletion of an element from the B+ Tree.,65
V2L-DBMS,ALM 6.2.1-1                     DBST,<b><u>Active Learning Outcomes: 17 min duration.</u></b><br>ALO 6.2.1-1: Describe various Security Threats.,Active Learning Outcomes: 17 min duration. ALO 6.2.1-1: Describe various Security Threats.,U6S2T1-1,ALM,ALO 6.2.1-1: Describe various Security Threats.,17
V2L-DBMS,ALM 6.2.1-2                             DBST,<b><u>Active Learning Outcomes: 14 min duration.</u></b><br>ALO 6.2.1-2: Recall Database Security and DBA: Grant and Revoke.,Active Learning Outcomes: 14 min duration. ALO 6.2.1-2: Recall Database Security and DBA: Grant and Revoke.,U6S2T1-2,ALM,ALO 6.2.1-2: Recall Database Security and DBA: Grant and Revoke.,14
V2L-DBMS,PSM 6.2.2,"<b><u>Problem Learning Outcomes: 22 min duration.
</u></b><br>PLO1: Explain the Bell-LaPadula Model for Mandatory Access Control.<br>PLO2: Explain Role based access control.<br>PLO3: Describe the Role of DBA with respect to Security.","Problem Learning Outcomes: 22 min duration.
 PLO1: Explain the Bell-LaPadula Model for Mandatory Access Control. PLO2: Explain Role based access control. PLO3: Describe the Role of DBA with respect to Security.",U6S2T2,PSM, PLO1: Explain the Bell-LaPadula Model for Mandatory Access Control. PLO2: Explain Role based access control. PLO3: Describe the Role of DBA with respect to Security.,22
V2L-DBMS,ALM 6.2.2-1                                 DBST,"<b><u>Active Learning Outcomes: 35 min duration.</u></b><br>ALO 6.2.2-1: Describe the following Access Control Mechanisms:<br>&nbsp; &nbsp; &nbsp; &nbsp; &nbsp; &nbsp; &nbsp; &nbsp; &nbsp; i. Discretionary Access Control<br>&nbsp; &nbsp; &nbsp; &nbsp; &nbsp; &nbsp; &nbsp; &nbsp; &nbsp; ii. Mandatory Access Control: Bell LaPadula Model
<br>&nbsp; &nbsp; &nbsp; &nbsp; &nbsp; &nbsp; &nbsp; &nbsp; &nbsp; iii. Role Based Access Control.","Active Learning Outcomes: 35 min duration. ALO 6.2.2-1: Describe the following Access Control Mechanisms: i. Discretionary Access Control ii. Mandatory Access Control: Bell LaPadula Model
 iii. Role Based Access Control.",U6S2T2-1,ALM,"ALO 6.2.2-1: Describe the following Access Control Mechanisms: i. Discretionary Access Control ii. Mandatory Access Control: Bell LaPadula Model
 iii. Role Based Access Control.",35
V2L-DBMS,PSM 6.2.3,"<b><u>Problem Learning Outcomes: 11 min duration.
</u></b><br>PLO1: Explain the Encryption method of Database Protection.<br>PLO2: Explain the Digital Signature method of Database Protection.<br>PLO3: Differentiate between Public and Private key Encryption.","Problem Learning Outcomes: 11 min duration.
 PLO1: Explain the Encryption method of Database Protection. PLO2: Explain the Digital Signature method of Database Protection. PLO3: Differentiate between Public and Private key Encryption.",U6S2T3,PSM, PLO1: Explain the Encryption method of Database Protection. PLO2: Explain the Digital Signature method of Database Protection. PLO3: Differentiate between Public and Private key Encryption.,11
V2L-DBMS,ALM 6.2.3-1                                                    DBST,<b><u>Active Learning Outcomes: 12 min duration.</u></b><br>ALO 6.2.3-1: Recall methods of Database Protection: Encryption and Digital Signature.,Active Learning Outcomes: 12 min duration. ALO 6.2.3-1: Recall methods of Database Protection: Encryption and Digital Signature.,U6S2T3-1,ALM,ALO 6.2.3-1: Recall methods of Database Protection: Encryption and Digital Signature.,12
